0.01,0,0,0,0,-1.1446474973025063
0.01010420737937741,0,0,0,0,-1.1565723456210015
0.01020950067654649,0,0,0,0,-1.1686213578718352
0.01031589120757197,0,0,0,0,-1.1807958247212416
0.01042339040644033,0,0,0,0,-1.1930970501837301
0.0105320098262886,0,0,0,0,-1.2055263517579842
0.01064176114064607,0,0,0,0,-1.2180850605640845
0.01075265614468878,0,0,0,0,-1.2307745214820400
0.01086470675650722,0,0,0,0,-1.2435960932916745
0.01097792501838718,0,0,0,0,-1.2565511488138479
0.01109232309810396,0,0,0,0,-1.2696410750530394
0.01120791329023006,0,0,0,0,-1.2828672733413005
0.01132470801745647,0,0,0,0,-1.2962311594835787
0.01144271983192782,0,0,0,0,-1.3097341639044451
0.01156196141659133,0,0,0,0,-1.3233777317962050
0.0116824455865599,0,0,0,0,-1.3371633232684337
0.01180418529048936,0,0,0,0,-1.3510924134989224
0.01192719361197008,0,0,0,0,-1.3651664928860590
0.01205148377093312,0,0,0,0,-1.3793870672026569
0.01217706912507096,0,0,0,0,-1.3937556577512240
0.01230396317127308,0,0,0,0,-1.4082738015207026
0.01243217954707653,0,0,0,0,-1.4229430513446828
0.01256173203213156,0,0,0,0,-1.4377649760610975
0.01269263454968253,0,0,0,0,-1.4527411606734060
0.01282490116806428,0,0,0,0,-1.4678732065132885
0.0129585461022141,0,0,0,0,-1.4831627314048563
0.01309358371519941,0,0,0,0,-1.4986113698303769
0.01323002851976138,0,0,0,0,-1.5142207730975361
0.01336789517987465,0,0,0,0,-1.5299926095082523
0.01350719851232332,0,0,0,0,-1.5459285645290353
0.01364795348829328,0,0,0,0,-1.5620303409629115
0.01379017523498127,0,0,0,0,-1.5782996591229257
0.01393387903722053,0,0,0,0,-1.5947382570072179
0.01407908033912359,0,0,0,0,-1.6113478904757044
0.014225794745742,0,0,0,0,-1.6281303334283457
0.01437403802474347,0,0,0,0,-1.6450873779850397
0.01452382610810644,0,0,0,0,-1.6622208346671221
0.01467517509383234,0,0,0,0,-1.6795325325805079
0.01482810124767563,0,0,0,0,-1.6970243196004564
0.01498262100489194,0,0,0,0,-1.7146980625579946
0.01513875097200442,0,0,0,0,-1.7325556474279926
0.01529650792858839,0,0,0,0,-1.7505989795188872
0.01545590882907479,0,0,0,0,-1.7688299836641068
0.0156169708045722,0,0,0,0,-1.7872506044151364
0.015779711164708,0,0,0,0,-1.8058628062363040
0.01594414739948866,0,0,0,0,-1.8246685737012349
0.01611029718117945,0,0,0,0,-1.8436699116910267
0.01627817836620365,0,0,0,0,-1.8628688455941067
0.01644780899706166,0,0,0,0,-1.8822674215078361
0.01661920730427006,0,0,0,0,-1.9018677064418048
0.01679239170832085,0,0,0,0,-1.9216717885228682
0.01696738082166115,0,0,0,0,-1.9416817772019159
0.01714419345069354,0,0,0,0,-1.9618998034623736
0.01732284859779715,0,0,0,0,-1.9823280200304461
0.01750336546336996,0,0,0,0,-2.0029686015871166
0.01768576344789224,0,0,0,0,-2.0238237449818883
0.0178700621540116,0,0,0,0,-2.0448956694482905
0.0180562813886497,0,0,0,0,-2.0661866168211356
0.01824444116513092,0,0,0,0,-2.0876988517555426
0.01843456170533329,0,0,0,0,-2.1094346619477338
0.01862666344186168,0,0,0,0,-2.1313963583575779
0.01882076702024382,0,0,0,0,-2.1535862754329314
0.01901689330114906,0,0,0,0,-2.1760067713357247
0.01921506336263032,0,0,0,0,-2.1986602281698389
0.01941529850238937,0,0,0,0,-2.2215490522107380
0.01961762024006579,0,0,0,0,-2.2446756741368907
0.01982205031954964,0,0,0,0,-2.2680425492629466
0.02002861071131838,0,0,0,0,-2.2916521577746898
0.02023732361479806,0,0,0,0,-2.3155070049657600
0.02044821146074913,0,0,0,0,-2.3396096214761366
0.02066129691367711,0,0,0,0,-2.3639625635323802
0.02087660287426838,0,0,0,0,-2.3885684131896401
0.02109415248185144,0,0,0,0,-2.4134297785754053
0.02131396911688355,0,0,0,0,-2.4385492941349955
0.0215360764034637,0,0,0,0,-2.4639296208788206
0.02176049821187136,0,0,0,0,-2.4895734466313337
0.02198725866113195,0,0,0,0,-2.5154834862817417
0.02221638212160893,0,0,0,0,-2.5416624820364118
0.02244789321762293,0,0,0,0,-2.5681132036729899
0.02268181683009817,0,0,0,0,-2.5948384487962186
0.02291817809923647,0,0,0,0,-2.6218410430954289
0.02315700242721909,0,0,0,0,-2.6491238406037070
0.02339831548093677,0,0,0,0,-2.6766897239587224
0.0236421431947482,0,0,0,0,-2.7045416046651858
0.02388851177326722,0,0,0,0,-2.7326824233589422
0.02413744769417908,0,0,0,0,-2.7611151500726656
0.02438897771108604,0,0,0,0,-2.7898427845031466
0.02464312885638268,0,0,0,0,-2.8188683562801526
0.02489992844416102,0,0,0,0,-2.8481949252368191
0.02515940407314613,0,0,0,0,-2.8778255816815950
0.02542158362966211,0,0,0,0,-2.9077634466716593
0.02568649529062918,0,0,0,0,-2.9380116722878458
0.02595416752659185,0,0,0,0,-2.9685734419109857
0.02622462910477869,0,0,0,0,-2.9994519704996976
0.02649790909219404,0,0,0,0,-3.0306505048695520
0.02677403685874188,0,0,0,0,-3.0621723239736074
0.02705304208038225,0,0,0,0,-3.0940207391842636
0.02733495474232059,0,0,0,0,-3.1261990945764078
0.02761980514223033,0,0,0,0,-3.1587107672118249
0.02790762389350898,0,0,0,0,-3.1915591674248081
0.02819844192856827,0,0,0,0,-3.2247477391089543
0.02849229050215849,0,0,0,0,-3.2582799600050887
0.02878920119472747,0,0,0,0,-3.2921593419902746
0.02908920591581461,0,0,0,0,-3.3263894313678581
0.02939233690748031,0,0,0,0,-3.3609738091585255
0.02969862674777094,0,0,0,0,-3.3959160913922588
0.03000810835422027,0,0,0,0,-3.4312199294012244
0.03032081498738692,0,0,0,0,-3.4668890101134373
0.03063678025442921,0,0,0,0,-3.5029270563472519
0.03095603811271677,0,0,0,0,-3.5393378271065057
0.03127862287348011,0,0,0,0,-3.5761251178763418
0.03160456920549808,0,0,0,0,-3.6132927609195984
0.03193391213882377,0,0,0,0,-3.6508446255736913
0.0322666870685493,0,0,0,0,-3.6887846185479551
0.03260292975860975,0,0,0,0,-3.7271166842213073
0.0329426763456268,0,0,0,0,-3.7658448049402273
0.03328596334279239,0,0,0,0,-3.8049730013168999
0.03363282764379289,0,0,0,0,-3.8445053325274885
0.03398330652677405,0,0,0,0,-3.8844458966104143
0.0343374376583475,0,0,0,0,-3.9247988307645816
0.03469525909763864,0,0,0,0,-3.9655683116474005
0.03505680930037718,0,0,0,0,-4.0067585556725938
0.03542212712302975,0,0,0,0,-4.0483738193075629
0.03579125182697621,0,0,0,0,-4.0904183993703436
0.0361642230827288,0,0,0,0,-4.1328966333259025
0.03654108097419592,0,0,0,0,-4.1758128995817811
0.03692186600298979,0,0,0,0,-4.2191716177828571
0.03730661909277933,0,0,0,0,-4.2629772491051909
0.03769538159368831,0,0,0,0,-4.3072342965487573
0.03808819528673928,0,0,0,0,-4.3519473052289745
0.03848510238834389,0,0,0,0,-4.3971208626668581
0.03888614555483996,0,0,0,0,-4.4427595990776743
0.0392913678870758,0,0,0,0,-4.4888681876579462
0.03970081293504236,0,0,0,0,-4.5354513448706246
0.04011452470255374,0,0,0,0,-4.5825138307283249
0.04053254765197607,0,0,0,0,-4.6300604490743709
0.04095492670900633,0,0,0,0,-4.6780960478615938
0.04138170726750025,0,0,0,0,-4.7266255194285751
0.0418129351943512,0,0,0,0,-4.7756538007732736
0.04224865683441927,0,0,0,0,-4.8251858738237372
0.0426889190155123,0,0,0,0,-4.8752267657057944
0.0431337690534184,0,0,0,0,-4.9257815490074544
0.04358325475699112,0,0,0,0,-4.9768553420398387
0.04403742443328752,0,0,0,0,-5.0284533090944148
0.04449632689275988,0,0,0,0,-5.0805806606963166
0.04496001145450139,0,0,0,0,-5.1332426538535039
0.04542852795154658,0,0,0,0,-5.1864445923015374
0.04590192673622699,0,0,0,0,-5.2401918267437031
0.0463802586855826,0,0,0,0,-5.2944897550862571
0.04686357520682969,0,0,0,0,-5.3493438226684882
0.04735192824288566,0,0,0,0,-5.4047595224873630
0.04784537027795151,0,0,0,0,-5.4607423954164664
0.0483439543431522,0,0,0,0,-5.5172980304188926
0.04884773402223633,0,0,0,0,-5.5744320647538972
0.0493567634573345,0,0,0,0,-5.6321501841768766
0.04987109735477848,0,0,0,0,-5.6904581231324709
0.05039079099098017,-0.1331173768653683,-0.1331173768653683,0,0,-5.7493616649403458
0.05091590021837265,-0.3357186775156907,-0.3357186775156907,0,0,-5.8088666419734611
0.05144648147141248,-0.5383199781660183,-0.5383199781660183,0,0,-5.8689789358283075
0.05198259177264492,-0.7409212788163457,-0.7409212788163457,0,0,-5.9297044774869034
0.05252428873883222,-0.9435225794666663,-0.9435225794666663,0,0,-5.9910492474700954
0.05307163058714583,-1.146123880116993,-1.146123880116993,0,0,-6.0530192759818080
0.05362467614142308,-1.34872518076732,-1.34872518076732,0,0,-6.1156206430438553
0.05418348483848908,-1.551326481417646,-1.551326481417646,0,0,-6.1788594786208924
0.05474811673454454,-1.753927782067972,-1.753927782067972,0,0,-6.2427419627351286
0.05531863251162005,-1.956529082718287,-1.956529082718287,0,0,-6.3072743255703276
0.05589509348409787,-2.159130383368621,-2.159130383368621,0,0,-6.3724628475647034
0.05647756160530116,-2.361731684018939,-2.361731684018939,0,0,-6.4383138594922009
0.05706609947415265,-2.564332984669274,-2.564332984669274,0,0,-6.5048337425318010
0.05766077034190183,-2.766934285319591,-2.766934285319591,0,0,-6.5720289283242019
0.05826163811892308,-2.969535585969928,-2.969535585969928,0,0,-6.6399058990156110
0.05886876738158385,-3.172136886620241,-3.172136886620241,0,0,-6.7084711872879046
0.05948222337918517,-3.374738187270568,-3.374738187270568,0,0,-6.7777313763748488
0.06010207204097383,-3.577339487920894,-3.577339487920894,0,0,-6.8476931000636831
0.06072837998322805,-3.779940788571219,-3.779940788571219,0,0,-6.9183630426816354
0.06136121451641682,-3.982542089221544,-3.982542089221544,0,0,-6.9897479390667394
0.06200064365243391,-4.185143389871871,-4.185143389871871,0,0,-7.0618545745224148
0.06264673611190719,-4.387744690522196,-4.387744690522196,0,0,-7.1346897847551904
0.06329956133158419,-4.590345991172524,-4.590345991172524,0,0,-7.2082604557950001
0.06395918947179459,-4.792947291822849,-4.792947291822849,0,0,-7.2825735238973692
0.06462569142399048,-4.995548592473171,-4.995548592473171,0,0,-7.3576359754269349
0.0652991388183652,-5.1981498931235,-5.1981498931235,0,0,-7.4334548467215695
0.06597960403155152,-5.400751193773814,-5.400751193773814,0,0,-7.5100372239364628
0.06666716019440028,-5.603352494424151,-5.603352494424151,0,0,-7.5873902428675226
0.06736188119983949,-5.805953795074468,-5.805953795074468,0,0,-7.6655210887532617
0.06806384171081629,-6.008555095724805,-6.008555095724805,0,0,-7.7444369960546364
0.06877311716832056,-6.211156396375121,-6.211156396375121,0,0,-7.8241452482118898
0.06948978379949321,-6.413757697025455,-6.413757697025455,0,0,-7.9046531773778295
0.07021391862581798,-6.61635899767577,-6.61635899767577,0,0,-7.9859681641266009
0.0709455994713995,-6.818960298326098,-6.818960298326098,0,0,-8.0680976371373099
0.07168490497132689,-7.021561598976421,-7.021561598976421,0,0,-8.1510490728515670
0.07243191458012495,-7.224162899626748,-7.224162899626748,0,0,-8.2348299951041799
0.07318670858029327,-7.426764200277076,-7.426764200277076,0,0,-8.3194479747261560
0.07394936809093433,-7.629365500927399,-7.629365500927399,0,0,-8.4049106291190867
0.0747199750764715,-7.831966801577726,-7.831966801577726,0,0,-8.4912256218000994
0.07549861235545795,-8.03456810222805,-8.03456810222805,0,0,-8.5784006619164259
0.07628536360947727,-8.237169402878378,-8.237169402878378,0,0,-8.6664435037286562
0.07708031339213688,-8.439770703528694,-8.439770703528694,0,0,-8.7553619460617842
0.07788354713815532,-8.642372004179027,-8.642372004179027,0,0,-8.8451638317230294
0.07869515117254369,-8.844973304829345,-8.844973304829345,0,0,-8.9358570468854506
0.07951521271988372,-9.047574605479678,-9.047574605479678,0,0,-9.0274495204364289
0.08034381991370132,-9.250175906129996,-9.250175906129996,0,0,-9.1199492232898383
0.08118106180593909,-9.452777206780329,-9.452777206780329,0,0,-9.2133641676610925
0.0820270283765263,-9.655378507430646,-9.655378507430646,0,0,-9.3077024063037488
0.08288181054304973,-9.857979808080973,-9.857979808080973,0,0,-9.4029720317068008
0.08374550017052435,-10.0605811087313,-10.0605811087313,0,0,-9.4991811752514490
0.08461819008126642,-10.26318240938162,-10.26318240938162,0,0,-9.5963380063262420
0.08549997406486926,-10.46578371003195,-10.46578371003195,0,0,-9.6944507313995025
0.0863909468882829,-10.66838501068227,-10.66838501068227,0,0,-9.7935275930478092
0.087291204305999,-10.8709863113326,-10.8709863113326,0,0,-9.8935768689394390
0.08820084307034162,-11.07358761198292,-11.07358761198292,0,0,-9.9946068707714861
0.08911996094186547,-11.27618891263325,-11.27618891263325,0,0,-10.0966259431595375
0.09004865669986237,-11.47879021328358,-11.47879021328358,0,0,-10.1996424624786286
0.09098703015297724,-11.68139151393391,-11.68139151393391,0,0,-10.3036648356542120
0.09193518214993471,-11.88399281458422,-11.88399281458422,0,0,-10.4087014989019586
0.09289321459037771,-12.08659411523456,-12.08659411523456,0,0,-10.5147609164150246
0.09386123043581832,-12.28919541588487,-12.28919541588487,0,0,-10.6218515789975161
0.09483933372070395,-12.49179671653521,-12.49179671653521,0,0,-10.7299820026429327
0.09582762956359732,-12.69439801718553,-12.69439801718553,0,0,-10.8391607270560666
0.09682622417847453,-12.89699931783586,-12.89699931783586,0,0,-10.9493963141173278
0.09783522488613933,-13.09960061848618,-13.09960061848618,0,0,-11.0606973462877338
0.09885474012575775,-13.3022019191365,-13.3022019191365,0,0,-11.1730724249536859
0.09988487946651176,-13.50480321978683,-13.50480321978683,0,0,-11.2865301687097137
0.1009257536193751,-13.70740452043715,-13.70740452043715,0,0,-11.4010792115781321
0.1019774744490116,-13.91000582108748,-13.91000582108748,0,0,-11.5167282011640548
0.1030401549857975,-14.1126071217378,-14.1126071217378,0,0,-11.6334857967444307
0.1041139094379687,-14.31520842238813,-14.31520842238813,0,0,-11.7513606672896298
0.1051988532038955,-14.51780972303846,-14.51780972303846,0,0,-11.8703614894163607
0.1062951028844841,-14.72041102368878,-14.72041102368878,0,0,-11.9904969452702002
0.1074027762957085,-14.92301232433911,-14.92301232433911,0,0,-12.1117757203367127
0.108521992481272,-15.12561362498943,-15.12561362498943,0,0,-12.2342065011793526
0.1096528717254008,-15.32821492563976,-15.32821492563976,0,0,-12.3577979731029917
0.1107955355657719,-15.53081622629008,-15.53081622629008,0,0,-12.4825588177417224
0.1119501068065744,-15.7334175269404,-15.7334175269404,0,0,-12.6084977105692602
0.1131167095317079,-15.93601882759073,-15.93601882759073,0,0,-12.7356233183308127
0.1142954691181173,-16.13862012824105,-16.13862012824105,0,0,-12.8639442963948696
0.1154865122492684,-16.34122142889138,-16.34122142889138,0,0,-12.9934692860237533
0.1166899669287618,-16.5438227295417,-16.5438227295417,0,0,-13.1242069115612736
0.11790596249409,-16.74642403019203,-16.74642403019203,0,0,-13.2561657775364043
0.1191346296305381,-16.94902533084235,-16.94902533084235,0,0,-13.3893544656816719
0.1203761003852278,-17.15162663149268,-17.15162663149268,0,0,-13.5237815318646479
0.1216305081813094,-17.35422793214301,-17.35422793214301,0,0,-13.6594555029317402
0.1228979878323011,-17.55682923279333,-17.55682923279333,0,0,-13.7963848734626975
0.1241786755565772,-17.75943053344366,-17.75943053344366,0,0,-13.9345781024347151
0.125472708992008,-17.96203183409398,-17.96203183409398,0,0,-14.0740436097950976
0.1267802272107522,-18.16463313474431,-18.16463313474431,0,0,-14.2147897729411721
0.1281013707342027,-18.36723443539464,-18.36723443539464,0,0,-14.3568249231064620
0.1294362815480892,-18.56983573604496,-18.56983573604496,0,0,-14.5001573416520682
0.1307851031177374,-18.77243703669528,-18.77243703669528,0,0,-14.6447952562623023
0.1321479804034878,-18.9750383373456,-18.9750383373456,0,0,-14.7907468370435531
0.1335250598762743,-19.17763963799593,-19.17763963799593,0,0,-14.9380201925255793
0.1349164895333661,-19.38024093864625,-19.38024093864625,0,0,-15.0866233655643693
0.1363224189142733,-19.58284223929658,-19.58284223929658,0,0,-15.2365643291460167
0.1377429991168179,-19.78544353994691,-19.78544353994691,0,0,-15.3878509820905052
0.1391783828133727,-19.98804484059723,-19.98804484059723,0,0,-15.5404911446553839
0.1406287242672695,-20.19064614124756,-20.19064614124756,0,0,-15.6944925540383498
0.1420941793493776,-20.39324744189789,-20.39324744189789,0,0,-15.8498628597785221
0.1435749055548558,-20.59584874254821,-20.59584874254821,0,0,-16.0066096190561282
0.1450710620200789,-20.79845004319854,-20.79845004319854,0,0,-16.1647402918902827
0.1465828095397399,-21.00105134384886,-21.00105134384886,0,0,-16.3242622362346772
0.1481103105841313,-21.20365264449919,-21.20365264449919,0,0,-16.4851827029713931
0.1496537293166059,-21.40625394514951,-21.40625394514951,0,0,-16.6475088308026216
0.1512132316112199,-21.60885524579984,-21.60885524579984,0,0,-16.8112476410408682
0.1527889850705594,-21.81145654645016,-21.81145654645016,0,0,-16.9764060322976391
0.1543811590437531,-22.01405784710049,-22.01405784710049,0,0,-17.1429907750713681
0.1559899246446727,-22.2166591477508,-22.2166591477508,0,0,-17.3110085062351331
0.1576154547703228,-22.41926044840113,-22.41926044840113,0,0,-17.4804657234248104
0.1592579241194222,-22.62186174905146,-22.62186174905146,0,0,-17.6513687793287630
0.1609175092111793,-22.82446304970179,-22.82446304970179,0,0,-17.8237238758800700
0.162594388404263,-23.02706435035211,-23.02706435035211,0,0,-17.9975370583524885
0.1642887419159711,-23.22966565100244,-23.22966565100244,0,0,-18.1728142093617784
0.1660007518415987,-23.43226695165276,-23.43226695165276,0,0,-18.3495610427736899
0.1677306021740079,-23.63486825230309,-23.63486825230309,0,0,-18.5277830975206008
0.1694784788234028,-23.83746955295341,-23.83746955295341,0,0,-18.7074857313289193
0.1712445696373084,-24.04007085360374,-24.04007085360374,0,0,-18.8886741143589099
0.17302906442076,-24.24267215425407,-24.24267215425407,0,0,-19.0713532227600489
0.1748321549567013,-24.44527345490439,-24.44527345490439,0,0,-19.2555278321438763
0.1766540350265956,-24.64787475555472,-24.64787475555472,0,0,-19.4412025109774582
0.1784949004312523,-24.85047605620504,-24.85047605620504,0,0,-19.6283816139005438
0.1803549490118695,-25.05307735685537,-25.05307735685537,0,0,-19.8170692749694801
0.1822343806712967,-25.25567865750569,-25.25567865750569,0,0,-20.0072694008315999
0.1841333973955189,-25.45827995815601,-25.45827995815601,0,0,-20.1989856638336676
0.1860522032753635,-25.66088125880634,-25.66088125880634,0,0,-20.3922214950683767
0.1879910045284354,-25.86348255945666,-25.86348255945666,0,0,-20.5869800773633962
0.1899500095212789,-26.06608386010699,-26.06608386010699,0,0,-20.7832643382171298
0.1919294287917715,-26.26868516075731,-26.26868516075731,0,0,-20.9810769426861299
0.1939294750717509,-26.47128646140764,-26.47128646140764,0,0,-21.1804202862292748
0.1959503633098773,-26.67388776205797,-26.67388776205797,0,0,-21.3812964875137652
0.1979923106947346,-26.87648906270829,-26.87648906270829,0,0,-21.5837073811888089
0.2000555366781723,-27.07909036335862,-27.07909036335862,0,0,-21.7876545106326809
0.2021402629988896,-27.28169166400894,-27.28169166400894,0,0,-21.9931391206792100
0.2042467137062671,-27.48429296465926,-27.48429296465926,0,0,-22.2001621503304278
0.2063751151844449,-27.68689426530959,-27.68689426530959,0,0,-22.4087242254617394
0.2085256961766531,-27.88949556595992,-27.88949556595992,0,0,-22.6188256515267376
0.210698687809795,-28.09209686661024,-28.09209686661024,0,0,-22.8304664062690250
0.2128943236192868,-28.29469816726057,-28.29469816726057,0,0,-23.0436461324484476
0.215112839574156,-28.49729946791089,-28.49729946791089,0,0,-23.2583641305895732
0.2173544741024015,-28.69990076856121,-28.69990076856121,0,0,-23.4746193517608113
0.2196194681166181,-28.90250206921154,-28.90250206921154,0,0,-23.6924103903921335
0.2219080650398875,-29.10510336986186,-29.10510336986186,0,0,-23.9117354771403896
0.2242205108319393,-29.30770467051219,-29.30770467051219,0,0,-24.1325924718110763
0.2265570540155854,-29.51030597116251,-29.51030597116251,0,0,-24.3549788563457881
0.2289179457034284,-29.71290727181284,-29.71290727181284,0,0,-24.5788917278846810
0.2313034396248499,-29.91550857246317,-29.91550857246317,0,0,-24.8043277919139626
0.2337137921532785,-30.11810987311349,-30.11810987311349,0,0,-25.0312833555080161
0.2361492623337435,-30.32071117376382,-30.32071117376382,0,0,-25.2597543206766915
0.2386101119107143,-30.52331247441414,-30.52331247441414,0,0,-25.4897361778279254
0.2410966053562309,-30.72591377506447,-30.72591377506447,0,0,-25.7212239993565746
0.2436090098983272,-30.9285150757148,-30.9285150757148,0,0,-25.9542124333700883
0.2461475955497502,-31.13111637636512,-31.13111637636512,0,0,-26.1886956975621707
0.2487126351369792,-31.33371767701544,-31.33371767701544,0,0,-26.4246675732456779
0.2513044043295466,-31.53631897766578,-31.53631897766578,0,0,-26.6621213995559891
0.2539231816696648,-31.73892027831609,-31.73892027831609,0,0,-26.9010500678364615
0.2565692486021618,-31.94152157896641,-31.94152157896641,0,0,-27.1414460162175715
0.259242889504728,-32.14412287961675,-32.14412287961675,0,0,-27.3833012244014213
0.2619443917184796,-32.34672418026707,-32.34672418026707,0,0,-27.6266072086635717
0.2646740455788388,-32.54932548091739,-32.54932548091739,0,0,-27.8713550170838644
0.2674321444467376,-32.75192678156771,-32.75192678156771,0,0,-28.1175352250184432
0.2702189847401451,-32.95452808221804,-32.95452808221804,0,0,-28.3651379308246305
0.2730348659659246,-33.15712938286837,-33.15712938286837,0,0,-28.6141527518507033
0.2758800907520217,-33.35973068351869,-33.35973068351869,0,0,-28.8645688207026083
0.2787549648799887,-33.56233198416902,-33.56233198416902,0,0,-29.1163747817991911
0.2816597973178473,-33.76493328481934,-33.76493328481934,0,0,-29.3695587882278346
0.2845949002532939,-33.96753458546967,-33.96753458546967,0,0,-29.6241084989122569
0.287560589127251,-34.17013588611999,-34.17013588611999,0,0,-29.8800110761035533
0.2905571826677685,-34.37273718677032,-34.37273718677032,0,0,-30.1372531832064041
0.2935850029242776,-34.57533848742064,-34.57533848742064,0,0,-30.3958209829509372
0.2966443753022024,-34.77793978807098,-34.77793978807098,0,0,-30.6557001359215100
0.2997356285979316,-34.9805410887213,-34.9805410887213,0,0,-30.9168757994528889
0.3028590950341545,-35.18314238937162,-35.18314238937162,0,0,-31.1793326269040065
0.3060151102955668,-35.38574369002195,-35.38574369002195,0,0,-31.4430547673195981
0.3092040135649458,-35.58834499067227,-35.58834499067227,0,0,-31.7080258654887643
0.3124261475596039,-35.79094629132259,-35.79094629132259,0,0,-31.9742290624102168
0.3156818585682205,-35.99354759197292,-35.99354759197292,0,0,-32.2416469961725412
0.3189714964880589,-36.19614889262324,-36.19614889262324,0,0,-32.5102618032580537
0.3222954148625701,-36.39875019327357,-36.39875019327357,0,0,-32.7800551202778365
0.3256539709193884,-36.60135149392389,-36.60135149392389,0,0,-33.0510080861452238
0.3290475256087241,-36.80395279457422,-36.80395279457422,0,0,-33.3231013446946065
0.3324764436421547,-37.00655409522455,-37.00655409522455,0,0,-33.5963150477514390
0.3359410935318217,-37.20915539587487,-37.20915539587487,0,0,-33.8706288586590460
0.3394418476300349,-37.4117566965252,-37.4117566965252,0,0,-34.1460219562669209
0.3429790821692902,-37.61435799717552,-37.61435799717552,0,0,-34.4224730393847409
0.3465531773027032,-37.81695929782585,-37.81695929782585,0,0,-34.6999603317054905
0.3501645171448662,-38.01956059847618,-38.01956059847618,0,0,-34.9784615872002931
0.3538134898131283,-38.2221618991265,-38.2221618991265,0,0,-35.2579540959869178
0.3575004874693085,-38.42476319977682,-38.42476319977682,0,0,-35.5384146906731431
0.3612259063618408,-38.62736450042714,-38.62736450042714,0,0,-35.8198197531749898
0.3649901468683605,-38.82996580107747,-38.82996580107747,0,0,-36.1021452220098027
0.3687936135387333,-39.03256710172779,-39.03256710172779,0,0,-36.3853666000622766
0.372636715138533,-39.23516840237812,-39.23516840237812,0,0,-36.6694589628216079
0.3765198646929723,-39.43776970302844,-39.43776970302844,0,0,-36.9543969670864456
0.3804434795312914,-39.64037100367877,-39.64037100367877,0,0,-37.2401548601336785
0.3844079813316094,-39.8429723043291,-39.8429723043291,0,0,-37.5267064893463456
0.3884137961662421,-40.04557360497942,-40.04557360497942,0,0,-37.8140253122945467
0.3924613545474936,-40.24817490562975,-40.24817490562975,0,0,-38.1020844072630496
0.3965510914739239,-40.45077620628008,-40.45077620628008,0,0,-38.3908564842177000
0.4006834464770989,-40.6533775069304,-40.6533775069304,0,0,-38.6803138962022999
0.4048588636688276,-40.85597880758073,-40.85597880758073,0,0,-38.9704286511564817
0.409077791788892,-41.05858010823106,-41.05858010823106,0,0,-39.2611724241444122
0.4133406842532738,-41.26118140888138,-41.26118140888138,0,0,-39.5525165699829486
0.4176479992028838,-41.46378270953171,-41.46378270953171,0,0,-39.8444321362574669
0.4220001995527986,-41.66638401018202,-41.66638401018202,0,0,-40.1368898767122531
0.4263977530420127,-41.86898531083234,-41.86898531083234,0,0,-40.4298602650020626
0.4308411322837051,-42.07158661148267,-42.07158661148267,0,0,-40.7233135087898859
0.4353308148160333,-42.27418791213299,-42.27418791213299,0,0,-41.0172195641760879
0.4398672831534544,-42.47678921278332,-42.47678921278332,0,0,-41.3115481504425546
0.4444510248385826,-42.67939051343365,-42.67939051343365,0,0,-41.6062687650952370
0.4490825324945859,-42.88199181408397,-42.88199181408397,0,0,-41.9013506991875957
0.453762303878129,-43.0845931147343,-43.0845931147343,0,0,-42.1967630529067321
0.4584908419328686,-43.28719441538463,-43.28719441538463,0,0,-42.4924747514036483
0.4632686548435053,-43.48979571603495,-43.48979571603495,0,0,-42.7884545608481659
0.4680962560903992,-43.69239701668528,-43.69239701668528,0,0,-43.0846711046887521
0.472974164504755,-43.89499831733561,-43.89499831733561,0,0,-43.3810928800969720
0.477902904324381,-44.09759961798594,-44.09759961798594,0,0,-43.6776882745755159
0.4828830052500307,-44.30020091863626,-44.30020091863626,0,0,-43.9744255827091166
0.4879150025023301,-44.50280221928658,-44.50280221928658,0,0,-44.2712730230363505
0.4929994368792988,-44.70540351993689,-44.70540351993689,0,0,-44.5681987550207879
0.4981368548144719,-44.90800482058722,-44.90800482058722,0,0,-44.8651708960995421
0.5033278084356241,-45.11060612123755,-45.11060612123755,0,0,-45.1621575387865519
0.5085728556241091,-45.31320742188788,-45.31320742188788,0,0,-45.4591267678088045
0.5138725600748166,-45.5158087225382,-45.5158087225382,0,0,-45.7560466772526624
0.5192274913567523,-45.71841002318853,-45.71841002318853,0,0,-46.0528853876977422
0.5246382249742517,-45.92101132383885,-45.92101132383885,0,0,-46.3496110633164378
0.53010534242883,-46.12361262448918,-46.12361262448918,0,0,-46.6461919289161315
0.5356294312816773,-46.32621392513951,-46.32621392513951,0,0,-46.9425962869020736
0.5412110852168048,-46.52881522578983,-46.52881522578983,0,0,-47.2387925341392645
0.5468509041048496,-46.73141652644016,-46.73141652644016,0,0,-47.5347491786909089
0.5525494940675429,-46.93401782709049,-46.93401782709049,0,0,-47.8304348564125164
0.5583074675428522,-47.13661912774081,-47.13661912774081,0,0,-48.1258183473801608
0.5641254433508001,-47.33922042839112,-47.33922042839112,0,0,-48.4208685921324644
0.5700040467599707,-47.54182172904146,-47.54182172904146,0,0,-48.7155547077057278
0.5759439095547083,-47.74442302969179,-47.74442302969179,0,0,-49.0098460034425401
0.5819456701030159,-47.94702433034211,-47.94702433034211,0,0,-49.3037119965547390
0.5880099734251621,-48.14962563099243,-48.14962563099243,0,0,-49.5971224274217661
0.5941374712630039,-48.35222693164275,-48.35222693164275,0,0,-49.8900472746066725
0.6003288221500277,-48.55482823229308,-48.55482823229308,0,0,-50.1824567695719495
0.6065846914821259,-48.75742953294341,-48.75742953294341,0,0,-50.4743214110790959
0.6129057515891065,-48.96003083359373,-48.96003083359373,0,0,-50.7656119792552332
0.6192926818069509,-49.16263213424406,-49.16263213424406,0,0,-51.0562995493121790
0.6257461685508219,-49.36523343489439,-49.36523343489439,0,0,-51.3463555049030376
0.6322669053888355,-49.56783473554471,-49.56783473554471,0,0,-51.6357515511030769
0.638855593116599,-49.77043603619504,-49.77043603619504,0,0,-51.9244597270017749
0.6455129398325272,-49.97303733684536,-49.97303733684536,0,0,-52.2124524178942835
0.6522396610139427,-50.17563863749569,-50.17563863749569,0,0,-52.4997023670611895
0.65903647959397,-50.37823993814601,-50.37823993814601,0,0,-52.7861826871262849
0.6659041260392302,-50.58084123879634,-50.58084123879634,0,0,-53.0718668709831789
0.6728433384283454,-50.78344253944666,-50.78344253944666,0,0,-53.3567288022821771
0.679854862531262,-50.98604384009699,-50.98604384009699,0,0,-53.6407427654700939
0.6869394518893989,-51.1886451407473,-51.1886451407473,0,0,-53.9238834553761492
0.6940978678966337,-51.39124644139763,-51.39124644139763,0,0,-54.2061259863385914
0.7013308798811293,-51.59384774204796,-51.59384774204796,0,0,-54.4874459008669092
0.7086392651880159,-51.79644904269828,-51.79644904269828,0,0,-54.7678191778358325
0.7160238092629335,-51.99905034334861,-51.99905034334861,0,0,-55.0472222402082423
0.7234853057364455,-52.20165164399894,-52.20165164399894,0,0,-55.3256319622846675
0.7310245565093315,-52.40425294464925,-52.40425294464925,0,0,-55.6030256764781541
0.7386423718387686,-52.60685424529959,-52.60685424529959,0,0,-55.8793811796139508
0.7463395704254118,-52.8094555459499,-52.8094555459499,0,0,-56.1546767387546808
0.7541169795013812,-53.01205684660024,-53.01205684660024,0,0,-56.4288910965517729
0.7619754349191659,-53.21465814725056,-53.21465814725056,0,0,-56.7020034761255403
0.7699157812414548,-53.41725944790089,-53.41725944790089,0,0,-56.9739935854763075
0.777938871831903,-53.61986074855121,-53.61986074855121,0,0,-57.2448416214303464
0.7860455689468452,-53.82246204920154,-53.82246204920154,0,0,-57.5145282731245260
0.7942367438279627,-54.02506334985187,-54.02506334985187,0,0,-57.7830347250348098
0.8025132767959187,-54.22766465050218,-54.22766465050218,0,0,-58.0503426595539196
0.8108760573449667,-54.43026595115252,-54.43026595115252,0,0,-58.3164342591244420
0.8193259842385469,-54.63286725180284,-54.63286725180284,0,0,-58.5812922079340055
0.8278639656058785,-54.83546855245316,-54.83546855245316,0,0,-58.8448996931800608
0.8364909190395563,-55.03806985310349,-55.03806985310349,0,0,-59.1072404059116536
0.8452077716941677,-55.24067115375381,-55.24067115375381,0,0,-59.3682985414571149
0.8540154603859346,-55.44327245440412,-55.44327245440412,0,0,-59.6280587994458884
0.8629149316933956,-55.64587375505446,-55.64587375505446,0,0,-59.8865063834342024
0.8719071420591362,-55.84847505570479,-55.84847505570479,0,0,-60.1436270001437734
0.8809930578925792,-56.05107635635511,-56.05107635635511,0,0,-60.3994068583239638
0.8901736556738468,-56.25367765700544,-56.25367765700544,0,0,-60.6538326672473644
0.8994499220587049,-56.45627895765577,-56.45627895765577,0,0,-60.9068916348496430
0.9088228539846002,-56.65888025830609,-56.65888025830609,0,0,-61.1585714655243748
0.9182934587778036,-56.86148155895642,-56.86148155895642,0,0,-61.4088603575842242
0.9278627542616688,-57.06408285960674,-57.06408285960674,0,0,-61.6577470003995103
0.9375317688660202,-57.26668416025707,-57.26668416025707,0,0,-61.9052205712259251
0.9473015417376798,-57.46928546090739,-57.46928546090739,0,0,-62.1512707317328221
0.9571731228521456,-57.67188676155771,-57.67188676155771,0,0,-62.3958876242440112
0.967147573126437,-57.87448806220804,-57.87448806220804,0,0,-62.6390618677029067
0.9772259645331097,-58.07708936285836,-58.07708936285836,0,0,-62.8807845533736156
0.9874093802154654,-58.27969066350867,-58.27969066350867,0,0,-63.1210472402904301
0.9976989146039581,-58.48229196415901,-58.48229196415901,0,0,-63.3598419504672137
1.008095673533815,-58.68489326480935,-58.68489326480935,0,0,-63.5971611638786882
1.018600774363881,-58.88749456545966,-58.88749456545966,0,0,-63.8329978132258304
1.029215346096708,-59.09009586610999,-59.09009586610999,0,0,-64.0673452784967026
1.039940529499882,-59.29269716676032,-59.29269716676032,0,0,-64.3001973813346694
1.050777477228636,-59.49529846741063,-59.49529846741063,0,0,-64.5315483792259244
1.061727353949716,-59.69789976806097,-59.69789976806097,0,0,-64.7613929595170390
1.072791336466557,-59.90050106871127,-59.90050106871127,0,0,-64.9897262332747800
1.083970613845754,-60.10310236936162,-60.10310236936162,0,0,-65.2165437289988006
1.095266387544853,-60.30570367001192,-60.30570367001192,0,0,-65.4418413861984050
1.106679871541474,-60.50830497066226,-60.50830497066226,0,0,-65.6656155488442153
1.11821229246378,-60.71090627131259,-60.71090627131259,0,0,-65.8878629587053837
1.129864889722306,-60.91350757196292,-60.91350757196292,0,0,-66.1085807485826678
1.141638915643157,-61.11610887261324,-61.11610887261324,0,0,-66.3277664354477281
1.153535635602601,-61.31871017326358,-61.31871017326358,0,0,-66.5454179134982269
1.165556328163061,-61.52131147391388,-61.52131147391388,0,0,-66.7615334471390867
1.177702285210525,-61.72391277456423,-61.72391277456423,0,0,-66.9761116638985214
1.189974812093382,-61.92651407521454,-61.92651407521454,0,0,-67.1891515472886880
1.20237522776272,-62.12911537586488,-62.12911537586488,0,0,-67.4006524296196545
1.214904864914066,-62.33171667651519,-62.33171667651519,0,0,-67.6106139847751848
1.227565070130623,-62.53431797716553,-62.53431797716553,0,0,-67.8190362209590489
1.240357204027978,-62.73691927781584,-62.73691927781584,0,0,-68.0259194734194068
1.253282641400342,-62.93952057846616,-62.93952057846616,0,0,-68.2312643971599044
1.266342771368296,-63.14212187911649,-63.14212187911649,0,0,-68.4350719596441337
1.279538997528077,-63.34472317976681,-63.34472317976681,0,0,-68.6373434335012291
1.292872738102437,-63.54732448041715,-63.54732448041715,0,0,-68.8380803892395221
1.306345426093052,-63.74992578106745,-63.74992578106745,0,0,-69.0372846879746618
1.319958509434535,-63.9525270817178,-63.9525270817178,0,0,-69.2349584741789101
1.333713451150042,-64.15512838236812,-64.15512838236812,0,0,-69.4311041684574519
1.347611729508518,-64.35772968301845,-64.35772968301845,0,0,-69.6257244603579437
1.361654838183551,-64.56033098366876,-64.56033098366876,0,0,-69.8188223012181055
1.37584428641392,-64.76293228431909,-64.76293228431909,0,0,-70.0104008970576075
1.390181599165777,-64.96553358496942,-64.96553358496942,0,0,-70.2004637015185011
1.404668317296554,-65.16813488561975,-65.16813488561975,0,0,-70.3890144088592820
1.419305997720548,-65.37073618627007,-65.37073618627007,0,0,-70.5760569470069044
1.434096213576259,-65.57333748692041,-65.57333748692041,0,0,-70.7615954706713239
1.449040554395443,-65.77593878757072,-65.77593878757072,0,0,-70.9456343545258505
1.464140626273956,-65.97854008822104,-65.97854008822104,0,0,-71.1281781864578164
1.479398052044357,-66.18114138887137,-66.18114138887137,0,0,-71.3092317608926010
1.494814471450315,-66.38374268952168,-66.38374268952168,0,0,-71.4888000721940955
1.510391541322843,-66.58634399017203,-66.58634399017203,0,0,-71.6668883081453600
1.526130935758348,-66.78894529082234,-66.78894529082234,0,0,-71.8435018435112056
1.542034346298566,-66.99154659147267,-66.99154659147267,0,0,-72.0186462336863400
1.558103482112338,-67.194147892123,-67.194147892123,0,0,-72.1923272084306689
1.574340070179313,-67.39674919277331,-67.39674919277331,0,0,-72.3645506656942814
1.590745855475536,-67.59935049342364,-67.59935049342364,0,0,-72.5353226655339824
1.607322601160995,-67.80195179407399,-67.80195179407399,0,0,-72.7046494241232182
1.624072088769101,-68.0045530947243,-68.0045530947243,0,0,-72.8725373078567884
1.640996118398164,-68.20715439537463,-68.20715439537463,0,0,-73.0389928275520504
1.658096508904841,-68.40975569602494,-68.40975569602494,0,0,-73.2040226327475239
1.675375098099622,-68.61235699667527,-68.61235699667527,0,0,-73.3676335061002476
1.692833742944335,-68.8149582973256,-68.8149582973256,0,0,-73.5298323578825830
1.710474319751722,-69.01755959797592,-69.01755959797592,0,0,-73.6906262205793894
1.728298724387091,-69.22016089862625,-69.22016089862625,0,0,-73.8500222435860820
1.74630887247206,-69.42276219927656,-69.42276219927656,0,0,-74.0080276880080277
1.764506699590445,-69.62536349992691,-69.62536349992691,0,0,-74.1646499215618036
1.782894161496264,-69.82796480057722,-69.82796480057722,0,0,-74.3198964135781353
1.801473234323946,-70.03056610122755,-70.03056610122755,0,0,-74.4737747301072091
1.82024591480069,-70.23316740187786,-70.23316740187786,0,0,-74.6262925291256636
1.839214220461072,-70.43576870252819,-70.43576870252819,0,0,-74.7774575558456291
1.858380189863862,-70.63837000317852,-70.63837000317852,0,0,-74.9272776381253607
1.877745882811124,-70.84097130382885,-70.84097130382885,0,0,-75.0757606819811940
1.89731338056957,-71.04357260447917,-71.04357260447917,0,0,-75.2229146672002287
1.917084786094256,-71.2461739051295,-71.2461739051295,0,0,-75.3687476430536236
1.937062224254573,-71.44877520577981,-71.44877520577981,0,0,-75.5132677241093120
1.957247842062629,-71.65137650643015,-71.65137650643015,0,0,-75.6564830861441635
1.977643808903972,-71.85397780708047,-71.85397780708047,0,0,-75.7984019621541023
1.998252316770757,-72.05657910773081,-72.05657910773081,0,0,-75.9390326384620380
2.019075580497308,-72.25918040838111,-72.25918040838111,0,0,-76.0783834509222743
2.040115837998161,-72.46178170903144,-72.46178170903144,0,0,-76.2164627812205993
2.061375350508576,-72.66438300968177,-72.66438300968177,0,0,-76.3532790532692474
2.082856402827544,-72.8669843103321,-72.8669843103321,0,0,-76.4888407296952835
2.104561303563357,-73.06958561098243,-73.06958561098243,0,0,-76.6231563084216987
2.1264923853817,-73.27218691163274,-73.27218691163274,0,0,-76.7562343193399528
2.148652005256365,-73.47478821228309,-73.47478821228309,0,0,-76.8880833210727417
2.171042544722543,-73.6773895129334,-73.6773895129334,0,0,-77.0187118978257672
2.193666410132784,-73.87999081358373,-73.87999081358373,0,0,-77.1481286563274864
2.216526032915601,-74.08259211423405,-74.08259211423405,0,0,-77.2763422228551917
2.239623869836796,-74.28519341488438,-74.28519341488438,0,0,-77.4033612403466122
2.262962403263474,-74.48779471553469,-74.48779471553469,0,0,-77.5291943655952309
2.286544141430844,-74.69039601618502,-74.69039601618502,0,0,-77.6538502665282095
2.310371618711771,-74.89299731683533,-74.89299731683533,0,0,-77.7773376195658130
2.334447395889162,-75.09559861748568,-75.09559861748568,0,0,-77.8996651070604571
2.358774060431164,-75.29819991813599,-75.29819991813599,0,0,-78.0208414148143135
2.383354226769259,-75.50080121878634,-75.50080121878634,0,0,-78.1408752296741369
2.408190536579228,-75.70340251943665,-75.70340251943665,0,0,-78.2597752372016089
2.433285659065066,-75.90600382008697,-75.90600382008697,0,0,-78.3775501194182738
2.458642291245848,-76.10860512073731,-76.10860512073731,0,0,-78.4942085526230358
2.484263158245567,-76.31120642138761,-76.31120642138761,0,0,-78.6097592052813354
2.51015101358603,-76.51380772203795,-76.51380772203795,0,0,-78.7242107359845278
2.536308639482764,-76.71640902268827,-76.71640902268827,0,0,-78.8375717914775578
2.562738847144043,-76.91901032333861,-76.91901032333861,0,0,-78.9498510047543078
2.589444477072998,-77.12161162398891,-77.12161162398891,0,0,-79.0610569932185570
2.616428399372908,-77.32421292463926,-77.32421292463926,0,0,-79.1711983569094713
2.643693514055635,-77.52681422528957,-77.52681422528957,0,0,-79.2802836767901766
2.671242751353316,-77.72941552593991,-77.72941552593991,0,0,-79.3883215130981341
2.699079072033257,-77.93201682659021,-77.93201682659021,0,0,-79.4953204037556560
2.727205467716158,-78.13461812724056,-78.13461812724056,0,0,-79.6012888628395956
2.755624961197602,-78.33721942789087,-78.33721942789087,0,0,-79.7062353791084774
2.784340606772941,-78.53982072854122,-78.53982072854122,0,0,-79.8101684145862009
2.813355490565531,-78.74242202919152,-78.74242202919152,0,0,-79.9130964032003419
2.842672730858418,-78.94502332984183,-78.94502332984183,0,0,-80.0150277494744699
2.872295478429457,-79.14762463049219,-79.14762463049219,0,0,-80.1159708272726760
2.902226916889927,-79.35022593114249,-79.35022593114249,0,0,-80.2159339785952170
2.932470263026697,-79.55282723179282,-79.55282723179282,0,0,-80.3149255124240113
2.963028767147915,-79.75542853244315,-79.75542853244315,0,0,-80.4129537036167363
2.993905713432353,-79.95802983309348,-79.95802983309348,0,0,-80.5100267918483752
3.025104420282335,-80.16063113374379,-80.16063113374379,0,0,-80.6061529805987504
3.056628240680401,-80.36323243439413,-80.36323243439413,0,0,-80.7013404361851912
3.088480562549628,-80.56583373504445,-80.56583373504445,0,0,-80.7955972868389267
3.120664809117766,-80.76843503569479,-80.76843503569479,0,0,-80.8889316218242129
3.153184439285111,-80.97103633634511,-80.97103633634511,0,0,-80.9813514905987972
3.186042947996266,-81.17363763699544,-81.17363763699544,0,0,-81.0728649020149135
3.219243866615721,-81.37623893764575,-81.37623893764575,0,0,-81.1634798235595838
3.252790763307405,-81.5788402382961,-81.5788402382961,0,0,-81.2532041806330625
3.286687243418134,-81.7814415389464,-81.7814415389464,0,0,-81.3420458558644697
3.320936949865109,-81.98404283959673,-81.98404283959673,0,0,-81.4300126884635347
3.355543563527416,-82.18664414024705,-82.18664414024705,0,0,-81.5171124736074972
3.390510803641607,-82.38924544089737,-82.38924544089737,0,0,-81.6033529618620150
3.425842428201438,-82.5918467415477,-82.5918467415477,0,0,-81.6887418586351970
3.461542234361717,-82.79444804219803,-82.79444804219803,0,0,-81.7732868236638950
3.497614058846425,-82.99704934284836,-82.99704934284836,0,0,-81.8569954705311318
3.53406177836102,-83.19965064349867,-83.19965064349867,0,0,-81.9398753662137693
3.570889310009109,-83.402251944149,-83.402251944149,0,0,-82.0219340306596791
3.608100611713393,-83.60485324479933,-83.60485324479933,0,0,-82.1031789363932774
3.645699682641063,-83.80745454544966,-83.80745454544966,0,0,-82.1836175081488705
3.68369056363357,-84.01005584609999,-84.01005584609999,0,0,-82.2632571225305327
3.722077337640926,-84.21265714675032,-84.21265714675032,0,0,-82.3421051076982877
3.760864130160485,-84.41525844740063,-84.41525844740063,0,0,-82.4201687430790173
3.800055109680339,-84.61785974805098,-84.61785974805098,0,0,-82.4974552591021109
3.83965448812729,-84.82046104870129,-84.82046104870129,0,0,-82.5739718369585347
3.879666521319538,-85.02306234935162,-85.02306234935162,0,0,-82.6497256083825960
3.920095509424034,-85.22566365000193,-85.22566365000193,0,0,-82.7247236554560459
3.960945797418655,-85.42826495065225,-85.42826495065225,0,0,-82.7989730104333859
4.002221775559153,-85.63086625130259,-85.63086625130259,0,0,-82.8724806555879070
4.043927879850973,-85.83346755195291,-85.83346755195291,0,0,-82.9452535230775965
4.086068592526026,-86.03606885260322,-86.03606885260322,0,0,-83.0172984948305555
4.128648442524373,-86.23867015325355,-86.23867015325355,0,0,-83.0886224024487774
4.171672005980984,-86.44127145390389,-86.44127145390389,0,0,-83.1592320271303151
4.21514390671752,-86.64387275455421,-86.64387275455421,0,0,-83.2291340996084870
4.25906881673929,-86.84647405520454,-86.84647405520454,0,0,-83.2983353001080218
4.303451456737333,-87.04907535585485,-87.04907535585485,0,0,-83.3668422583175186
4.348296596595785,-87.25167665650518,-87.25167665650518,0,0,-83.4346615533772678
4.393609055904479,-87.45427795715551,-87.45427795715551,0,0,-83.5017997138823631
4.439393704476947,-87.65687925780584,-87.65687925780584,0,0,-83.5682632179002667
4.485655462873756,-87.85948055845616,-87.85948055845616,0,0,-83.6340584930022573
4.532399302931363,-88.0620818591065,-88.0620818591065,0,0,-83.6991919163084930
4.579630248296407,-88.2646831597568,-88.2646831597568,0,0,-83.7636698145459775
4.627353374965659,-88.46728446040714,-88.46728446040714,0,0,-83.8274984641189889
4.675573811831494,-88.66988576105746,-88.66988576105746,0,0,-83.8906840911915168
4.724296741233153,-88.87248706170779,-88.87248706170779,0,0,-83.9532328717812959
4.77352739951367,-89.07508836235812,-89.07508836235812,0,0,-84.0151509318648095
4.823271077582625,-89.27768966300842,-89.27768966300842,0,0,-84.0764443474930800
4.873533121484802,-89.48029096365876,-89.48029096365876,0,0,-84.1371191449175484
4.924318932974693,-89.68289226430909,-89.68289226430909,0,0,-84.1971813007258731
4.975633970097081,-89.8854935649594,-89.8854935649594,0,0,-84.2566367419870943
5.027483747773583,-90,-90,0,0,-84.3154913464057643
5.079873838395385,-90,-90,0,0,-84.3737509424848469
5.132809872422087,-90,-90,0,0,-84.4314213096967450
5.18629753898685,-90,-90,0,0,-84.4885081786623005
5.240342586507781,-90,-90,0,0,-84.5450172313373827
5.294950823305765,-90,-90,0,0,-84.6009541012067388
5.350128118228658,-90,-90,0,0,-84.6563243734845372
5.405880401282061,-90,-90,0,0,-84.7111335853218321
5.462213664266588,-90,-90,0,0,-84.7653872260199392
5.519133961421855,-90,-90,0,0,-84.8190907372501357
5.576647410077121,-90,-90,0,0,-84.8722495132788026
5.634760191308715,-90,-90,0,0,-84.9248689011980389
5.69347855060436,-90,-90,0,0,-84.9769542011614618
5.752808798534355,-90,-90,0,0,-85.0285106666248680
5.812757311429815,-90,-90,0,0,-85.0795435045914559
5.87333053206791,-90,-90,0,0,-85.1300578758614535
5.934534970364326,-90,-90,0,0,-85.1800588952859670
5.996377204072849,-90,-90,0,0,-85.2295516320245241
6.058863879492339,-90,-90,0,0,-85.2785411098064969
6.12200171218097,-90,-90,0,0,-85.3270323071958217
6.185797487678013,-90,-90,0,0,-85.3750301578591717
6.250258062233039,-90,-90,0,0,-85.4225395508369019
6.315390363542825,-90,-90,0,0,-85.4695653308170762
6.381201391495837,-90,-90,0,0,-85.5161122984120254
6.447698218924559,-90,-90,0,0,-85.5621852104374483
6.514887992365615,-90,-90,0,0,-85.6077887801937578
6.582777932827789,-90,-90,0,0,-85.6529276777495170
6.651375336568136,-90,-90,0,0,-85.6976065302269916
6.720687575876062,-90,-90,0,0,-85.7418299220893374
6.790722099865702,-90,-90,0,0,-85.7856023954294500
6.861486435276425,-90,-90,0,0,-85.8289284502604488
6.932988187281809,-90,-90,0,0,-85.8718125448072840
7.005235040306923,-90,-90,0,0,-85.9142590957997783
7.078234758854245,-90,-90,0,0,-85.9562724787666212
7.151995188338072,-90,-90,0,0,-85.9978570283302588
7.226524255927731,-90,-90,0,0,-86.0390170385028199
7.301829971399479,-90,-90,0,0,-86.0797567629823845
7.377920427997378,-90,-90,0,0,-86.1200804154503032
7.454803803303042,-90,-90,0,0,-86.1599921698685733
7.532488360114542,-90,-90,0,0,-86.1994961607777412
7.610982447334376,-90,-90,0,0,-86.2385964835951455
7.69029450086679,-90,-90,0,0,-86.2772971949132312
7.770433044524377,-90,-90,0,0,-86.3156023127978784
7.851406690944124,-90,-90,0,0,-86.3535158170868442
7.933224142513083,-90,-90,0,0,-86.3910416496878923
8.015894192303568,-90,-90,0,0,-86.4281837148770222
8.099425725018227,-90,-90,0,0,-86.4649458795960584
8.183827717944837,-90,-90,0,0,-86.5013319737501263
8.269109241921164,-90,-90,0,0,-86.5373457905046308
8.355279462309772,-90,-90,0,0,-86.5729910865816521
8.442347639983096,-90,-90,0,0,-86.6082715825558012
8.530323132318662,-90,-90,0,0,-86.6431909631495643
8.61921539420481,-90,-90,0,0,-86.6777528775276522
8.709033979056755,-90,-90,0,0,-86.7119609395908100
8.799788539843393,-90,-90,0,0,-86.7458187282687589
8.891488830124633,-90,-90,0,0,-86.7793297878121166
8.984144705099716,-90,-90,0,0,-86.8124976280835341
9.077766122666299,-90,-90,0,0,-86.8453257248477399
9.172363144490703,-90,-90,0,0,-86.8778175200606313
9.267945937089239,-90,-90,0,0,-86.9099764221571718
9.364524772920793,-90,-90,0,0,-86.9418058063381807
9.462110031490889,-90,-90,0,0,-86.9733090148559995
9.560712200467121,-90,-90,0,0,-87.0044893572989508
9.660341876806356,-90,-90,0,0,-87.0353501108744325
9.761009767893535,-90,-90,0,0,-87.0658945206907902
9.862726692692489,-90,-90,0,0,-87.0961258000378677
9.965503582908596,-90,-90,0,0,-87.1260471306662367
10.06935148416371,-90,-90,0,0,-87.1556616630649046
10.17428155718318,-90,-90,0,0,-87.1849725167377159
10.28030507899538,-90,-90,0,0,-87.2139827804782186
10.38743344414361,-90,-90,0,0,-87.2426955126432091
10.49567816591077,-90,-90,0,0,-87.2711137414245002
10.60505087755659,-90,-90,0,0,-87.2992404651194818
10.71556333356801,-90,-90,0,0,-87.3270786523998623
10.82722741092239,-90,-90,0,0,-87.3546312425790461
10.94005511036394,-90,-90,0,0,-87.3819011458777624
11.05405855769349,-90,-90,0,0,-87.4088912436881458
11.16925000507165,-90,-90,0,0,-87.4356043888362535
11.28564183233562,-90,-90,0,0,-87.4620434058428913
11.40324654832959,-90,-90,0,0,-87.4882110911827198
11.52207679224919,-90,-90,0,0,-87.5141102135417697
11.64214533499974,-90,-90,0,0,-87.5397435140733222
11.76346508056887,-90,-90,0,0,-87.5651137066519283
11.88604906741324,-90,-90,0,0,-87.5902234781258784
12.00991046985989,-90,-90,0,0,-87.6150754885679106
12.13506259952202,-90,-90,0,0,-87.6396723715241563
12.26151890672973,-90,-90,0,0,-87.6640167342614376
12.38929298197541,-90,-90,0,0,-87.6881111580126742
12.51839855737446,-90,-90,0,0,-87.7119581982207137
12.64884950814107,-90,-90,0,0,-87.7355603847803991
12.78065985407932,-90,-90,0,0,-87.7589202222786753
12.9138437610901,-90,-90,0,0,-87.7820401902332037
13.04841554269334,-90,-90,0,0,-87.8049227433290724
13.1843896615665,-90,-90,0,0,-87.8275703116536874
13.32178073109874,-90,-90,0,0,-87.8499853009300722
13.46060351696157,-90,-90,0,0,-87.8721700927482487
13.60087293869566,-90,-90,0,0,-87.8941270447949137
13.74260407131433,-90,-90,0,0,-87.9158584910812948
13.88581214692362,-90,-90,0,0,-87.9373667421692744
14.03051255635942,-90,-90,0,0,-87.9586540853958212
14.17672085084141,-90,-90,0,0,-87.9797227850954329
14.32445274364455,-90,-90,0,0,-88.0005750828211433
14.47372411178762,-90,-90,0,0,-88.0212131975633696
14.62455099773972,-90,-90,0,0,-88.0416393259673526
14.77694961114429,-90,-90,0,0,-88.0618556425486645
14.93093633056122,-90,-90,0,0,-88.0818642999069112
15.08652770522711,-90,-90,0,0,-88.1016674289379296
15.24374045683374,-90,-90,0,0,-88.1212671390438942
15.40259148132535,-90,-90,0,0,-88.1406655183420469
15.56309785071432,-90,-90,0,0,-88.1598646338713081
15.72527681491604,-90,-90,0,0,-88.1788665317975813
15.8891458036027,-90,-90,0,0,-88.1976732376169394
16.05472242807661,-90,-90,0,0,-88.2162867563573769
16.22202448316276,-90,-90,0,0,-88.2347090727786565
16.39106994912143,-90,-90,0,0,-88.2529421515706360
16.5618769935804,-90,-90,0,0,-88.2709879375497195
16.73446397348761,-90,-90,0,0,-88.2888483558536876
16.90884943708388,-90,-90,0,0,-88.3065253121349514
17.08505212589646,-90,-90,0,0,-88.3240206927519438
17.26309097675306,-90,-90,0,0,-88.3413363649589343
17.4429851238172,-90,-90,0,0,-88.3584741770942657
17.6247539006444,-90,-90,0,0,-88.3754359587667295
17.80841684226019,-90,-90,0,0,-88.3922235210405631
17.99399368725944,-90,-90,0,0,-88.4088386566185562
18.18150437992773,-90,-90,0,0,-88.4252831400237369
18.37096907238486,-90,-90,0,0,-88.4415587277793094
18.56240812675051,-90,-90,0,0,-88.4576671585870145
18.75584211733278,-90,-90,0,0,-88.4736101535040262
18.95129183283914,-90,-90,0,0,-88.4893894161179304
19.14877827861082,-90,-90,0,0,-88.5050066327205514
19.34832267888012,-90,-90,0,0,-88.5204634724798609
19.54994647905159,-90,-90,0,0,-88.5357615876104944
19.75367134800664,-90,-90,0,0,-88.5509026135426609
19.95951918043249,-90,-90,0,0,-88.5658881690896180
20.16751209917508,-90,-90,0,0,-88.5807198566133991
20.37767245761682,-90,-90,0,0,-88.5953992621892468
20.59002284207875,-90,-90,0,0,-88.6099279557684412
20.80458607424815,-90,-90,0,0,-88.6243074913395503
21.02138521363107,-90,-90,0,0,-88.6385394070883592
21.24044356003061,-90,-90,0,0,-88.6526252255561928
21.46178465605108,-90,-90,0,0,-88.6665664537967899
21.68543228962801,-90,-90,0,0,-88.6803645835317553
21.91141049658486,-90,-90,0,0,-88.6940210913045490
22.13974356321603,-90,-90,0,0,-88.7075374386329969
22.3704560288971,-90,-90,0,0,-88.7209150721604800
22.60357268872199,-90,-90,0,0,-88.7341554238055465
22.83911859616785,-90,-90,0,0,-88.7472599109102589
23.07711906578749,-90,-90,0,0,-88.7602299363870912
23.31759967593012,-90,-90,0,0,-88.7730668888644487
23.56058627149013,-90,-90,0,0,-88.7857721428307798
23.80610496668488,-90,-90,0,0,-88.7983470587773809
24.05418214786104,-90,-90,0,0,-88.8107929833397804
24.30484447633058,-90,-90,0,0,-88.8231112494378863
24.55811889123598,-90,-90,0,0,-88.8353031764146550
24.81403261244542,-90,-90,0,0,-88.8473700701735822
25.07261314347829,-90,-90,0,0,-88.8593132233147998
25.33388827446083,-90,-90,0,0,-88.8711339152698372
25.597886085113,-90,-90,0,0,-88.8828334124352182
25.8646349477661,-90,-90,0,0,-88.8944129683047208
26.13416353041212,-90,-90,0,0,-88.9058738236002171
26.4065007997846,-90,-90,0,0,-88.9172172064015882
26.68167602447192,-90,-90,0,0,-88.9284443322750349
26.95971877806263,-90,-90,0,0,-88.9395564044003777
27.24065894232403,-90,-90,0,0,-88.9505546136970935
27.52452671041335,-90,-90,0,0,-88.9614401389490013
27.81135259012294,-90,-90,0,0,-88.9722141469279677
28.10116740715871,-90,-90,0,0,-88.9828777925162058
28.39400230845331,-90,-90,0,0,-88.9934322188275218
28.6898887655133,-90,-90,0,0,-89.0038785573273117
28.98885857780164,-90,-90,0,0,-89.0142179279514352
29.29094387615516,-90,-90,0,0,-89.0244514392239381
29.59617712623764,-90,-90,0,0,-89.0345801883735817
29.90459113202914,-90,-90,0,0,-89.0446052614492629
30.21621903935129,-90,-90,0,0,-89.0545277334343410
30.53109433942977,-90,-90,0,0,-89.0643486683598269
30.8492508724934,-90,-90,0,0,-89.0740691194163929
31.1707228314113,-90,-90,0,0,-89.0836901290654453
31.49554476536738,-90,-90,0,0,-89.0932127291490019
31.82375158357368,-90,-90,0,0,-89.1026379409984344
32.15537855902186,-90,-90,0,0,-89.1119667755423421
32.49046133227429,-90,-90,0,0,-89.1212002334131199
32.82903591529421,-90,-90,0,0,-89.1303393050527575
33.17113869531619,-90,-90,0,0,-89.1393849708173462
33.51680643875653,-90,-90,0,0,-89.1483382010806480
33.86607629516482,-90,-90,0,0,-89.1571999563368109
34.21898580121626,-90,-90,0,0,-89.1659711873017500
34.57557288474599,-90,-90,0,0,-89.1746528350137737
34.93587586882521,-90,-90,0,0,-89.1832458309332310
35.29993347587967,-90,-90,0,0,-89.1917510970409921
35.66778483185152,-90,-90,0,0,-89.2001695459360775
36.03946947040396,-90,-90,0,0,-89.2085020809323481
36.41502733717027,-90,-90,0,0,-89.2167495961542016
36.79449879404658,-90,-90,0,0,-89.2249129766312734
37.17792462352989,-90,-90,0,0,-89.2329930983923134
37.56534603310076,-90,-90,0,0,-89.2409908285580258
37.95680465965228,-90,-90,0,0,-89.2489070254330699
38.35234257396452,-90,-90,0,0,-89.2567425385970949
38.7520022852263,-90,-90,0,0,-89.2644982089949082
39.15582674560336,-90,-90,0,0,-89.2721748690257471
39.5638593548549,-90,-90,0,0,-89.2797733426316711
39.97614396499746,-90,-90,0,0,-89.2872944453849868
40.39272488501809,-90,-90,0,0,-89.2947389845750052
40.81364688563615,-90,-90,0,0,-89.3021077592937047
41.23895520411484,-90,-90,0,0,-89.3094015605207829
41.66869554912319,-90,-90,0,0,-89.3166211712075864
42.10291410564809,-90,-90,0,0,-89.3237673663605136
42.54165753995829,-90,-90,0,0,-89.3308409131232963
42.9849730046193,-90,-90,0,0,-89.3378425708587400
43.43290814356133,-90,-90,0,0,-89.3447730912293991
43.88551109719933,-90,-90,0,0,-89.3516332182776409
44.3428305076071,-90,-90,0,0,-89.3584236885048568
44.80491552374451,-90,-90,0,0,-89.3651452309497927
45.2718158067401,-90,-90,0,0,-89.3717985672662252
45.7435815352278,-90,-90,0,0,-89.3783844117998427
46.22026341074012,-90,-90,0,0,-89.3849034716643160
46.70191266315677,-90,-90,0,0,-89.3913564468166015
47.18858105621077,-90,-90,0,0,-89.3977440301316051
47.68032089305142,-90,-90,0,0,-89.4040669074759933
48.17718502186528,-90,-90,0,0,-89.4103257577812798
48.67922684155622,-90,-90,0,0,-89.4165212531162297
49.1865003074839,-90,-90,0,0,-89.4226540587585816
49.69905993726283,-90,-90,0,0,-89.4287248332658891
50.2169608166211,-90,-90,0,0,-89.4347342285458780
50.74025860532095,-90,-90,0,0,-89.4406828899259239
51.26900954314018,-90,-90,0,0,-89.4465714562219745
51.80327045591681,-90,-90,0,0,-89.4524005598066054
52.34309876165581,-90,-90,0,0,-89.4581708266766924
52.88855247670035,-90,-90,0,0,-89.4638828765200742
53.43969022196648,-90,-90,0,0,-89.4695373227818038
53.99657122924368,-90,-90,0,0,-89.4751347727296320
54.55925534756016,-90,-90,0,0,-89.4806758275188230
55.12780304961541,-90,-90,0,0,-89.4861610822564160
55.70227543827882,-90,-90,0,0,-89.4915911260647761
56.28273425315696,-90,-90,0,0,-89.4969665421445342
56.86924187722866,-90,-90,0,0,-89.5022879078368589
57.46186134354924,-90,-90,0,0,-89.5075557946852456
58.0606563420252,-90,-90,0,0,-89.5127707684965088
58.66569122625865,-90,-90,0,0,-89.5179333894012785
59.27703102046396,-90,-90,0,0,-89.5230442119139127
59.89474142645552,-90,-90,0,0,-89.5281037849917993
60.51888883070941,-90,-90,0,0,-89.5331126520939335
61.14954031149747,-90,-90,0,0,-89.5380713512391537
61.78676364609695,-90,-90,0,0,-89.5429804150636812
62.43062731807404,-90,-90,0,0,-89.5478403708779211
63.08120052464449,-90,-90,0,0,-89.5526517407231353
63.73855318410988,-90,-90,0,0,-89.5574150414270349
64.40275594337228,-90,-90,0,0,-89.5621307846592458
65.07388018552642,-90,-90,0,0,-89.5667994769859490
65.75199803753178,-90,-90,0,0,-89.5714216199241662
66.43718237796372,-90,-90,0,0,-89.5759977099953772
67.12950684484636,-90,-90,0,0,-89.5805282387786832
67.82904584356632,-90,-90,0,0,-89.5850136929634004
68.53587455486911,-90,-90,0,0,-89.5894545544012288
69.25006894293934,-90,-90,0,0,-89.5938513001577235
69.97170576356416,-90,-90,0,0,-89.5982044025634679
70.70086257238302,-90,-90,0,0,-89.6025143292645794
71.43761773322203,-90,-90,0,0,-89.6067815432728452
72.18205042651648,-90,-90,0,0,-89.6110065030152612
72.93424065781998,-90,-90,0,0,-89.6151896623831306
73.6942692664033,-90,-90,0,0,-89.6193314707807076
74.46221793394177,-90,-90,0,0,-89.6234323731732729
75.23816919329437,-90,-90,0,0,-89.6274928101349246
76.02220643737307,-90,-90,0,0,-89.6315132178955736
76.81441392810582,-90,-90,0,0,-89.6354940283878818
77.61487680549173,-90,-90,0,0,-89.6394356692934053
78.42368109675178,-90,-90,0,0,-89.6433385640884950
79.24091372557403,-90,-90,0,0,-89.6472031320896292
80.06666252145534,-90,-90,0,0,-89.6510297884983487
80.90101622914102,-90,-90,0,0,-89.6548189444457932
81.74406451816179,-90,-90,0,0,-89.6585710070367270
82.59589799247139,-90,-90,0,0,-89.6622863793931799
83.45660820018327,-90,-90,0,0,-89.6659654606976488
84.32628764341015,-90,-90,0,0,-89.6696086462359432
85.20502978820466,-90,-90,0,0,-89.6732163274394622
86.092929074605,-90,-90,0,0,-89.6767888919272309
86.99008092678393,-90,-90,0,0,-89.6803267235474237
87.89658176330487,-90,-90,0,0,-89.6838302024185623
88.81252900748345,-90,-90,0,0,-89.6872997049702008
89.73802109785849,-90,-90,0,0,-89.6907356039833417
90.67315749877071,-90,-90,0,0,-89.6941382686304109
91.61803871105286,-90,-90,0,0,-89.6975080645148068
92.5727662828306,-90,-90,0,0,-89.7008453537101360
93.53744282043567,-90,-90,0,0,-89.7041504947990660
94.51217199943392,-90,-90,0,0,-89.7074238429117230
95.49705857576667,-90,-90,0,0,-89.7106657497638480
96.49220839700989,-90,-90,0,0,-89.7138765636944555
97.49772841374897,-90,-90,0,0,-89.7170566297032650
98.51372669107374,-90,-90,0,0,-89.7202062894876775
99.54031242019161,-90,-90,0,0,-89.7233258814793970
100.5775959301632,-90,-90,0,0,-89.7264157408807677
101.6256886997596,-90,-90,0,0,-89.7294761997007839
102.6847033694422,-90,-90,0,0,-89.7325075867906463
103.7547537534698,-90,-90,0,0,-89.7355102278790042
104.8359548521295,-90,-90,0,0,-89.7384844456070425
105.9284228640965,-90,-90,0,0,-89.7414305595629713
107.0322751989215,-90,-90,0,0,-89.7443488863163452
108.1476304896495,-90,-90,0,0,-89.7472397394521266
109.2746086055698,-90,-90,0,0,-89.7501034296041666
110.4133306650976,-90,-90,0,0,-89.7529402644887142
111.5639190487919,-90,-90,0,0,-89.7557505489373142
112.7264974125066,-90,-90,0,0,-89.7585345849295777
113.9011907006817,-90,-90,0,0,-89.7612926716255970
115.0881251597701,-90,-90,0,0,-89.7640251053979910
116.2874283518062,-90,-90,0,0,-89.7667321798637943
117.4992291681141,-90,-90,0,0,-89.7694141859159487
118.7236578431616,-90,-90,0,0,-89.7720714117544958
119.9608459685551,-90,-90,0,0,-89.7747041429174999
121.2109265071833,-90,-90,0,0,-89.7773126623117719
122.4740338075054,-90,-90,0,0,-89.7798972502431667
123.7503036179914,-90,-90,0,0,-89.7824581844467247
125.0398731017103,-90,-90,0,0,-89.7849957401164289
126.3428808510718,-90,-90,0,0,-89.7875101899348067
127.65946690272,-90,-90,0,0,-89.7900018041021326
128.9897727525849,-90,-90,0,0,-89.7924708503655324
130.3339413710883,-90,-90,0,0,-89.7949175940476465
131.6921172185092,-90,-90,0,0,-89.7973422980751508
133.0644462605098,-90,-90,0,0,-89.7997452230069513
134.4510759838211,-90,-90,0,0,-89.8021266270622220
135.8521554120957,-90,-90,0,0,-89.8044867661480879
137.2678351219224,-90,-90,0,0,-89.8068258938870940
138.6982672590092,-90,-90,0,0,-89.8091442616444624
140.143605554534,-90,-90,0,0,-89.8114421185550498
141.6040053416679,-90,-90,0,0,-89.8137197115501493
143.0796235722678,-90,-90,0,0,-89.8159772853839655
144.5706188337452,-90,-90,0,0,-89.8182150826598900
146.0771513661087,-90,-90,0,0,-89.8204333438566067
147.5993830791865,-90,-90,0,0,-89.8226323073538424
149.1374775700269,-90,-90,0,0,-89.8248122094580310
150.6916001404801,-90,-90,0,0,-89.8269732844276376
152.2619178149628,-90,-90,0,0,-89.8291157644983684
153.8485993584103,-90,-90,0,0,-89.8312398799080825
155.4518152944127,-90,-90,0,0,-89.8333458589214757
157.0717379235419,-90,-90,0,0,-89.8354339278546803
158.7085413418689,-90,-90,0,0,-89.8375043110995222
160.3624014596735,-90,-90,0,0,-89.8395572311476087
162.0334960203515,-90,-90,0,0,-89.8415929086142597
163.7220046195155,-90,-90,0,0,-89.8436115622621969
165.4281087242974,-90,-90,0,0,-89.8456134090249776
167.1519916928493,-90,-90,0,0,-89.8475986640304285
168.8938387940518,-90,-90,0,0,-89.8495675406235677
170.6538372274237,-90,-90,0,0,-89.8515202503897115
172.4321761432408,-90,-90,0,0,-89.8534570031770699
174.2290466628638,-90,-90,0,0,-89.8553780071193131
176.0446418992799,-90,-90,0,0,-89.8572834686579682
177.8791569778556,-90,-90,0,0,-89.8591735925645452
179.7327890573081,-90,-90,0,0,-89.8610485819625779
181.6057373508939,-90,-90,0,0,-89.8629086383494240
183.4982031478176,-90,-90,0,0,-89.8647539616178648
185.4103898348673,-90,-90,0,0,-89.8665847500776493
187.3425029182708,-90,-90,0,0,-89.8684012004767681
189.2947500457828,-90,-90,0,0,-89.8702035080225841
191.267341029,-90,-90,0,0,-89.8719918664027517
193.2604878659117,-90,-90,0,0,-89.8737664678061776
195.2744047636822,-90,-90,0,0,-89.8755275029434699
197.3093081616732,-90,-90,0,0,-89.8772751610675869
199.3654167547029,-90,-90,0,0,-89.8790096299940302
201.4429515165521,-90,-90,0,0,-89.8807310961211670
203.542135723711,-90,-90,0,0,-89.8824397444501386
205.6631949793762,-90,-90,0,0,-89.8841357586047849
207.8063572376947,-90,-90,0,0,-89.8858193208513541
209.9718528282652,-90,-90,0,0,-89.8874906121181141
212.1599144808904,-90,-90,0,0,-89.8891498120147361
214.3707773505892,-90,-90,0,0,-89.8907970988516496
216.6046790428698,-90,-90,0,0,-89.8924326496591988
218.8618596392639,-90,-90,0,0,-89.8940566402065571
221.1425617231312,-90,-90,0,0,-89.8956692450207697
223.4470304057286,-90,-90,0,0,-89.8972706374053558
225.7755133525535,-90,-90,0,0,-89.8988609894590809
228.1282608099592,-90,-90,0,0,-89.9004404720942745
230.5055256320524,-90,-90,0,0,-89.9020092550553329
232.9075633078651,-90,-90,0,0,-89.9035675069369091
235.3346319888145,-90,-90,0,0,-89.9051153952019888
237.7869925164446,-90,-90,0,0,-89.9066530861999240
240.2649084504619,-90,-90,0,0,-89.9081807451843531
242.7686460970594,-90,-90,0,0,-89.9096985363308079
245.2984745375374,-90,-90,0,0,-89.9112066227545341
247.8546656572206,-90,-90,0,0,-89.9127051665278714
250.4374941746807,-90,-90,0,0,-89.9141943286977749
253.0472376712595,-90,-90,0,0,-89.9156742693030111
255.6841766209008,-90,-90,0,0,-89.9171451473914658
258.3485944202947,-90,-90,0,0,-89.9186071210371693
261.0407774193322,-90,-90,0,0,-89.9200603473572500
263.7610149518831,-90,-90,0,0,-89.9215049825289299
266.5095993668891,-90,-90,0,0,-89.9229411818061806
269.2868260597842,-90,-90,0,0,-89.9243690995364631
272.0929935042391,-90,-90,0,0,-89.9257888891773263
274.9284032842421,-90,-90,0,0,-89.9272007033128773
277.7933601265086,-90,-90,0,0,-89.9286046936701666
280.6881719332319,-90,-90,0,0,-89.9300010111355164
283.6131498151716,-90,-90,0,0,-89.9313898057706780
286.5686081250926,-90,-90,0,0,-89.9327712268290469
289.5548644915472,-90,-90,0,0,-89.9341454227716355
292.5722398530116,-90,-90,0,0,-89.9355125412830461
295.6210584923782,-90,-90,0,0,-89.9368727292873160
298.7016480718047,-90,-90,0,0,-89.9382261329637345
301.8143396679322,-90,-90,0,0,-89.9395728977625453
304.9594678074639,-90,-90,0,0,-89.9409131684205647
308.1373705031189,-90,-90,0,0,-89.9422470889767425
311.3483892899563,-90,-90,0,0,-89.9435748027876372
314.5928692620845,-90,-90,0,0,-89.9448964525428494
317.8711591097472,-90,-90,0,0,-89.9462121802802699
321.1836111567957,-90,-90,0,0,-89.9475221274014274
324.5305813985578,-90,-90,0,0,-89.9488264346866799
327.9124295400954,-90,-90,0,0,-89.9501252423102926
331.3295190348605,-90,-90,0,0,-89.9514186898555010
334.7822171237604,-90,-90,0,0,-89.9527069163296034
338.2708948746229,-90,-90,0,0,-89.9539900601787537
341.795927222077,-90,-90,0,0,-89.9552682593029829
345.3576930078452,-90,-90,0,0,-89.9565416510708928
348.9565750214626,-90,-90,0,0,-89.9578103723345066
352.5929600414128,-90,-90,0,0,-89.9590745594439198
356.2672388766965,-90,-90,0,0,-89.9603343482620375
359.9798064088337,-90,-90,0,0,-89.9615898741790119
363.7310616342987,-90,-90,0,0,-89.9628412721269939
367.5214077074058,-90,-90,0,0,-89.9640886765944288
371.3512519836342,-90,-90,0,0,-89.9653322216407219
375.2210060634083,-90,-90,0,0,-89.9665720409104210
379.1310858363303,-90,-90,0,0,-89.9678082676477970
383.0819115258818,-90,-90,0,0,-89.9690410347109690
387.0739077345816,-90,-90,0,0,-89.9702704745863144
391.1075034896216,-90,-90,0,0,-89.9714967194026372
395.1831322889709,-90,-90,0,0,-89.9727199009454210
399.3012321479697,-90,-90,0,0,-89.9739401506709129
403.4622456464006,-90,-90,0,0,-89.9751575997203474
407.666619976054,-90,-90,0,0,-89.9763723789339451
411.9148069887897,-90,-90,0,0,-89.9775846188650377
416.2072632450949,-90,-90,0,0,-89.9787944497940941
420.5444500631561,-90,-90,0,0,-89.9800020017426618
424.9268335684355,-90,-90,0,0,-89.9812074044873924
429.3548847437669,-90,-90,0,0,-89.9824107875739969
433.8290794799704,-90,-90,0,0,-89.9836122803311440
438.3498986270024,-90,-90,0,0,-89.9848120118843440
442.9178280456294,-90,-90,0,0,-89.9860101111698327
447.5333586596471,-90,-90,0,0,-89.9872067069484700
452.1969865086361,-90,-90,0,0,-89.9884019278195098
456.9092128012786,-90,-90,0,0,-89.9895959022344698
461.67054396922,-90,-90,0,0,-89.9907887585109307
466.4814917214982,-90,-90,0,0,-89.9919806248462635
471.3425730995343,-90,-90,0,0,-89.9931716293315418
476.2543105327048,-90,-90,0,0,-89.9943618999651278
481.2172318944853,-90,-90,0,0,-89.9955515646665702
486.2318705591827,-90,-90,0,0,-89.9967407512903179
491.2987654592583,-90,-90,0,0,-89.9979295876394048
496.4184611432446,-90,-90,0,0,-89.9991182014792344
501.5915078342748,90,-90,-180,0,89.9996932794486924
506.8184614892119,90,-90,-180,0,89.9985047274130494
512.0998838584007,90,-90,-180,0,89.9973160146790008
517.4363425460365,90,-90,-180,0,89.9961270134944016
522.8284110711717,90,-90,-180,0,89.9949375960761557
528.2766689293496,90,-90,-180,0,89.9937476345963887
533.7817016548859,90,-90,-180,0,89.9925570011687910
539.3441008837926,90,-90,-180,0,89.9913655678348192
544.964464417369,90,-90,-180,0,89.9901732065500113
550.6433962864434,90,-90,-180,0,89.9889797891701448
556.3815068162929,90,-90,-180,0,89.9877851874374954
562.1794126922307,90,-90,-180,0,89.9865892729670946
568.0377370258893,90,-90,-180,0,89.9853919172329029
573.9571094221832,90,-90,-180,0,89.9841929915539822
579.9381660469749,90,-90,-180,0,89.9829923670806551
585.9815496954453,90,-90,-180,0,89.9817899147807481
592.0879098611726,90,-90,-180,0,89.9805855054256085
598.2579028059404,90,-90,-180,0,89.9793790095763057
604.4921916302634,90,-90,-180,0,89.9781702975696618
610.791446344654,90,-90,-180,0,89.9769592395043531
617.1563439416251,90,-90,-180,0,89.9757457052269558
623.5875684684547,90,-90,-180,0,89.9745295643179048
630.0858111006974,90,-90,-180,0,89.9733106860775536
636.6517702164676,90,-90,-180,0,89.9720889395120480
643.286151471492,90,-90,-180,0,89.9708641933193576
649.9896678749541,90,-90,-180,0,89.9696363158750643
656.7630398661179,90,-90,-180,0,89.9684051752182370
663.6069953917565,90,-90,-180,0,89.9671706390372918
670.5222699843868,90,-90,-180,0,89.9659325746557670
677.5096068413129,90,-90,-180,0,89.9646908490180266
684.5697569045078,90,-90,-180,0,89.9634453286749505
691.7034789413124,90,-90,-180,0,89.9621958797697232
698.9115396259846,90,-90,-180,0,89.9609423680232538
706.1947136220897,90,-90,-180,0,89.9596846587198939
713.5537836657631,90,-90,-180,0,89.9584226166929284
720.9895406498273,90,-90,-180,0,89.9571561063099807
728.5027837087924,90,-90,-180,0,89.9558849914585466
736.0943203047362,90,-90,-180,0,89.9546091355312996
743.7649663140911,90,-90,-180,0,89.9533284014114258
751.5155461153226,90,-90,-180,0,89.9520426514578446
759.3468926775298,90,-90,-180,0,89.9507517474905427
767.25984764996,90,-90,-180,0,89.9494555507755678
775.2552614524708,90,-90,-180,0,89.9481539220102491
783.3339933669215,90,-90,-180,0,89.9468467213081482
791.4969116295219,90,-90,-180,0,89.9455338081840807
799.7448935241457,90,-90,-180,0,89.9442150415389534
808.078825476607,90,-90,-180,0,89.9428902796446863
816.4996031499359,90,-90,-180,0,89.9415593801289219
825.0081315406304,90,-90,-180,0,89.9402221999597487
833.605325075922,90,-90,-180,0,89.9388785954303103
842.2921077120432,90,-90,-180,0,89.9375284221434015
851.0694130335373,90,-90,-180,0,89.9361715349959212
859.9381843535865,90,-90,-180,0,89.9348077881632832
868.8993748153933,90,-90,-180,0,89.9334370350837844
877.953947494611,90,-90,-180,0,89.9320591284427877
887.1028755028572,90,-90,-180,0,89.9306739201569485
896.3471420922884,90,-90,-180,0,89.9292812613582697
905.6877407612767,90,-90,-180,0,89.9278810023781432
915.1256753611742,90,-90,-180,0,89.9264729927312345
924.6619602042107,90,-90,-180,0,89.9250570810993111
934.2976201724962,90,-90,-180,0,89.9236331153149990
944.0336908281683,90,-90,-180,0,89.9222009423454409
953.8712185246886,90,-90,-180,0,89.9207604082758110
963.8112605192875,90,-90,-180,0,89.9193113582928447
973.8548850866024,90,-90,-180,0,89.9178536366681413
984.0031716334782,90,-90,-180,0,89.9163870867414374
994.2572108149782,90,-90,-180,0,89.9149115509038381
1004.61810465159,90,-90,-180,0,89.9134268705807784
1015.086966647674,90,-90,-180,0,89.9119328862150979
1025.664921911126,90,-90,-180,0,89.9104294372497890
1036.353107274295,90,-90,-180,0,89.9089163621108298
1047.152671416164,90,-90,-180,0,89.9073934981897906
1058.064774985797,90,-90,-180,0,89.9058606818263257
1069.090590727079,90,-90,-180,0,89.9043177482906941
1080.231303604751,90,-90,-180,0,89.9027645317659108
1091.488110931761,90,-90,-180,0,89.9012008653300967
1102.86222249794,90,-90,-180,0,89.8996265809383885
1114.354860700025,90,-90,-180,0,89.8980415094050187
1125.967260673028,90,-90,-180,0,89.8964454803849975
1137.700670422978,90,-90,-180,0,89.8948383223559517
1149.556350961048,90,-90,-180,0,89.8932198625996222
1161.535576439078,90,-90,-180,0,89.8915899271832899
1173.639634286513,90,-90,-180,0,89.8899483409411602
1185.869825348759,90,-90,-180,0,89.8882949274554761
1198.227464026994,90,-90,-180,0,89.8866295090375615
1210.713878419422,90,-90,-180,0,89.8849519067088067
1223.330410464018,90,-90,-180,0,89.8832619401813702
1236.078416082732,90,-90,-180,0,89.8815594278388232
1248.959265327228,90,-90,-180,0,89.8798441867166815
1261.974342526116,90,-90,-180,0,89.8781160324826800
1275.125046433734,90,-90,-180,0,89.8763747794169916
1288.41279038047,90,-90,-180,0,89.8746202403923462
1301.839002424658,90,-90,-180,0,89.8728522268538086
1315.405125506056,90,-90,-180,0,89.8710705487986274
1329.112617600915,90,-90,-180,0,89.8692750147557575
1342.96295187868,90,-90,-180,0,89.8674654317653108
1356.957616860302,90,-90,-180,0,89.8656416053578369
1371.098116578225,90,-90,-180,0,89.8638033395334332
1385.385970738016,90,-90,-180,0,89.8619504367406563
1399.822714881701,90,-90,-180,0,89.8600826978553897
1414.40990055278,90,-90,-180,0,89.8581999221593151
1429.149095462987,90,-90,-180,0,89.8563019073184819
1444.041883660766,90,-90,-180,0,89.8543884493614797
1459.089865701517,90,-90,-180,0,89.8524593426576104
1474.294658819606,90,-90,-180,0,89.8505143798947046
1489.657897102177,90,-90,-180,0,89.8485533520569817
1505.181231664764,90,-90,-180,0,89.8465760484024685
1520.866330828748,90,-90,-180,0,89.8445822564404182
1536.714880300649,90,-90,-180,0,89.8425717619085020
1552.728583353288,90,-90,-180,0,89.8405443487497877
1568.909161008853,90,-90,-180,0,89.8384997990895471
1585.258352223847,90,-90,-180,0,89.8364378932117660
1601.777914075988,90,-90,-180,0,89.8343584095356960
1618.469621953034,90,-90,-180,0,89.8322611245919092
1635.335269743602,90,-90,-180,0,89.8301458129984240
1652.376670029944,90,-90,-180,0,89.8280122474364049
1669.595654282764,90,-90,-180,0,89.8258601986257617
1686.994073058035,90,-90,-180,0,89.8236894353006221
1704.573796195896,90,-90,-180,0,89.8214997241843491
1722.336713021593,90,-90,-180,0,89.8192908299645723
1740.284732548542,90,-90,-180,0,89.8170625152679634
1758.419783683481,90,-90,-180,0,89.8148145406346146
1776.743815433787,90,-90,-180,0,89.8125466644924586
1795.258797116924,90,-90,-180,0,89.8102586431311920
1813.966718572102,90,-90,-180,0,89.8079502306762834
1832.869590374127,90,-90,-180,0,89.8056211790623848
1851.96944404947,90,-90,-180,0,89.8032712380067863
1871.268332294614,90,-90,-180,0,89.8009001549825854
1890.768329196649,90,-90,-180,0,89.7985076751914590
1910.471530456188,90,-90,-180,0,89.7960935415364077
1930.380053612586,90,-90,-180,0,89.7936574945941004
1950.496038271526,90,-90,-180,0,89.7911992725870078
1970.821646334955,90,-90,-180,0,89.7887186113553355
1991.35906223344,90,-90,-180,0,89.7862152443286732
2012.110493160919,90,-90,-180,0,89.7836889024972891
2033.078169311929,90,-90,-180,0,89.7811393143833811
2054.26434412127,90,-90,-180,0,89.7785662060118028
2075.671294506204,90,-90,-180,0,89.7759693008807318
2097.301321111144,90,-90,-180,0,89.7733483199319835
2119.156748554922,90,-90,-180,0,89.7707029815209978
2141.239925680607,90,-90,-180,0,89.7680330013866694
2163.553225807952,90,-90,-180,0,89.7653380926208229
2186.099046988451,90,-90,-180,0,89.7626179656373751
2208.879812263062,90,-90,-180,0,89.7598723281412845
2231.897969922623,90,-90,-180,0,89.7571008850972163
2255.155993770962,90,-90,-180,0,89.7543033386977669
2278.656383390776,90,-90,-180,0,89.7514793883316457
2302.401664412251,90,-90,-180,0,89.7486287305512604
2326.394388784511,90,-90,-180,0,89.7457510590402876
2350.637135049864,90,-90,-180,0,89.7428460645807036
2375.132508620942,90,-90,-180,0,89.7399134350196448
2399.883142060689,90,-90,-180,0,89.7369528552359128
2424.891695365307,90,-90,-180,0,89.7339640071061382
2450.160856250112,90,-90,-180,0,89.7309465694706603
2475.693340438407,90,-90,-180,0,89.7279002180990659
2501.491891953325,90,-90,-180,0,89.7248246256553728
2527.559283412753,90,-90,-180,0,89.7217194616629996
2553.898316327303,90,-90,-180,0,89.7185843924691824
2580.511821401386,90,-90,-180,0,89.7154190812092338
2607.402658837455,90,-90,-180,0,89.7122231877704763
2634.573718643367,90,-90,-180,0,89.7089963687556207
2662.027920943011,90,-90,-180,0,89.7057382774460734
2689.768216290106,90,-90,-180,0,89.7024485637646194
2717.797585985332,90,-90,-180,0,89.6991268742379333
2746.119042396709,90,-90,-180,0,89.6957728519586794
2774.735629283367,90,-90,-180,0,89.6923861365471851
2803.65042212264,90,-90,-180,0,89.6889663641128436
2832.866528440618,90,-90,-180,0,89.6855131672150492
2862.387088146094,90,-90,-180,0,89.6820261748238039
2892.21527386804,90,-90,-180,0,89.6785050122799703
2922.354291296549,90,-90,-180,0,89.6749493012549834
2952.807379527382,90,-90,-180,0,89.6713586597104353
2983.577811410066,90,-90,-180,0,89.6677327018570196
3014.668893899627,90,-90,-180,0,89.6640710381131782
3046.083968412016,90,-90,-180,0,89.6603732750633640
3077.82641118319,90,-90,-180,0,89.6566390154158626
3109.89963363199,90,-90,-180,0,89.6528678579601461
3142.307082726744,90,-90,-180,0,89.6490593975239705
3175.052241355748,90,-90,-180,0,89.6452132249298757
3208.138628701552,90,-90,-180,0,89.6413289269513172
3241.569800619196,90,-90,-180,0,89.6374060862684559
3275.349350018343,90,-90,-180,0,89.6334442814233654
3309.480907249436,90,-90,-180,0,89.6294430867749128
3343.968140493838,90,-90,-180,0,89.6254020724531273
3378.814756158081,90,-90,-180,0,89.6213208043131289
3414.024499272175,90,-90,-180,0,89.6171988438886729
3449.601153892119,90,-90,-180,0,89.6130357483450979
3485.548543506556,90,-90,-180,0,89.6088310704319895
3521.870531447711,90,-90,-180,0,89.6045843584351474
3558.571021306582,90,-90,-180,0,89.6002951561283112
3595.653957352455,90,-90,-180,0,89.5959630027242468
3633.123324956828,90,-90,-180,0,89.5915874328254347
3670.983151021696,90,-90,-180,0,89.5871679763741469
3709.237504412357,90,-90,-180,0,89.5827041586022688
3747.890496394677,90,-90,-180,0,89.5781954999802963
3786.946281076958,90,-90,-180,0,89.5736415161661057
3826.409055856362,90,-90,-180,0,89.5690417179531266
3866.283061870042,90,-90,-180,0,89.5643956112178472
3906.572584450914,90,-90,-180,0,89.5597026968670491
3947.281953588243,90,-90,-180,0,89.5549624707844032
3988.415544392958,90,-90,-180,0,89.5501744237763972
4029.977777567892,90,-90,-180,0,89.5453380415179510
4071.973119882844,90,-90,-180,0,89.5404528044973915
4114.406084654671,90,-90,-180,0,89.5355181879608182
4157.281232232303,90,-90,-180,0,89.5305336618560403
4200.603170486882,90,-90,-180,0,89.5254986907757626
4244.376555306972,90,-90,-180,0,89.5204127339005140
4288.606091098915,90,-90,-180,0,89.5152752449405966
4333.296531292459,90,-90,-180,0,89.5100856720778353
4378.452678851578,90,-90,-180,0,89.5048434579065031
4424.079386790692,90,-90,-180,0,89.4995480393737353
4470.181558696197,90,-90,-180,0,89.4941988477194172
4516.764149253496,90,-90,-180,0,89.4887953084152628
4563.832164779447,90,-90,-180,0,89.4833368411035224
4611.39066376045,90,-90,-180,0,89.4778228595349532
4659.444757396041,90,-90,-180,0,89.4722527715061346
4707.999610148248,90,-90,-180,0,89.4666259787962588
4757.060440296587,90,-90,-180,0,89.4609418771031955
4806.632520498915,90,-90,-180,0,89.4551998559789752
4856.721178358055,90,-90,-180,0,89.4493992987646038
4907.331796994399,90,-90,-180,0,89.4435395825241670
4958.469815624424,90,-90,-180,0,89.4376200779784511
5010.140730145242,90,-90,-180,0,89.4316401494375981
5062.35009372529,90,-90,-180,0,89.4255991547334190
5115.103517401098,90,-90,-180,0,89.4194964451507985
5168.406670680354,90,-90,-180,0,89.4133313653584310
5222.265282151184,90,-90,-180,0,89.4071032533390593
5276.685140097848,90,-90,-180,0,89.4008114403187051
5331.672093122776,90,-90,-180,0,89.3944552506954153
5387.232050775178,90,-90,-180,0,89.3880340019672417
5443.370984186103,90,-90,-180,0,89.3815470046594669
5500.094926710212,90,-90,-180,0,89.3749935622510918
5557.409974574155,90,-90,-180,0,89.3683729711006265
5615.322287531783,90,-90,-180,0,89.3616845203711279
5673.838089526105,90,-90,-180,0,89.3549274919544416
5732.963669358227,90,-90,-180,0,89.3481011603947053
5792.705381363202,90,-90,-180,0,89.3412047928111548
5853.069646092927,90,-90,-180,0,89.3342376488200358
5914.062951006211,90,-90,-180,0,89.3271989804558046
5975.691851165946,90,-90,-180,0,89.3200880320915189
6037.962969943644,90,-90,-180,0,89.3129040403584469
6100.882999731208,90,-90,-180,0,89.3056462340648380
6164.458702660229,90,-90,-180,0,89.2983138341139266
6228.696911328675,90,-90,-180,0,89.2909060534210113
6293.604529535251,90,-90,-180,0,89.2834220968298951
6359.188533021314,90,-90,-180,0,89.2758611610282600
6425.45597022062,90,-90,-180,0,89.2682224344623592
6492.413963016779,90,-90,-180,0,89.2605050972507286
6560.069707508711,90,-90,-180,0,89.2527083210972449
6628.430474783969,90,-90,-180,0,89.2448312692029759
6697.503611700232,90,-90,-180,0,89.2368730961775611
6767.29654167483,90,-90,-180,0,89.2288329479492859
6837.816765482601,90,-90,-180,0,89.2207099616745722
6909.071862061991,90,-90,-180,0,89.2125032656464754
6981.069489329555,90,-90,-180,0,89.2042119792021424
7053.817385003022,90,-90,-180,0,89.1958352126295324
7127.323367432816,90,-90,-180,0,89.1873720670730421
7201.595336442375,90,-90,-180,0,89.1788216344383784
7276.641274177095,90,-90,-180,0,89.1701829972962656
7352.469245962247,90,-90,-180,0,89.1614552287853286
7429.087401169716,90,-90,-180,0,89.1526373925140234
7506.503974093883,90,-90,-180,0,89.1437285424614743
7584.727284836523,90,-90,-180,0,89.1347277228774431
7663.765740201042,90,-90,-180,0,89.1256339681812477
7743.627834595911,90,-90,-180,0,89.1164463028596856
7824.322150947635,90,-90,-180,0,89.1071637413639053
7905.857361623118,90,-90,-180,0,89.0977852880053547
7988.242229361757,90,-90,-180,0,89.0883099368505782
8071.485608217128,90,-90,-180,0,89.0787366716150757
8155.596444508602,90,-90,-180,0,89.0690644655559680
8240.583777782804,90,-90,-180,0,89.0592922813638097
8326.456741785072,90,-90,-180,0,89.0494190710531655
8413.224565441156,90,-90,-180,0,89.0394437758520922
8500.896573848979,90,-90,-180,0,89.0293653260907121
8589.482189280903,90,-90,-180,0,89.0191826410884488
8678.99093219629,90,-90,-180,0,89.0088946290403555
8769.432422264741,90,-90,-180,0,88.9985001869021914
8860.816379399887,90,-90,-180,0,88.9879982002744043
8953.152624804061,90,-90,-180,0,88.9773875432850190
9046.451082023737,90,-90,-180,0,88.9666670784713460
9140.721778016105,90,-90,-180,0,88.9558356566604260
9235.974844226608,90,-90,-180,0,88.9448921168485356
9332.220517677866,90,-90,-180,0,88.9338352860792725
9429.469142069791,90,-90,-180,0,88.9226639793205891
9527.731168891312,90,-90,-180,0,88.9113769993406038
9627.01715854358,90,-90,-180,0,88.8999731365821475
9727.337781474893,90,-90,-180,0,88.8884511690361876
9828.703819327535,90,-90,-180,0,88.8768098621138449
9931.126166096416,90,-90,-180,0,88.8650479685174446
10034.61582929995,90,-90,-180,0,88.8531642281099465
10139.18393116299,90,-90,-180,0,88.8411573677835520
10244.84170981219,90,-90,-180,0,88.8290261013265621
10351.6005204838,90,-90,-180,0,88.8167691292893835
10459.47183674394,90,-90,-180,0,88.8043851388488719
10568.46725172182,90,-90,-180,0,88.7918728036717226
10678.59847935563,90,-90,-180,0,88.7792307837762138
10789.87735565133,90,-90,-180,0,88.7664577253928115
10902.31583995495,90,-90,-180,0,88.7535522608234544
11015.9260162376,90,-90,-180,0,88.7405130082994020
11130.72009439435,90,-90,-180,0,88.7273385718377057
11246.7104115564,90,-90,-180,0,88.7140275410963994
11363.90943341686,90,-90,-180,0,88.7005784912283559
11482.32975557074,90,-90,-180,0,88.6869899827335075
11601.98410486826,90,-90,-180,0,88.6732605613099025
11722.88534078292,90,-90,-180,0,88.6593887577033399
11845.04645679342,90,-90,-180,0,88.6453730875553987
11968.48058178003,90,-90,-180,0,88.6312120512502304
12093.2009814357,90,-90,-180,0,88.6169041337597889
12219.22105969169,90,-90,-180,0,88.6024478044876815
12346.55436015803,90,-90,-180,0,88.5878415171115137
12475.21456757933,90,-90,-180,0,88.5730837094236847
12605.21550930515,90,-90,-180,0,88.5581728031709758
12736.57115677636,90,-90,-180,0,88.5431072038921911
12869.29562702654,90,-90,-180,0,88.5278853007547752
13003.40318419909,90,-90,-180,0,88.5125054663895696
13138.90824108041,90,-90,-180,0,88.4969660567242045
13275.82536064873,90,-90,-180,0,88.4812654108148848
13414.16925763926,90,-90,-180,0,88.4654018506767130
13553.95480012564,90,-90,-180,0,88.4493736811123483
13695.19701111773,90,-90,-180,0,88.4331791895391746
13837.91107017631,90,-90,-180,0,88.4168166458149187
13982.11231504441,90,-90,-180,0,88.4002843020615927
14127.81624329551,90,-90,-180,0,88.3835803924879002
14275.03851399948,90,-90,-180,0,88.3667031332100095
14423.79494940502,90,-90,-180,0,88.3496507220708196
14574.10153664047,90,-90,-180,0,88.3324213384574506
14725.97442943185,90,-90,-180,0,88.3150131431171559
14879.42994983883,90,-90,-180,0,88.2974242779717002
15034.48459000907,90,-90,-180,0,88.2796528659299184
15191.15501395058,90,-90,-180,0,88.2616970106987679
15349.45805932252,90,-90,-180,0,88.2435547965926474
15509.41073924509,90,-90,-180,0,88.2252242883409679
15671.03024412754,90,-90,-180,0,88.2067035308942877
15834.333943516,90,-90,-180,0,88.1879905492284450
15999.33938796008,90,-90,-180,0,88.1690833481472396
16166.06431089895,90,-90,-180,0,88.1499799120833245
16334.52663056752,90,-90,-180,0,88.1306782048973076
16504.74445192171,90,-90,-180,0,88.1111761696753888
16676.73606858456,90,-90,-180,0,88.0914717285249083
16850.51996481217,90,-90,-180,0,88.0715627823685168
17026.11481748015,90,-90,-180,0,88.0514472107364128
17203.53949809099,90,-90,-180,0,88.0311228715568745
17382.8130748022,90,-90,-180,0,88.0105876009451293
17563.9548144754,90,-90,-180,0,87.9898392129903613
17746.9841847474,90,-90,-180,0,87.9688754995410420
17931.92085612188,90,-90,-180,0,87.9476942299884996
18118.78470408383,90,-90,-180,0,87.9262931510486823
18307.59581123546,90,-90,-180,0,87.9046699865422170
18498.37446945439,90,-90,-180,0,87.8828224371727060
18691.1411820748,90,-90,-180,0,87.8607481803031334
18885.91666609051,90,-90,-180,0,87.8384448697307505
19082.72185438184,90,-90,-180,0,87.8159101354599159
19281.57789796519,90,-90,-180,0,87.7931415834733144
19482.50616826601,90,-90,-180,0,87.7701367955014575
19685.52825941593,90,-90,-180,0,87.7468933287902360
19890.66599057332,90,-90,-180,0,87.7234087158668956
20097.94140826817,90,-90,-180,0,87.6996804643041230
20307.37678877184,90,-90,-180,0,87.6757060564823689
20518.99464049059,90,-90,-180,0,87.6514829493505374
20732.81770638504,90,-90,-180,0,87.6270085741847282
20948.86896641427,90,-90,-180,0,87.6022803363453590
21167.17164000533,90,-90,-180,0,87.5772956150325399
21387.749188549,90,-90,-180,0,87.5520517630395858
21610.62531792099,90,-90,-180,0,87.5265461065050090
21835.82398102975,90,-90,-180,0,87.5007759446624789
22063.36938039073,90,-90,-180,0,87.4747385495893752
22293.28597072735,90,-90,-180,0,87.4484311659534654
22525.59846159941,90,-90,-180,0,87.4218510107578624
22760.33182005855,90,-90,-180,0,87.3949952730843478
22997.51127333135,90,-90,-180,0,87.3678611138350902
23237.16231153101,90,-90,-180,0,87.3404456654724868
23479.31069039622,90,-90,-180,0,87.3127460317576407
23723.98243405962,90,-90,-180,0,87.2847592874869491
23971.20383784457,90,-90,-180,0,87.2564824782271984
24221.00147109091,90,-90,-180,0,87.2279126200491106
24473.40218001077,90,-90,-180,0,87.1990466992591848
24728.43309057364,90,-90,-180,0,87.1698816721300318
24986.1216114214,90,-90,-180,0,87.1404144646292167
25246.49543681459,90,-90,-180,0,87.1106419721465386
25509.582549608,90,-90,-180,0,87.0805610592198178
25775.41122425862,90,-90,-180,0,87.0501685592592338
26044.01002986417,90,-90,-180,0,87.0194612742702418
26315.40783323321,90,-90,-180,0,86.9884359745750828
26589.63380198815,90,-90,-180,0,86.9570893985327871
26866.71740769916,90,-90,-180,0,86.9254182522581260
27146.68842905212,90,-90,-180,0,86.8934192093389157
27429.57695504882,90,-90,-180,0,86.8610889105522972
27715.41338824047,90,-90,-180,0,86.8284239635796098
28004.22844799547,90,-90,-180,0,86.7954209427202841
28296.0531738007,90,-90,-180,0,86.7620763886041999
28590.91892859719,90,-90,-180,0,86.7283868079034761
28888.85740215135,90,-90,-180,0,86.6943486730425832
29189.90061445992,90,-90,-180,0,86.6599584219080157
29494.08091919189,90,-90,-180,0,86.6252124575565148
29801.43100716536,90,-90,-180,0,86.5901071479227369
30111.98390986069,90,-90,-180,0,86.5546388255258421
30425.7730029708,90,-90,-180,0,86.5188037871753721
30742.83200998794,90,-90,-180,0,86.4825982936763751
31063.19500582801,90,-90,-180,0,86.4460185695337771
31386.89642049273,90,-90,-180,0,86.4090608026563416
31713.97104276969,90,-90,-180,0,86.3717211440598049
32044.45402397148,90,-90,-180,0,86.3339957075697981
32378.38088171333,90,-90,-180,0,86.2958805695241580
32715.78750372994,90,-90,-180,0,86.2573717684750676
33056.71015173318,90,-90,-180,0,86.2184653048908558
33401.18546530824,90,-90,-180,0,86.1791571408577255
33749.25046585208,90,-90,-180,0,86.1394431997813399
34100.94256055196,90,-90,-180,0,86.0993193660884231
34456.29954640542,90,-90,-180,0,86.0587814849285735
34815.3596142828,90,-90,-180,0,86.0178253618761488
35178.1613530315,90,-90,-180,0,85.9764467626325910
35544.74375362292,90,-90,-180,0,85.9346414127290785
35915.14621334364,90,-90,-180,0,85.8924049972297610
36289.40854002852,90,-90,-180,0,85.8497331604356333
36667.57095633976,90,-90,-180,0,85.8066215055891348
37049.67410408935,90,-90,-180,0,85.7630655945796860
37435.75904860668,90,-90,-180,0,85.7190609476502487
37825.86728315269,90,-90,-180,0,85.6746030431048240
38220.04073337817,90,-90,-180,0,85.6296873170176269
38618.32176183047,90,-90,-180,0,85.5843091629433133
39020.75317250592,90,-90,-180,0,85.5384639316289679
39427.37821544987,90,-90,-180,0,85.4921469307277562
39838.24059140524,90,-90,-180,0,85.4453534245144368
40253.38445650902,90,-90,-180,0,85.3980786336030349
40672.85442703733,90,-90,-180,0,85.3503177346665609
41096.69558420144,90,-90,-180,0,85.3020658601591890
41524.9534789915,90,-90,-180,0,85.2533180980411203
41957.67413707294,90,-90,-180,0,85.2040694915059333
42394.90406373257,90,-90,-180,0,85.1543150387111609
42836.69024887629,90,-90,-180,0,85.1040496925118646
43283.08017208007,90,-90,-180,0,85.0532683601975634
43734.12180769153,90,-90,-180,0,85.0019659032328008
44189.86362998671,90,-90,-180,0,84.9501371370014766
44650.35461837938,90,-90,-180,0,84.8977768305551166
45115.64426268469,90,-90,-180,0,84.8448797063655604
45585.78256843845,90,-90,-180,0,84.7914404400819706
46060.82006227106,90,-90,-180,0,84.7374536602927435
46540.80779733731,90,-90,-180,0,84.6829139482923381
47025.79735880421,90,-90,-180,0,84.6278158378532765
47515.84086939359,90,-90,-180,0,84.5721538150040715
48010.99099498492,90,-90,-180,0,84.5159223178125103
48511.30095027498,90,-90,-180,0,84.4591157361753915
49016.82450449665,90,-90,-180,0,84.4017284116146556
49527.61598719823,90,-90,-180,0,84.3437546370801101
50043.73029408187,89.98352181825584,-90,-180,-0.01647818174415135,84.2851886567593453
50565.22289290346,89.78092051760552,-90,-180,-0.219079482394467,84.2260246658951104
51092.14982943395,89.57831921695515,-90,-180,-0.4216807830448225,84.1662568106102214
51624.56773348225,89.37571791630484,-90,-180,-0.6242820836951385,84.1058791877408680
52162.533824982,89.17311661565452,-90,-180,-0.8268833843454528,84.0448858446780207
52706.10592014077,88.97051531500421,-90,-180,-1.029484684995813,83.9832707792179747
53255.34243765323,88.76791401435389,-90,-180,-1.232085985646085,83.9210279394220038
53810.30240498076,88.56531271370358,-90,-180,-1.434687286296439,83.8581512234854500
54371.04546469363,88.36271141305326,-90,-180,-1.637288586946761,83.7946344796172724
54937.63188088217,88.16011011240295,-90,-180,-1.839889887597072,83.7304715059295290
55510.12254563302,87.95750881175258,-90,-180,-2.042491188247429,83.6656560503381286
56088.57898557292,87.75490751110226,-90,-180,-2.245092488897744,83.6001818104746377
56673.06336848183,87.55230621045195,-90,-180,-2.447693789548062,83.5340424336100540
57263.63850997385,87.34970490980157,-90,-180,-2.650295090198414,83.4672315165906440
57860.36788024768,87.14710360915132,-90,-180,-2.852896390848692,83.3997426057867415
58463.31561090911,86.94450230850094,-90,-180,-3.055497691499046,83.3315691970544492
59072.54650186181,86.74190100785063,-90,-180,-3.258098992149363,83.2627047357114805
59688.1260282727,86.53929970720031,-90,-180,-3.460700292799681,83.1931426165268704
60310.12034760828,86.33669840654994,-90,-180,-3.663301593450037,83.1228761837256656
60938.59630674417,86.13409710589968,-90,-180,-3.865902894100312,83.0518987310090893
61573.62144915064,85.93149580524931,-90,-180,-4.068504194750668,82.9802035015902817
62215.26402214987,85.728894504599,-90,-180,-4.271105495400983,82.9077836882469796
62863.59298425203,85.52629320394868,-90,-180,-4.473706796051298,82.8346324333908228
63518.67801256583,85.32369190329837,-90,-180,-4.676308096701656,82.7607428291547933
64180.5895102865,85.12109060264805,-90,-180,-4.87890939735197,82.6861079174987594
64849.39861426289,84.91848930199774,-90,-180,-5.081510698002285,82.6107206903340625
65525.17720264233,84.71588800134737,-90,-180,-5.284111998652642,82.5345740896676716
66207.99790259493,84.51328670069711,-90,-180,-5.486713299302916,82.4576610077669727
66897.93409812049,84.31068540004674,-90,-180,-5.689314599953275,82.3799742873450498
67595.05993793323,84.10808409939642,-90,-180,-5.89191590060359,82.3015067217683196
68299.45034343228,83.90548279874611,-90,-180,-6.094517201253903,82.2222510552861081
69011.18101675305,83.70288149809573,-90,-180,-6.297118501904261,82.1421999832837457
69730.32844890247,83.50028019744548,-90,-180,-6.499719802554536,82.0613461525595653
70456.96992798119,83.29767889679511,-90,-180,-6.702321103204892,81.9796821616265987
71191.18354748795,83.09507759614479,-90,-180,-6.90492240385521,81.8972005610399094
71933.0482147139,82.89247629549448,-90,-180,-7.107523704505524,81.8138938537503293
72682.64365922243,82.6898749948441,-90,-180,-7.310125005155881,81.7297544954852668
73440.05044141736,82.48727369419379,-90,-180,-7.512726305806196,81.6447748951578518
74205.34996120182,82.28467239354347,-90,-180,-7.715327606456513,81.5589474153047291
74978.62446672597,82.08207109289316,-90,-180,-7.917928907106868,81.4722643725539655
75759.95706322583,81.87946979224284,-90,-180,-8.120530207757142,81.3847180381235660
76549.43172195632,81.67686849159253,-90,-180,-8.323131508407497,81.2963006383517097
77347.13328921379,81.47426719094221,-90,-180,-8.525732809057812,81.2070043552596985
78153.14749545617,81.27166589029184,-90,-180,-8.728334109708131,81.1168213271484433
78967.56096451606,81.06906458964153,-90,-180,-8.930935410358487,81.0257436492296392
79790.46122290983,80.86646328899121,-90,-180,-9.133536711008803,80.9337633742925107
80621.93670924522,80.6638619883409,-90,-180,-9.336138011659118,80.8408725134071773
81462.07678372535,80.46126068769058,-90,-180,-9.538739312309433,80.7470630366658781
82310.97173775265,80.25865938704027,-90,-180,-9.74134061295975,80.6523268739627213
83168.7128036327,80.0560580863899,-90,-180,-9.943941913610107,80.5566559158135505
84035.39216437856,79.85345678573958,-90,-180,-10.14654321426042,80.4600420142166257
84911.1029636188,79.65085548508927,-90,-180,-10.34914451491074,80.3624769835553963
85795.93931560733,79.44825418443889,-90,-180,-10.55174581556109,80.2639526015445739
86689.9963153374,79.24565288378864,-90,-180,-10.75434711621137,80.1644606102206581
87593.37004876339,79.04305158313826,-90,-180,-10.95694841686172,80.0639927169777650
88506.15760312507,78.84045028248795,-90,-180,-11.15954971751204,79.9625405956507507
89428.4570773836,78.63784898183764,-90,-180,-11.36215101816235,79.8600958876457980
90360.36759276368,78.43524768118726,-90,-180,-11.56475231881271,79.7566502031205431
91301.98930340576,78.23264638053695,-90,-180,-11.76735361946303,79.6521951222147635
92253.42340713093,78.03004507988663,-90,-180,-11.96995492011335,79.5467221963324960
93214.77215631625,77.82744377923632,-90,-180,-12.1725562207637,79.4402229494775156
94186.13886888322,77.624842478586,-90,-180,-12.37515752141398,79.3326888796430865
95167.62793940367,77.42224117793569,-90,-180,-12.57775882206433,79.2241114602571059
96159.34485031659,77.21963987728537,-90,-180,-12.78036012271465,79.1144821416847748
97161.39618326655,77.01703857663506,-90,-180,-12.98296142336496,79.0037923527889347
98173.88963055755,76.81443727598469,-90,-180,-13.18556272401532,78.8920335025506461
99196.93400672605,76.61183597533443,-90,-180,-13.3881640246656,78.7791969817505304
100230.6392602377,76.40923467468406,-90,-180,-13.59076532531595,78.6652741647124145
101275.1164853008,76.20663337403374,-90,-180,-13.79336662596626,78.5502564111111923
102330.4779338083,76.00403207338343,-90,-180,-13.99596792661658,78.4341350678454035
103396.8370274004,75.80143077273306,-90,-180,-14.19856922726694,78.3169014709767026
104474.3083696542,75.59882947208274,-90,-180,-14.40117052791725,78.1985469477372561
105563.0077584011,75.39622817143243,-90,-180,-14.60377182856757,78.0790628186063884
106663.052198171,75.19362687078211,-90,-180,-14.80637312921789,77.9584403994583113
107774.5599127677,74.9910255701318,-90,-180,-15.0089744298682,77.8366710037817455
108897.6503579742,74.78842426948142,-90,-180,-15.21157573051855,77.7137459449734251
110032.4442343904,74.58582296883111,-90,-180,-15.41417703116887,77.5896565387066488
111179.063500406,74.38322166818079,-90,-180,-15.61677833181919,77.4643941053759164
112337.6313853073,74.18062036753048,-90,-180,-15.81937963246954,77.3379499726197963
113508.2724025201,73.97801906688017,-90,-180,-16.02198093311986,77.2103154779228760
114691.1123629924,73.77541776622985,-90,-180,-16.22458223377017,77.0814819712981176
115886.2783887151,73.57281646557954,-90,-180,-16.42718353442049,76.9514408180515090
117093.898926384,73.37021516492922,-90,-180,-16.6297848350708,76.8201834016296630
118314.1037612043,73.16761386427885,-90,-180,-16.83238613572116,76.6877011265523123
119547.0240308385,72.96501256362853,-90,-180,-17.03498743637148,76.5539854214305535
120792.7922395006,72.76241126297822,-90,-180,-17.23758873702179,76.4190277420724442
122051.5422721966,72.55980996232785,-90,-180,-17.44019003767215,76.2828195746768500
123323.409409112,72.35720866167759,-90,-180,-17.64279133832243,76.1453524391173033
124608.5303401533,72.15460736102722,-90,-180,-17.84539263897278,76.0066178923163136
125907.043179635,71.9520060603769,-90,-180,-18.04799393962309,75.8666075317122193
127219.0874811257,71.74940475972659,-90,-180,-18.25059524027341,75.7253129988186089
128544.8042524453,71.54680345907622,-90,-180,-18.45319654092377,75.5827259828784008
129884.3359708182,71.3442021584259,-90,-180,-18.65579784157408,75.4388382246130078
131237.8265981875,71.14160085777559,-90,-180,-18.8583991422244,75.2936415200675668
132605.4215966858,70.93899955712527,-90,-180,-19.06100044287471,75.1471277245533003
133987.2679442685,70.73639825647496,-90,-180,-19.26360174352503,74.9992887566880313
135383.5141505098,70.53379695582464,-90,-180,-19.46620304417539,74.8501166025350813
136794.3102725626,70.33119565517427,-90,-180,-19.6688043448257,74.6996033198420548
138219.807931287,70.12859435452401,-90,-180,-19.87140564547602,74.5477410423790587
139660.160327544,69.92599305387364,-90,-180,-20.07400694612637,74.3945219843781871
141115.5222586602,69.72339175322332,-90,-180,-20.27660824677669,74.2399384450738040
142586.0501350651,69.52079045257301,-90,-180,-20.479209547427,74.0839828133441927
144071.9019971001,69.3181891519227,-90,-180,-20.68181084807732,73.9266475724552805
145573.2375320037,69.11558785127238,-90,-180,-20.88441214872764,73.7679253049060293
147090.2180910735,68.91298655062201,-90,-180,-21.08701344937799,73.6078086973759866
148623.0067070056,68.71038524997169,-90,-180,-21.28961475002831,73.4462905457749997
150171.7681114184,68.50778394932138,-90,-180,-21.49221605067862,73.2833637603942947
151736.6687525546,68.30518264867106,-90,-180,-21.69481735132894,73.1190213711596328
153317.8768131707,68.10258134802075,-90,-180,-21.89741865197925,72.9532565329853213
154915.5622286119,67.89998004737038,-90,-180,-22.10001995262961,72.7860625312289073
156529.8967050739,67.69737874672006,-90,-180,-22.30262125327993,72.6174327872459884
158161.0537380591,67.49477744606975,-90,-180,-22.50522255393024,72.4473608640436311
159809.2086310207,67.29217614541938,-90,-180,-22.7078238545806,72.2758404720323995
161474.5385142022,67.08957484476906,-90,-180,-22.91042515523091,72.1028654748752018
163157.2223636763,66.88697354411875,-90,-180,-23.11302645588123,71.9284298954313783
164857.4410205778,66.68437224346843,-90,-180,-23.31562775653154,71.7525279217955045
166575.3772105398,66.48177094281812,-90,-180,-23.51822905718187,71.5751539134281387
168311.2155633314,66.2791696421678,-90,-180,-23.72083035783222,71.3963024073774619
170065.1426326994,66.07656834151749,-90,-180,-23.92343165848253,71.2159681245893239
171837.3469164193,65.87396704086717,-90,-180,-24.12603295913285,71.0341459763033640
173628.0188765518,65.67136574021686,-90,-180,-24.32863425978316,70.8508310705332747
175437.3509599134,65.46876443956654,-90,-180,-24.53123556043348,70.6660187186276971
177265.5376187584,65.26616313891617,-90,-180,-24.73383686108384,70.4797044419097318
179112.7753316762,65.06356183826585,-90,-180,-24.93643816173415,70.2918839783912404
180979.262624709,64.86096053761554,-90,-180,-25.13903946238447,70.1025532895587418
182865.200092687,64.65835923696517,-90,-180,-25.34164076303482,69.9117085672275920
184770.7904207853,64.45575793631485,-90,-180,-25.54424206368514,69.7193462404603679
186696.2384063095,64.25315663566454,-90,-180,-25.74684336433545,69.5254629825450650
188641.7509807036,64.05055533501422,-90,-180,-25.94944466498577,69.3300557180294277
190607.53723179,63.84795403436391,-90,-180,-26.15204596563609,69.1331216298061975
192593.808426241,63.64535273371354,-90,-180,-26.35464726628644,68.9346581662446596
194600.7780322822,63.44275143306322,-90,-180,-26.55724856693675,68.7346630483634868
196628.6617426371,63.24015013241291,-90,-180,-26.75984986758708,68.5331342770388403
198677.6774977061,63.03754883176259,-90,-180,-26.96245116823743,68.3300701402429240
200748.0455089886,62.83494753111228,-90,-180,-27.16505246888774,68.1254692203064707
202839.9882827514,62.63234623046196,-90,-180,-27.36765376953806,67.9193304011986356
204953.7306439403,62.42974492981159,-90,-180,-27.57025507018838,67.7116528758185865
207089.499760343,62.22714362916128,-90,-180,-27.7728563708387,67.5024361532912565
209247.5251670037,62.02454232851096,-90,-180,-27.97545767148905,67.2916800662604118
211428.0387908898,61.82194102786065,-90,-180,-28.17805897213936,67.0793847781717716
213631.2749758202,61.61933972721033,-90,-180,-28.38066027278969,66.8655507905380944
215857.4705076485,61.41673842656002,-90,-180,-28.58326157343999,66.6501789501788409
218106.8646397123,61.2141371259097,-90,-180,-28.78586287409031,66.4332704564256176
220379.6991185454,61.01153582525933,-90,-180,-28.98846417474067,66.2148268682853285
222676.2182098579,60.80893452460901,-90,-180,-29.19106547539098,65.9948501115520827
224996.6687247899,60.6063332239587,-90,-180,-29.3936667760413,65.7733424858585209
227341.300046436,60.40373192330833,-90,-180,-29.59626807669165,65.5503066716576939
229710.3641566451,60.20113062265801,-90,-180,-29.79886937734197,65.3257457371258710
232104.1156631045,59.9985293220077,-90,-180,-30.00147067799229,65.0996631449759207
234522.8118267007,59.79592802135738,-90,-180,-30.2040719786426,64.8720627591717971
236966.7125891688,59.59332672070707,-90,-180,-30.40667327929292,64.6429488515336601
239436.0806010289,59.3907254200567,-90,-180,-30.60927457994328,64.4123261082228709
241931.1812498119,59.18812411940644,-90,-180,-30.81187588059359,64.1801996360966314
244452.2826885841,58.98552281875607,-90,-180,-31.0144771812439,63.9465749689204586
246999.6558647644,58.78292151810575,-90,-180,-31.21707848189423,63.7114580734284814
249573.5745492431,58.58032021745544,-90,-180,-31.41967978254454,63.4748553552197592
252174.3153658065,58.37771891680512,-90,-180,-31.6222810831949,63.2367736644785978
254802.1578208626,58.17511761615481,-90,-180,-31.82488238384521,62.9972203015087473
257457.3843334846,57.97251631550449,-90,-180,-32.02748368449552,62.7562030220681493
260140.2802657605,57.76991501485412,-90,-180,-32.23008498514589,62.5137300424937195
262851.1339534604,57.56731371420381,-90,-180,-32.43268628579619,62.2698100446039007
265590.2367370273,57.36471241355349,-90,-180,-32.63528758644651,62.0244521803666800
268357.8829928864,57.16211111290318,-90,-180,-32.83788888709682,61.7776660763217791
271154.370165082,56.95950981225286,-90,-180,-33.04049018774715,61.5294618377448188
273979.998797246,56.75690851160249,-90,-180,-33.2430914883975,61.2798500525412351
276835.0725648945,56.55430721095217,-90,-180,-33.44569278904781,61.0288417948588773
279719.8983080686,56.35170591030186,-90,-180,-33.64829408969813,60.7764486284062571
282634.786064309,56.14910460965154,-90,-180,-33.85089539034848,60.5226826094660026
285580.0491019739,55.94650330900123,-90,-180,-34.05349669099876,60.2675562895914183
288556.0039539133,55.74390200835086,-90,-180,-34.25609799164912,60.0110827179739488
291562.9704514786,55.54130070770054,-90,-180,-34.45869929229944,59.7532754434723188
294601.2717589026,55.33869940705023,-90,-180,-34.66130059294975,59.4941485162898545
297671.2344080278,55.13609810639991,-90,-180,-34.86390189360011,59.2337164892912966
300773.1883333976,54.9334968057496,-90,-180,-35.06650319425042,58.9719944189475811
303907.4669077186,54.73089550509928,-90,-180,-35.26910449490074,58.7089978658984322
307074.4069776864,54.52829420444897,-90,-180,-35.47170579555105,58.4447428951235679
310274.348900188,54.32569290379865,-90,-180,-35.67430709620137,58.1792460757123919
313507.6365788805,54.12309160314828,-90,-180,-35.87690839685173,57.9125244802237518
316774.6175011495,53.92049030249797,-90,-180,-36.07950969750204,57.6445956836268465
320075.6427754569,53.71788900184765,-90,-180,-36.28211099815235,57.3754777618151692
323411.0671690744,53.51528770119728,-90,-180,-36.48471229880271,57.1051892896861304
326781.2491462083,53.31268640054697,-90,-180,-36.68731359945303,56.8337493387795121
330186.5509065285,53.11008509989665,-90,-180,-36.88991490010334,56.5611774744676197
333627.3384240918,52.90748379924634,-90,-180,-37.09251620075366,56.2874937526920931
337103.9814866751,52.70488249859602,-90,-180,-37.29511750140397,56.0127187162416931
340616.8537355174,52.50228119794565,-90,-180,-37.49771880205433,55.7368733905667497
344166.3327054729,52.29967989729533,-90,-180,-37.70032010270465,55.4599792791265500
347752.7998655898,52.09707859664502,-90,-180,-37.90292140335496,55.1820583582659410
351376.6406601046,51.8944772959947,-90,-180,-38.10552270400528,54.9031330716197701
355038.2445498672,51.69187599534439,-90,-180,-38.3081240046556,54.6232263240429390
358738.0050541975,51.48927469469402,-90,-180,-38.51072530530595,54.3423614750652746
362476.3197931751,51.28667339404376,-90,-180,-38.71332660595626,54.0605623318718642
366253.5905303764,51.08407209339344,-90,-180,-38.91592790660658,53.7778531418086558
370070.2232160507,50.88147079274307,-90,-180,-39.11852920725694,53.4942585844162579
373926.6280307463,50.67886949209276,-90,-180,-39.32113050790726,53.2098037629939640
377823.2194293977,50.47626819144244,-90,-180,-39.52373180855757,52.9245141956969718
381760.4161858648,50.27366689079213,-90,-180,-39.72633310920789,52.6384158061723539
385738.6414379404,50.07106559014181,-90,-180,-39.92893440985819,52.3515349137378863
389758.3227328261,49.86846428949144,-90,-180,-40.13153571050856,52.0638982231107050
393819.8920730781,49.66586298884113,-90,-180,-40.33413701115887,51.7755328136926494
397923.7859630409,49.46326168819081,-90,-180,-40.53673831180919,51.4864661284196004
402070.4454557553,49.2606603875405,-90,-180,-40.7393396124595,51.1967259621849990
406260.3162003602,49.05805908689018,-90,-180,-40.94194091310982,50.9063404498461622
410493.8484899887,48.85545778623981,-90,-180,-41.14454221376018,50.6153380538245159
414771.4973101573,48.6528564855895,-90,-180,-41.34714351441049,50.3237475513116692
419093.7223876707,48.45025518493918,-90,-180,-41.54974481506081,50.0315980210924565
423460.9882400257,48.24765388428887,-90,-180,-41.75234611571116,49.7389188299998111
427873.7642253316,48.04505258363849,-90,-180,-41.95494741636148,49.4457396190145602
432332.5245927583,47.84245128298818,-90,-180,-42.1575487170118,49.1520902890246987
436837.7485335012,47.63984998233786,-90,-180,-42.36015001766211,48.8580009862607128
441389.9202322814,47.43724868168761,-90,-180,-42.56275131831242,48.5635020874227123
445989.5289193831,47.23464738103723,-90,-180,-42.76535261896278,48.2686241845163408
450637.0689232283,47.03204608038692,-90,-180,-42.96795391961309,47.9733980694158362
455333.0397235088,46.8294447797366,-90,-180,-43.17055522026342,47.6778547181715453
460077.9460048631,46.62684347908623,-90,-180,-43.37315652091377,47.3820252750821354
464872.2977111128,46.42424217843597,-90,-180,-43.57575782156405,47.0859410365504019
469716.6101000765,46.2216408777856,-90,-180,-43.7783591222144,46.7896334347419796
474611.4037989332,46.01903957713529,-90,-180,-43.98096042286471,46.4931340210696860
479557.204860185,45.81643827648497,-90,-180,-44.18356172351503,46.1964744495215172
484554.5448181893,45.6138369758346,-90,-180,-44.38616302416538,45.8996864598561487
489603.9607462808,45.41123567518429,-90,-180,-44.5887643248157,45.6028018606862915
494705.9953144976,45.20863437453397,-90,-180,-44.79136562546602,45.3058525124717448
499861.196847899,45.00603307388366,-90,-180,-44.99396692611634,45.0088703104450900
505070.1193854962,44.80343177323334,-90,-180,-45.19656822676664,44.7118871674915894
510333.3227397969,44.60083047258297,-90,-180,-45.39916952741701,44.4149349970059149
515651.3725569646,44.39822917193271,-90,-180,-45.60177082806732,44.1180456957486058
521024.8403776169,44.19562787128234,-90,-180,-45.80437212871763,43.8212511267236025
526454.3036982463,43.99302657063203,-90,-180,-46.006973429368,43.5245831021006282
531940.3460332813,43.79042526998171,-90,-180,-46.20957473001831,43.2280733662040433
537483.5569778051,43.5878239693314,-90,-180,-46.41217603066862,42.9317535785897988
543084.5322709153,43.38522266868108,-90,-180,-46.61477733131895,42.6356552972335905
548743.8738597509,43.18262136803071,-90,-180,-46.81737863196926,42.3398099618510528
554462.189964185,42.98002006738039,-90,-180,-47.01997993261961,42.0442488773713237
560240.0951421876,42.77741876673008,-90,-180,-47.22258123326993,41.7490031975856795
566078.210355879,42.57481746607976,-90,-180,-47.42518253392025,41.4541039089905965
571977.1630382627,42.37221616542945,-90,-180,-47.62778383457055,41.1595818148464971
577937.5871606568,42.16961486477913,-90,-180,-47.83038513522088,40.8654675194711245
583960.1233008292,41.96701356412876,-90,-180,-48.03298643587124,40.5717914127866592
590045.4187118377,41.76441226347845,-90,-180,-48.23558773652154,40.2785836551392009
596194.1273915982,41.56181096282813,-90,-180,-48.43818903717186,39.9858741624077680
602406.9101531671,41.35920966217782,-90,-180,-48.64079033782221,39.6936925914209553
608684.4346957572,41.15660836152745,-90,-180,-48.84339163847254,39.4020683256969306
615027.3756765034,40.95400706087713,-90,-180,-49.04599293912285,39.1110304615221835
621436.4147829645,40.75140576022682,-90,-180,-49.24859423977316,38.8206077943849053
627912.2408063868,40.5488044595765,-90,-180,-49.45119554042348,38.5308288057761317
634455.5497157308,40.34620315892619,-90,-180,-49.65379684107384,38.2417216503724475
641067.0447324635,40.14360185827582,-90,-180,-49.85639814172416,37.9533141436127579
647747.4364061423,39.94100055762556,-90,-180,-50.05899944237447,37.6656337496799907
654497.4426907739,39.73839925697524,-90,-180,-50.26160074302478,37.3787075698994684
661317.7890219757,39.53579795632493,-90,-180,-50.46420204367509,37.0925623315630446
668209.2083949411,39.33319665567456,-90,-180,-50.66680334432545,36.8072243771881702
675172.4414432098,39.13059535502424,-90,-180,-50.86940464497577,36.5227196542201185
682208.2365182738,38.92799405437393,-90,-180,-51.07200594562608,36.2390737051837704
689317.3497700003,38.72539275372355,-90,-180,-51.27460724627645,35.9563116582922504
696500.5452278913,38.52279145307324,-90,-180,-51.47720854692676,35.6744582185170955
703758.5948832044,38.32019015242292,-90,-180,-51.67980984757707,35.3935376591240001
711092.2787719148,38.11758885177261,-90,-180,-51.88241114822738,35.1135738136786841
718502.3850585476,37.91498755112229,-90,-180,-52.0850124488777,34.8345900685247614
725989.7101208857,37.71238625047192,-90,-180,-52.28761374952807,34.5566093557355742
733555.0586355516,37.50978494982161,-90,-180,-52.49021505017837,34.2796541465411693
741199.2436644966,37.30718364917129,-90,-180,-52.6928163508287,34.0037464452298934
748923.0867423773,37.10458234852092,-90,-180,-52.89541765147906,33.7289077835246829
756727.4179648432,36.90198104787066,-90,-180,-53.09801895212936,33.4551592154321611
764613.0760777579,36.69937974722035,-90,-180,-53.30062025277967,33.1825213125616756
772580.9085673338,36.49677844657003,-90,-180,-53.50322155343,32.9110141599123693
780631.7717512154,36.29417714591966,-90,-180,-53.70582285408032,32.6406573521235899
788766.5308705105,36.09157584526935,-90,-180,-53.90842415473067,32.3714699901843943
796986.0601827728,35.88897454461903,-90,-180,-54.11102545538099,32.1034706785974109
805291.2430559697,35.68637324396872,-90,-180,-54.3136267560313,31.8366775229903887
813682.9720634132,35.4837719433184,-90,-180,-54.51622805668162,31.5711081281700103
822162.1490796879,35.28117064266809,-90,-180,-54.71882935733193,31.3067795966103581
830729.6853775785,35.07856934201772,-90,-180,-54.92143065798229,31.0437085273686186
839386.5017259999,34.8759680413674,-90,-180,-55.12403195863261,30.7819110154203344
848133.5284889633,34.67336674071709,-90,-180,-55.32663325928292,30.5214026514048626
856971.7057255596,34.47076544006671,-90,-180,-55.52923455993327,30.2621985217729446
865901.9832909841,34.2681641394164,-90,-180,-55.73183586058359,30.0043132093267459
874925.3209386292,34.06556283876608,-90,-180,-55.9344371612339,29.7477607941418754
884042.6884232241,33.86296153811577,-90,-180,-56.13703846188422,29.4925548548624086
893255.0656050581,33.66036023746545,-90,-180,-56.33963976253455,29.2387084703574978
902563.4425552894,33.45775893681514,-90,-180,-56.54224106318489,28.9862342217293829
911968.819662343,33.25515763616477,-90,-180,-56.74484236383521,28.7351441946616859
921472.2077394348,33.05255633551445,-90,-180,-56.94744366448553,28.4854499820963483
931074.6281331985,32.84995503486414,-90,-180,-57.15004496513585,28.2371626872286292
940777.1128334538,32.64735373421382,-90,-180,-57.35264626578616,27.9902929268078893
950580.7045841172,32.44475243356351,-90,-180,-57.55524756643651,27.7448508347327163
960486.456995261,32.24215113291314,-90,-180,-57.75784886708684,27.5008460659288509
970495.4346563574,32.03954983226288,-90,-180,-57.96045016773714,27.2582878004973139
980608.7132506869,31.83694853161251,-90,-180,-58.16305146838749,27.0171847481216254
990827.3796709372,31.63434723096219,-90,-180,-58.36565276903782,26.7775451527220021
1001152.532136026,31.43174593031188,-90,-180,-58.56825406968814,26.5393767973438912
1011585.280309121,31.22914462966156,-90,-180,-58.77085537033844,26.3026870092699383
1022126.745416898,31.02654332901125,-90,-180,-58.97345667098877,26.0674826653429683
1032778.060370045,30.82394202836088,-90,-180,-59.17605797163911,25.8337701974881888
1043540.369885009,30.62134072771056,-90,-180,-59.37865927228944,25.6015555984233174
1054414.830607034,30.41873942706025,-90,-180,-59.58126057293975,25.3708444275444016
1065402.611234457,30.21613812640993,-90,-180,-59.78386187359007,25.1416418169767226
1076504.892644318,30.01353682575956,-90,-180,-59.98646317424043,24.9139524777787393
1087722.86801926,29.81093552510924,-90,-180,-60.18906447489074,24.6877807062886490
1099057.742975776,29.60833422445893,-90,-180,-60.39166577554106,24.4631303906017408
1110510.735693771,29.40573292380861,-90,-180,-60.59426707619137,24.2400050171688086
1122083.077047485,29.20313162315824,-90,-180,-60.79686837684173,24.0184076775043458
1133776.01073777,29.00053032250798,-90,-180,-60.99946967749204,23.7983410749946920
1145590.793425766,28.79792902185761,-90,-180,-61.20207097814236,23.5798075317953639
1157528.694867944,28.59532772120735,-90,-180,-61.40467227879267,23.3628089958087841
1169590.998052577,28.39272642055698,-90,-180,-61.607273579443,23.1473470477317456
1181778.999337626,28.19012511990667,-90,-180,-61.80987488009335,22.9334229081639087
1194094.008590048,27.98752381925635,-90,-180,-62.01247618074365,22.7210374447683563
1206537.349326591,27.78492251860604,-90,-180,-62.21507748139398,22.5101911794745071
1219110.35885602,27.58232121795572,-90,-180,-62.4176787820443,22.3008842957161413
1231814.388422846,27.37971991730535,-90,-180,-62.62028008269465,22.0931166456952575
1244650.803352538,27.17711861665504,-90,-180,-62.82288138334497,21.8868877576643790
1257620.983198273,26.97451731600472,-90,-180,-63.02548268399529,21.6821968432190459
1270726.321889186,26.77191601535441,-90,-180,-63.2280839846456,21.4790428045938810
1283968.227880185,26.56931471470403,-90,-180,-63.43068528529596,21.2774242419543214
1297348.124303309,26.36671341405372,-90,-180,-63.63328658594627,21.0773394606778552
1310867.449120693,26.16411211340341,-90,-180,-63.83588788659659,20.8787864786173323
1324527.655279094,25.96151081275309,-90,-180,-64.0384891872469,20.6817630333412197
1338330.210866047,25.75890951210278,-90,-180,-64.24109048789722,20.4862665893438347
1352276.599267646,25.55630821145246,-90,-180,-64.44369178854757,20.2922943452202738
1366368.319327953,25.35370691080209,-90,-180,-64.64629308919788,20.0998432408007659
1380606.885510101,25.15110561015183,-90,-180,-64.8488943898482,19.9089099642386280
1394993.828059044,24.94850430950146,-90,-180,-65.05149569049856,19.7194909590477607
1409530.693166013,24.74590300885114,-90,-180,-65.25409699114887,19.5315824310845549
1424219.043134698,24.54330170820083,-90,-180,-65.4566982917992,19.3451803554697506
1439060.456549144,24.34070040755051,-90,-180,-65.6592995924495,19.1602804834465488
1454056.528443408,24.1380991069002,-90,-180,-65.86190089309981,18.9768783491707467
1469208.87047298,23.93549780624983,-90,-180,-66.06450219375017,18.7949692764294909
1484519.111087983,23.73289650559951,-90,-180,-66.2671034944005,18.6145483852851612
1499988.895708198,23.5302952049492,-90,-180,-66.46970479505082,18.4356105986411656
1515619.886899894,23.32769390429888,-90,-180,-66.67230609570113,18.2581506487269323
1531413.764554508,23.12509260364851,-90,-180,-66.87490739635147,18.0821630834992355
1547372.22606918,22.9224913029982,-90,-180,-67.07750869700179,17.9076422729575135
1563496.986529185,22.71989000234788,-90,-180,-67.2801099976521,17.7345824153706175
1579789.778892252,22.51728870169757,-90,-180,-67.48271129830243,17.5629775434132398
1596252.354174813,22.31468740104719,-90,-180,-67.68531259895279,17.3928215302099183
1612886.48164017,22.11208610039694,-90,-180,-67.88791389960309,17.2241080952852954
1629693.948988666,21.90948479974656,-90,-180,-68.09051520025341,17.0568308104183330
1646676.562549799,21.70688349909625,-90,-180,-68.29311650090374,16.8909831054000676
1663836.147476349,21.50428219844594,-90,-180,-68.49571780155405,16.7265582736932501
1681174.547940543,21.30168089779562,-90,-180,-68.69831910220439,16.5635494779927832
1698693.627332231,21.09907959714531,-90,-180,-68.90092040285472,16.4019497556865979
1716395.26845917,20.89647829649493,-90,-180,-69.10352170350504,16.2417520242155504
1734281.373749361,20.69387699584468,-90,-180,-69.30612300415534,16.0829490863325049
1752353.865455511,20.4912756951943,-90,-180,-69.50872430480571,15.9255336352597219
1770614.685861609,20.28867439454399,-90,-180,-69.71132560545603,15.7694982597445925
1789065.797491688,20.08607309389367,-90,-180,-69.91392690610634,15.6148354490130501
1807709.183320723,19.88347179324336,-90,-180,-70.11652820675664,15.4615375976213159
1826546.846987759,19.68087049259299,-90,-180,-70.31912950740701,15.3095970102053993
1845580.813011225,19.47826919194267,-90,-180,-70.52173080805733,15.1590059061291438
1864813.127006537,19.27566789129236,-90,-180,-70.72433210870764,15.0097564240303569
1884245.85590593,19.07306659064204,-90,-180,-70.92693340935796,14.8618406262661580
1903881.0881806,18.87046528999173,-90,-180,-71.12953471000826,14.7152505032574936
1923720.934065154,18.66786398934136,-90,-180,-71.33213601065863,14.5699779777336236
1943767.525784392,18.46526268869104,-90,-180,-71.53473731130894,14.4260149088771623
1964023.017782481,18.26266138804073,-90,-180,-71.73733861195926,14.2833530963701580
1984489.586954487,18.06006008739041,-90,-180,-71.93993991260962,14.1419842843423851
2005169.432880314,17.8574587867401,-90,-180,-72.14254121325992,14.0019001652225583
2026064.778061128,17.65485748608978,-90,-180,-72.34514251391023,13.8630923834929245
2047177.868158189,17.45225618543941,-90,-180,-72.54774381456056,13.7255525393490121
2068510.972234208,17.24965488478915,-90,-180,-72.75034511521088,13.5892721922648541
2090066.382997205,17.04705358413878,-90,-180,-72.95294641586123,13.4542428644650673
2111846.4170469,16.84445228348847,-90,-180,-73.15554771651153,13.3204560443049527
2133853.415123702,16.64185098283815,-90,-180,-73.35814901716186,13.1879031895594139
2156089.742360259,16.43924968218784,-90,-180,-73.56075031781218,13.0565757306223329
2178557.788535646,16.23664838153752,-90,-180,-73.76335161846249,12.9264650736173294
2201259.968332204,16.03404708088715,-90,-180,-73.96595291911285,12.7975626034212162
2224198.721595032,15.83144578023683,-90,-180,-74.16855421976317,12.6698596866015478
2247376.513594232,15.62884447958652,-90,-180,-74.37115552041348,12.5433476742692687
2270795.835289835,15.42624317893615,-90,-180,-74.57375682106384,12.4180179048481829
2294459.203599502,15.22364187828583,-90,-180,-74.77635812171415,12.2938617067624065
2318369.161669049,15.02104057763552,-90,-180,-74.97895942236447,12.1708704010428637
2342528.279145741,14.8184392769852,-90,-180,-75.18156072301478,12.0490353038548594
2366939.152454466,14.61583797633489,-90,-180,-75.3841620236651,11.9283477289474913
2391604.405076776,14.41323667568452,-90,-180,-75.58676332431546,11.8087989900266308
2416526.687832827,14.21063537503426,-90,-180,-75.78936462496577,11.6903804030528455
2441708.679166289,14.00803407438389,-90,-180,-75.99196592561609,11.5730832884654387
2467153.085432187,13.80543277373363,-90,-180,-76.1945672262664,11.4568989733343560
2492862.641187769,13.60283147308326,-90,-180,-76.39716852691676,11.3418187934411385
2518840.10948637,13.40023017243294,-90,-180,-76.59976982756707,11.2278340952904667
2545088.282174397,13.19762887178263,-90,-180,-76.80237112821739,11.1149362380534260
2571609.98019135,12.99502757113225,-90,-180,-77.00497242886772,11.0031165954443697
2598408.053873008,12.79242627048194,-90,-180,-77.20757372951806,10.8923665575322932
2625485.383257733,12.58982496983162,-90,-180,-77.41017503016839,10.7826775324885453
2652844.87839603,12.38722366918131,-90,-180,-77.61277633081869,10.6740409482717489
2680489.479663271,12.184622368531,-90,-180,-77.815377631469,10.5664482542518954
2708422.158075713,11.98202106788068,-90,-180,-78.01797893211932,10.4598909227744805
2736645.915609795,11.77941976723031,-90,-180,-78.22058023276968,10.3543604506663343
2765163.785524752,11.57681846657999,-90,-180,-78.42318153341999,10.2498483606844228
2793978.832688636,11.37421716592968,-90,-180,-78.62578283407031,10.1463462029087204
2823094.153907679,11.17161586527936,-90,-180,-78.82838413472062,10.0438455560809086
2852512.878259123,10.96901456462899,-90,-180,-79.03098543537098,9.9423380288897789
2882238.167427491,10.76641326397873,-90,-180,-79.23358673602129,9.8418152612049390
2912273.216044407,10.56381196332836,-90,-180,-79.43618803667162,9.7422689252597845
2942621.252031906,10.3612106626781,-90,-180,-79.63878933732192,9.6436907267853123
2973285.536949363,10.15860936202773,-90,-180,-79.84139063797228,9.5460724060957727
3004269.366343986,9.956008061377418,-90,-180,-80.0439919386226,9.4494057391275579
3035576.070105038,9.753406760727103,-90,-180,-80.24659323927291,9.3536825384322526
3067209.012821679,9.550805460076788,-90,-180,-80.44919453992323,9.2588946541254078
3099171.594144569,9.348204159426473,-90,-180,-80.65179584057356,9.1650339747919070
3131467.249151246,9.145602858776101,-90,-180,-80.85439714122391,9.0720924283491566
3164099.448715268,8.943001558125786,-90,-180,-81.05699844187421,8.9800619828693726
3197071.699879278,8.740400257475471,-90,-180,-81.25959974252453,8.8889346473617259
3230387.546231887,8.537798956825156,-90,-180,-81.46220104317484,8.7987024725158225
3264050.568288517,8.335197656174785,-90,-180,-81.66480234382522,8.7093575514073773
3298064.383876184,8.13259635552447,-90,-180,-81.86740364447552,8.6208920201671955
3332432.648522353,7.929995054874155,-90,-180,-82.07000494512583,8.5332980586143421
3367159.055847775,7.72739375422384,-90,-180,-82.27260624577616,8.4465678908548298
3402247.337963461,7.524792453573468,-90,-180,-82.47520754642652,8.3606937858464629
3437701.265871754,7.322191152923153,-90,-180,-82.67780884707683,8.2756680579311475
3473524.649871642,7.119589852272838,-90,-180,-82.88041014772715,8.1914830673352537
3509721.339968236,6.91698855162258,-90,-180,-83.08301144837745,8.1081312206392937
3546295.226286548,6.714387250972209,-90,-180,-83.28561274902782,8.0256049712176480
3583250.23948954,6.511785950321837,-90,-180,-83.48821404967813,7.9438968196493800
3620590.351200606,6.309184649671579,-90,-180,-83.69081535032845,7.8629993141007128
3658319.57443038,6.106583349021207,-90,-180,-83.89341665097876,7.7829050506804460
3696441.964008032,5.903982048370892,-90,-180,-84.09601795162912,7.7036066737688316
3734961.617017027,5.701380747720577,-90,-180,-84.29861925227942,7.6250968763209030
3773882.673235481,5.498779447070262,-90,-180,-84.50122055292975,7.5473684001448902
3813209.315581047,5.296178146419948,-90,-180,-84.70382185358007,7.4704140361567335
3852945.770560468,5.093576845769633,-90,-180,-84.90642315423038,7.3942266246112487
3893096.308723812,4.890975545119261,-90,-180,-85.10902445488074,7.3187990553108424
3933665.245123407,4.688374244468946,-90,-180,-85.31162575553105,7.2441242677924382
3974656.939777636,4.485772943818631,-90,-180,-85.51422705618137,7.1701952514932756
4016075.79813948,4.283171643168316,-90,-180,-85.71682835683168,7.0970050458964202
4057926.271570002,4.080570342517944,-90,-180,-85.91942965748204,7.0245467406565352
4100212.857816705,3.87796904186763,-90,-180,-86.12203095813236,6.9528134757067050
4142940.101496967,3.675367741217315,-90,-180,-86.32463225878267,6.8817984413467190
4186112.594586423,3.472766440567,-90,-180,-86.527233559433,6.8114948783137930
4229734.976912492,3.270165139916685,-90,-180,-86.72983486008334,6.7418960778360102
4273811.936652991,3.067563839266313,-90,-180,-86.93243616073366,6.6729953816693550
4318348.210840039,2.864962538616055,-90,-180,-87.13503746138397,6.6047861821186471
4363348.585869114,2.662361237965683,-90,-180,-87.33763876203429,6.5372619220432249
4408817.898013466,2.459759937315425,-90,-180,-87.5402400626846,6.4704160948477343
4454761.033943893,2.257158636665054,-90,-180,-87.74284136333496,6.4042422444586196
4501182.93125388,2.054557336014739,-90,-180,-87.94544266398528,6.3387339652869361
4548088.578990308,1.851956035364424,-90,-180,-88.1480439646356,6.2738849021777501
4595483.018189596,1.649354734714109,-90,-180,-88.35064526528591,6.2096887503469382
4643371.342419496,1.446753434063737,-90,-180,-88.55324656593626,6.1461392553056200
4691758.698326464,1.244152133413422,-90,-180,-88.75584786658658,6.0832302127728726
4740650.286188838,1.041550832763107,-90,-180,-88.95844916723691,6.0209554685769699
4790051.360475686,0.8389495321127924,-90,-180,-89.16105046788721,5.9593089185458510
4839967.23041153,0.6363482314624207,-90,-180,-89.36365176853757,5.8982845083870510
4890403.260546901,0.4337469308121058,-90,-180,-89.56625306918789,5.8378762335576466
4941364.871334932,0.2311456301617909,-90,-180,-89.76885436983821,5.7780781391244638
4992857.53971387,0.02854432951147601,-90,-180,-89.97145567048851,5.7188843196151433
5044886.799695699,0,-90,-180,-90,5.6602889188603056
5097458.242960905,0,-90,-180,-90,5.6022861298272320
5150577.519459376,0,-90,-180,-90,5.5448701944454939
5204250.338017679,0,-90,-180,-90,5.4880354034246919
5258482.46695257,0,-90,-180,-90,5.4317760960648833
5313279.734690885,0,-90,-180,-90,5.3760866600599311
5368648.030396006,0,-90,-180,-90,5.3209615312939631
5424593.30460073,0,-90,-180,-90,5.2663951936315279
5481121.569846795,0,-90,-180,-90,5.2123821787015050
5538238.901331076,0,-90,-180,-90,5.1589170656751913
5595951.437558448,0,-90,-180,-90,5.1059944810388691
5654265.381001567,0,-90,-180,-90,5.0536090983609618
5713186.998767422,0,-90,-180,-90,5.0017556380542869
5772722.623270894,0,-90,-180,-90,4.9504288671334784
5832878.652915266,0,-90,-180,-90,4.8996235989679571
5893661.552779937,0,-90,-180,-90,4.8493346930305341
5955077.855315194,0,-90,-180,-90,4.7995570546420829
6017134.161044287,0,-90,-180,-90,4.7502856347123510
6079837.139272755,0,-90,-180,-90,4.7015154294772401
6143193.528805259,0,-90,-180,-90,4.6532414802326434
6207210.138669761,0,-90,-180,-90,4.6054588730651860
6271893.848849325,0,-90,-180,-90,4.5581627385799948
6337251.611021522,0,-90,-180,-90,4.5113482516256731
6403290.449305502,0,-90,-180,-90,4.4650106310167574
6470017.461016951,0,-90,-180,-90,4.4191451392536898
6537439.817430814,0,-90,-180,-90,4.3737470822406506
6605564.764552023,0,-90,-180,-90,4.3288118090012810
6674399.623894192,0,-90,-180,-90,4.2843347113925896
6743951.793266547,0,-90,-180,-90,4.2403112238170229
6814228.747568932,0,-90,-180,-90,4.1967368229330457
6885238.03959518,0,-90,-180,-90,4.1536070273642540
6956987.300844763,0,-90,-180,-90,4.1109173974072313
7029484.242343055,0,-90,-180,-90,4.0686635347381834
7102736.655469988,0,-90,-180,-90,4.0268410821186302
7176752.412797424,0,-90,-180,-90,3.9854457231001694
7251539.468935248,0,-90,-180,-90,3.9444731817284708
7327105.861386203,0,-90,-180,-90,3.9039192222466621
7403459.711409791,0,-90,-180,-90,3.8637796487980887
7480609.224895013,0,-90,-180,-90,3.8240503051287504
7558562.693242303,0,-90,-180,-90,3.7847270742893508
7637328.494254563,0,-90,-180,-90,3.7458058783371864
7716915.093037628,0,-90,-180,-90,3.7072826780378358
7797331.042909967,0,-90,-180,-90,3.6691534725669053
7878584.986321956,0,-90,-180,-90,3.6314142992117966
7960685.655784634,0,-90,-180,-90,3.5940612330736657
8043641.874808296,0,-90,-180,-90,3.5570903867695494
8127462.558850708,0,-90,-180,-90,3.5204979101348970
8212156.716275305,0,-90,-180,-90,3.4842799899264323
8297733.449319266,0,-90,-180,-90,3.4484328495255450
8384201.955071845,0,-90,-180,-90,3.4129527486421543
8471571.526462739,0,-90,-180,-90,3.3778359830192448
8559851.553260833,0,-90,-180,-90,3.3430788841380457
8649051.523083342,0,-90,-180,-90,3.3086778189239618
8739181.022415409,0,-90,-180,-90,3.2746291894533206
8830249.737640474,0,-90,-180,-90,3.2409294326609204
8922267.456081226,0,-90,-180,-90,3.2075750200485578
9015244.067051498,0,-90,-180,-90,3.1745624573944773
9109189.562919011,0,-90,-180,-90,3.1418882844638754
9204114.040179392,0,-90,-180,-90,3.1095490747204102
9300027.700541178,0,-90,-180,-90,3.0775414350388801
9396940.852022264,0,-90,-180,-90,3.0458620054190160
9494863.910057636,0,-90,-180,-90,3.0145074587005172
9593807.398618856,0,-90,-180,-90,2.9834745002792502
9693781.951345019,0,-90,-180,-90,2.9527598678247884
9794798.312685605,0,-90,-180,-90,2.9223603309992225
9896867.339055123,0,-90,-180,-90,2.8922726911773524
10000000,0,-90,-180,-90,2.8624937811681921
