0.01,0,0,0,0,-0.0017334505761030
0.01010420737937741,0,0,0,0,-0.0017697590845690
0.01020950067654649,0,0,0,0,-0.0018068279455887
0.01031589120757197,0,0,0,0,-0.0018446730753502
0.01042339040644033,0,0,0,0,-0.0018833107229193
0.0105320098262886,0,0,0,0,-0.0019227574772017
0.01064176114064607,0,0,0,0,-0.0019630302740286
0.01075265614468878,0,0,0,0,-0.0020041464034038
0.01086470675650722,0,0,0,0,-0.0020461235168998
0.01097792501838718,0,0,0,0,-0.0020889796351955
0.01109232309810396,0,0,0,0,-0.0021327331557880
0.01120791329023006,0,0,0,0,-0.0021774028608560
0.01132470801745647,0,0,0,0,-0.0022230079252822
0.01144271983192782,0,0,0,0,-0.0022695679248472
0.01156196141659133,0,0,0,0,-0.0023171028446051
0.0116824455865599,0,0,0,0,-0.0023656330874049
0.01180418529048936,0,0,0,0,-0.0024151794826220
0.01192719361197008,0,0,0,0,-0.0024657632950432
0.01205148377093312,0,0,0,0,-0.0025174062339557
0.01217706912507096,0,0,0,0,-0.0025701304624119
0.01230396317127308,0,0,0,0,-0.0026239586066935
0.01243217954707653,0,0,0,0,-0.0026789137659716
0.01256173203213156,0,0,0,0,-0.0027350195221666
0.01269263454968253,0,0,0,0,-0.0027922999500030
0.01282490116806428,0,0,0,0,-0.0028507796272956
0.0129585461022141,0,0,0,0,-0.0029104836454258
0.01309358371519941,0,0,0,0,-0.0029714376200438
0.01323002851976138,0,0,0,0,-0.0030336677019990
0.01336789517987465,0,0,0,0,-0.0030972005884863
0.01350719851232332,0,0,0,0,-0.0031620635344280
0.01364795348829328,0,0,0,0,-0.0032282843640960
0.01379017523498127,0,0,0,0,-0.0032958914829628
0.01393387903722053,0,0,0,0,-0.0033649138898142
0.01407908033912359,0,0,0,0,-0.0034353811890950
0.014225794745742,0,0,0,0,-0.0035073236035271
0.01437403802474347,0,0,0,0,-0.0035807719869662
0.01452382610810644,0,0,0,0,-0.0036557578375632
0.01467517509383234,0,0,0,0,-0.0037323133111428
0.01482810124767563,0,0,0,0,-0.0038104712349158
0.01498262100489194,0,0,0,0,-0.0038902651214306
0.01513875097200442,0,0,0,0,-0.0039717291828377
0.01529650792858839,0,0,0,0,-0.0040548983454358
0.01545590882907479,0,0,0,0,-0.0041398082645305
0.0156169708045722,0,0,0,0,-0.0042264953395912
0.015779711164708,0,0,0,0,-0.0043149967297146
0.01594414739948866,0,0,0,0,-0.0044053503694252
0.01611029718117945,0,0,0,0,-0.0044975949847845
0.01627817836620365,0,0,0,0,-0.0045917701098402
0.01644780899706166,0,0,0,0,-0.0046879161034197
0.01661920730427006,0,0,0,0,-0.0047860741662462
0.01679239170832085,0,0,0,0,-0.0048862863584474
0.01696738082166115,0,0,0,0,-0.0049885956173788
0.01714419345069354,0,0,0,0,-0.0050930457758491
0.01732284859779715,0,0,0,0,-0.0051996815807022
0.01750336546336996,0,0,0,0,-0.0053085487117922
0.01768576344789224,0,0,0,0,-0.0054196938013290
0.0178700621540116,0,0,0,0,-0.0055331644536538
0.0180562813886497,0,0,0,0,-0.0056490092653819
0.01824444116513092,0,0,0,0,-0.0057672778459950
0.01843456170533329,0,0,0,0,-0.0058880208388296
0.01862666344186168,0,0,0,0,-0.0060112899425063
0.01882076702024382,0,0,0,0,-0.0061371379328045
0.01901689330114906,0,0,0,0,-0.0062656186849686
0.01921506336263032,0,0,0,0,-0.0063967871964898
0.01941529850238937,0,0,0,0,-0.0065306996103424
0.01961762024006579,0,0,0,0,-0.0066674132386895
0.01982205031954964,0,0,0,0,-0.0068069865870988
0.02002861071131838,0,0,0,0,-0.0069494793792237
0.02023732361479806,0,0,0,0,-0.0070949525820059
0.02044821146074913,0,0,0,0,-0.0072434684313838
0.02066129691367711,0,0,0,0,-0.0073950904585371
0.02087660287426838,0,0,0,0,-0.0075498835166575
0.02109415248185144,0,0,0,0,-0.0077079138082572
0.02131396911688355,0,0,0,0,-0.0078692489130556
0.0215360764034637,0,0,0,0,-0.0080339578164103
0.02176049821187136,0,0,0,0,-0.0082021109383435
0.02198725866113195,0,0,0,0,-0.0083737801631552
0.02221638212160893,0,0,0,0,-0.0085490388696227
0.02244789321762293,0,0,0,0,-0.0087279619618367
0.02268181683009817,0,0,0,0,-0.0089106259006468
0.02291817809923647,0,0,0,0,-0.0090971087357517
0.02315700242721909,0,0,0,0,-0.0092874901384352
0.02339831548093677,0,0,0,0,-0.0094818514349680
0.0236421431947482,0,0,0,0,-0.0096802756406829
0.02388851177326722,0,0,0,0,-0.0098828474947433
0.02413744769417908,0,0,0,0,-0.0100896534956127
0.02438897771108604,0,0,0,0,-0.0103007819372278
0.02464312885638268,0,0,0,0,-0.0105163229459270
0.02489992844416102,0,0,0,0,-0.0107363685180916
0.02515940407314613,0,0,0,0,-0.0109610125585809
0.02542158362966211,0,0,0,0,-0.0111903509199021
0.02568649529062918,0,0,0,0,-0.0114244814421926
0.02595416752659185,0,0,0,0,-0.0116635039940057
0.02622462910477869,0,0,0,0,-0.0119075205138968
0.02649790909219404,0,0,0,0,-0.0121566350528589
0.02677403685874188,0,0,0,0,-0.0124109538176068
0.02705304208038225,0,0,0,0,-0.0126705852147171
0.02733495474232059,0,0,0,0,-0.0129356398956591
0.02761980514223033,0,0,0,0,-0.0132062308027187
0.02790762389350898,0,0,0,0,-0.0134824732158508
0.02819844192856827,0,0,0,0,-0.0137644848004439
0.02849229050215849,0,0,0,0,-0.0140523856560581
0.02878920119472747,0,0,0,0,-0.0143462983661144
0.02908920591581461,0,0,0,0,-0.0146463480485771
0.02939233690748031,0,0,0,0,-0.0149526624076456
0.02969862674777094,0,0,0,0,-0.0152653717864604
0.03000810835422027,0,0,0,0,-0.0155846092208647
0.03032081498738692,0,0,0,0,-0.0159105104942103
0.03063678025442921,0,0,0,0,-0.0162432141932651
0.03095603811271677,0,0,0,0,-0.0165828617652062
0.03127862287348011,0,0,0,0,-0.0169295975757464
0.03160456920549808,0,0,0,0,-0.0172835689683889
0.03193391213882377,0,0,0,0,-0.0176449263248656
0.0322666870685493,0,0,0,0,-0.0180138231267345
0.03260292975860975,0,0,0,0,-0.0183904160182065
0.0329426763456268,0,0,0,0,-0.0187748648701840
0.03328596334279239,0,0,0,0,-0.0191673328455540
0.03363282764379289,0,0,0,0,-0.0195679864657478
0.03398330652677405,0,0,0,0,-0.0199769956786056
0.0343374376583475,0,0,0,0,-0.0203945339275575
0.03469525909763864,0,0,0,0,-0.0208207782221204
0.03505680930037718,0,0,0,0,-0.0212559092097965
0.03542212712302975,0,0,0,0,-0.0217001112493393
0.03579125182697621,0,0,0,0,-0.0221535724854267
0.0361642230827288,0,0,0,0,-0.0226164849247796
0.03654108097419592,0,0,0,0,-0.0230890445137485
0.03692186600298979,0,0,0,0,-0.0235714512173737
0.03730661909277933,0,0,0,0,-0.0240639090999640
0.03769538159368831,0,0,0,0,-0.0245666264072108
0.03808819528673928,0,0,0,0,-0.0250798156498701
0.03848510238834389,0,0,0,0,-0.0256036936890379
0.03888614555483996,0,0,0,0,-0.0261384818230219
0.0392913678870758,0,0,0,0,-0.0266844058758906
0.03970081293504236,0,0,0,0,-0.0272416962876610
0.04011452470255374,0,0,0,0,-0.0278105882062050
0.04053254765197607,0,0,0,0,-0.0283913215808808
0.04095492670900633,0,0,0,0,-0.0289841412579006
0.04138170726750025,0,0,0,0,-0.0295892970775026
0.0418129351943512,0,0,0,0,-0.0302070439729310
0.04224865683441927,0,0,0,0,-0.0308376420712327
0.0426889190155123,0,0,0,0,-0.0314813567959587
0.0431337690534184,0,0,0,0,-0.0321384589717313
0.04358325475699112,0,0,0,0,-0.0328092249307584
0.04403742443328752,0,0,0,0,-0.0334939366212998
0.04449632689275988,0,0,0,0,-0.0341928817181154
0.04496001145450139,0,0,0,0,-0.0349063537349363
0.04542852795154658,0,0,0,0,-0.0356346521389800
0.04590192673622699,0,0,0,0,-0.0363780824675462
0.0463802586855826,0,0,0,0,-0.0371369564467134
0.04686357520682969,0,0,0,0,-0.0379115921121860
0.04735192824288566,0,0,0,0,-0.0387023139322935
0.04784537027795151,0,0,0,0,-0.0395094529332098
0.0483439543431522,0,0,0,0,-0.0403333468263833
0.04884773402223633,0,0,0,0,-0.0411743401382439
0.0493567634573345,0,0,0,0,-0.0420327843421983
0.04987109735477848,0,0,0,0,-0.0429090379929403
0.05039079099098017,0,0,0,0,-0.0438034668631282
0.05091590021837265,0,0,0,0,-0.0447164440824391
0.05144648147141248,0,0,0,0,-0.0456483502790424
0.05198259177264492,0,0,0,0,-0.0465995737235220
0.05252428873883222,0,0,0,0,-0.0475705104752644
0.05307163058714583,0,0,0,0,-0.0485615645313712
0.05362467614142308,0,0,0,0,-0.0495731479781009
0.05418348483848908,0,0,0,0,-0.0506056811448670
0.05474811673454454,0,0,0,0,-0.0516595927608604
0.05531863251162005,0,0,0,0,-0.0527353201142694
0.05589509348409787,0,0,0,0,-0.0538333092141739
0.05647756160530116,0,0,0,0,-0.0549540149551181
0.05706609947415265,0,0,0,0,-0.0560979012843984
0.05766077034190183,0,0,0,0,-0.0572654413720781
0.05826163811892308,0,0,0,0,-0.0584571177837917
0.05886876738158385,0,0,0,0,-0.0596734226563238
0.05948222337918517,0,0,0,0,-0.0609148578760205
0.06010207204097383,0,0,0,0,-0.0621819352600301
0.06072837998322805,0,0,0,0,-0.0634751767404361
0.06136121451641682,0,0,0,0,-0.0647951145512630
0.06200064365243391,0,0,0,0,-0.0661422914184047
0.06264673611190719,0,0,0,0,-0.0675172607524955
0.06329956133158419,0,0,0,0,-0.0689205868447365
0.06395918947179459,0,0,0,0,-0.0703528450656953
0.06462569142399048,0,0,0,0,-0.0718146220671112
0.0652991388183652,0,0,0,0,-0.0733065159867164
0.06597960403155152,0,0,0,0,-0.0748291366560700
0.06666716019440028,0,0,0,0,-0.0763831058114666
0.06736188119983949,0,0,0,0,-0.0779690573078763
0.06806384171081629,0,0,0,0,-0.0795876373359769
0.06877311716832056,0,0,0,0,-0.0812395046422463
0.06948978379949321,0,0,0,0,-0.0829253307521610
0.07021391862581798,0,0,0,0,-0.0846458001964809
0.0709455994713995,0,0,0,0,-0.0864016107406400
0.07168490497132689,0,0,0,0,-0.0881934736172306
0.07243191458012495,0,0,0,0,-0.0900221137615920
0.07318670858029327,0,0,0,0,-0.0918882700505157
0.07394936809093433,0,0,0,0,-0.0937926955440134
0.0747199750764715,0,0,0,0,-0.0957361577302106
0.07549861235545795,0,0,0,0,-0.0977194387732917
0.07628536360947727,0,0,0,0,-0.0997433357645266
0.07708031339213688,0,0,0,0,-0.1018086609763432
0.07788354713815532,0,0,0,0,-0.1039162421194281
0.07869515117254369,0,0,0,0,-0.1060669226028514
0.07951521271988372,0,0,0,0,-0.1082615617971635
0.08034381991370132,0,0,0,0,-0.1105010353004599
0.08118106180593909,0,0,0,0,-0.1127862352073562
0.0820270283765263,0,0,0,0,-0.1151180703808765
0.08288181054304973,0,0,0,0,-0.1174974667271568
0.08374550017052435,0,0,0,0,-0.1199253674729899
0.08461819008126642,0,0,0,0,-0.1224027334460914
0.08549997406486926,0,0,0,0,-0.1249305433580918
0.0863909468882829,0,0,0,0,-0.1275097940901637
0.087291204305999,0,0,0,0,-0.1301415009812332
0.08820084307034162,0,0,0,0,-0.1328266981186932
0.08911996094186547,0,0,0,0,-0.1355664386315767
0.09004865669986237,0,0,0,0,-0.1383617949860766
0.09098703015297724,0,0,0,0,-0.1412138592833390
0.09193518214993471,0,0,0,0,-0.1441237435594583
0.09289321459037771,0,0,0,0,-0.1470925800875508
0.09386123043581832,0,0,0,0,-0.1501215216818099
0.09483933372070395,0,0,0,0,-0.1532117420034426
0.09582762956359732,0,0,0,0,-0.1563644358683733
0.09682622417847453,0,0,0,0,-0.1595808195565732
0.09783522488613933,0,0,0,0,-0.1628621311228854
0.09885474012575775,0,0,0,0,-0.1662096307092525
0.09988487946651176,0,0,0,0,-0.1696246008581143
0.1009257536193751,0,0,0,0,-0.1731083468269118
0.1019774744490116,0,0,0,0,-0.1766621969034783
0.1030401549857975,0,0,0,0,-0.1802875027221544
0.1041139094379687,0,0,0,0,-0.1839856395804639
0.1051988532038955,0,0,0,0,-0.1877580067561621
0.1062951028844841,0,0,0,0,-0.1916060278244134
0.1074027762957085,0,0,0,0,-0.1955311509749678
0.108521992481272,0,0,0,0,-0.1995348493290434
0.1096528717254008,0,0,0,0,-0.2036186212557258
0.1107955355657719,0,0,0,0,-0.2077839906876447
0.1119501068065744,0,0,0,0,-0.2120325074356711
0.1131167095317079,0,0,0,0,-0.2163657475023695
0.1142954691181173,0,0,0,0,-0.2207853133939479
0.1154865122492684,0,0,0,0,-0.2252928344304078
0.1166899669287618,0,0,0,0,-0.2298899670536222
0.11790596249409,0,0,0,0,-0.2345783951330059
0.1191346296305381,0,0,0,0,-0.2393598302684842
0.1203761003852278,0,0,0,0,-0.2442360120904245
0.1216305081813094,0,0,0,0,-0.2492087085561703
0.1228979878323011,0,0,0,0,-0.2542797162428567
0.1241786755565772,0,0,0,0,-0.2594508606360956
0.125472708992008,0,0,0,0,-0.2647239964141861
0.1267802272107522,0,0,0,0,-0.2701010077274336
0.1281013707342027,0,0,0,0,-0.2755838084721742
0.1294362815480892,0,0,0,0,-0.2811743425590836
0.1307851031177374,0,0,0,0,-0.2868745841753265
0.1321479804034878,0,0,0,0,-0.2926865380401126
0.1335250598762743,0,0,0,0,-0.2986122396531805
0.1349164895333661,0,0,0,0,-0.3046537555357160
0.1363224189142733,0,0,0,0,-0.3108131834632678
0.1377429991168179,0,0,0,0,-0.3170926526900797
0.1391783828133727,0,0,0,0,-0.3234943241643748
0.1406287242672695,0,0,0,0,-0.3300203907340272
0.1420941793493776,0,0,0,0,-0.3366730773420810
0.1435749055548558,0,0,0,0,-0.3434546412115472
0.1450710620200789,0,0,0,0,-0.3503673720189205
0.1465828095397399,0,0,0,0,-0.3574135920557786
0.1481103105841313,0,0,0,0,-0.3645956563779097
0.1496537293166059,0,0,0,0,-0.3719159529413140
0.1512132316112199,0,0,0,0,-0.3793769027244604
0.1527889850705594,0,0,0,0,-0.3869809598361529
0.1543811590437531,0,0,0,0,-0.3947306116083267
0.1559899246446727,0,0,0,0,-0.4026283786731515
0.1576154547703228,0,0,0,0,-0.4106768150236931
0.1592579241194222,0,0,0,0,-0.4188785080574949
0.1609175092111793,0,0,0,0,-0.4272360786023399
0.162594388404263,0,0,0,0,-0.4357521809234908
0.1642887419159711,0,0,0,0,-0.4444295027116879
0.1660007518415987,0,0,0,0,-0.4532707650511392
0.1677306021740079,0,0,0,0,-0.4622787223667947
0.1694784788234028,0,0,0,0,-0.4714561623501507
0.1712445696373084,0,0,0,0,-0.4808059058627752
0.17302906442076,0,0,0,0,-0.4903308068168786
0.1748321549567013,0,0,0,0,-0.5000337520320643
0.1766540350265956,0,0,0,0,-0.5099176610675692
0.1784949004312523,0,0,0,0,-0.5199854860291571
0.1803549490118695,0,0,0,0,-0.5302402113499319
0.1822343806712967,0,0,0,0,-0.5406848535442585
0.1841333973955189,0,0,0,0,-0.5513224609340488
0.1860522032753635,0,0,0,0,-0.5621561133465964
0.1879910045284354,0,0,0,0,-0.5731889217832489
0.1899500095212789,0,0,0,0,-0.5844240280580872
0.1919294287917715,0,0,0,0,-0.5958646044059090
0.1939294750717509,0,0,0,0,-0.6075138530587412
0.1959503633098773,0,0,0,0,-0.6193750057901428
0.1979923106947346,0,0,0,0,-0.6314513234265904
0.2000555366781723,0,0,0,0,-0.6437460953252170
0.2021402629988896,0,0,0,0,-0.6562626388172206
0.2042467137062671,0,0,0,0,-0.6690042986162645
0.2063751151844449,0,0,0,0,-0.6819744461912131
0.2085256961766531,0,0,0,0,-0.6951764791025671
0.210698687809795,0,0,0,0,-0.7086138203019976
0.2128943236192868,0,0,0,0,-0.7222899173944036
0.215112839574156,0,0,0,0,-0.7362082418619129
0.2173544741024015,0,0,0,0,-0.7503722882493523
0.2196194681166181,0,0,0,0,-0.7647855733106707
0.2219080650398875,0,0,0,0,-0.7794516351158703
0.2242205108319393,0,0,0,0,-0.7943740321180630
0.2265570540155854,0,0,0,0,-0.8095563421802572
0.2289179457034284,0,0,0,0,-0.8250021615615639
0.2313034396248499,0,0,0,0,-0.8407151038625742
0.2337137921532785,0,0,0,0,-0.8566987989296388
0.2361492623337435,0,0,0,0,-0.8729568917179192
0.2386101119107143,0,0,0,0,-0.8894930411130706
0.2410966053562309,0,0,0,0,-0.9063109187115246
0.2436090098983272,0,0,0,0,-0.9234142075593345
0.2461475955497502,0,0,0,0,-0.9408066008496928
0.2487126351369792,0,0,0,0,-0.9584918005792308
0.2513044043295466,0,0,0,0,-0.9764735161632865
0.2539231816696648,0,0,0,0,-0.9947554630104481
0.2565692486021618,0,0,0,0,-1.0133413610566691
0.259242889504728,0,0,0,0,-1.0322349332594041
0.2619443917184796,0,0,0,0,-1.0514399040522615
0.2646740455788388,0,0,0,0,-1.0709599977607074
0.2674321444467376,0,0,0,0,-1.0907989369795230
0.2702189847401451,0,0,0,0,-1.1109604409127110
0.2730348659659246,0,0,0,0,-1.1314482236767003
0.2758800907520217,0,0,0,0,-1.1522659925677328
0.2787549648799887,0,0,0,0,-1.1734174462944289
0.2816597973178473,0,0,0,0,-1.1949062731766229
0.2845949002532939,0,0,0,0,-1.2167361493116315
0.287560589127251,0,0,0,0,-1.2389107367091816
0.2905571826677685,0,0,0,0,-1.2614336813964138
0.2935850029242776,0,0,0,0,-1.2843086114943256
0.2966443753022024,0,0,0,0,-1.3075391352672225
0.2997356285979316,0,0,0,0,-1.3311288391467857
0.3028590950341545,0,0,0,0,-1.3550812857324577
0.3060151102955668,0,0,0,0,-1.3794000117699454
0.3092040135649458,0,0,0,0,-1.4040885261097071
0.3124261475596039,0,0,0,0,-1.4291503076474061
0.3156818585682205,0,0,0,0,-1.4545888032483840
0.3189714964880589,0,0,0,0,-1.4804074256582567
0.3222954148625701,0,0,0,0,-1.5066095514018827
0.3256539709193884,0,0,0,0,-1.5331985186729540
0.3290475256087241,0,0,0,0,-1.5601776252166042
0.3324764436421547,0,0,0,0,-1.5875501262074496
0.3359410935318217,0,0,0,0,-1.6153192321255672
0.3394418476300349,0,0,0,0,-1.6434881066329601
0.3429790821692902,0,0,0,0,-1.6720598644531588
0.3465531773027032,0,0,0,0,-1.7010375692566038
0.3501645171448662,0,0,0,0,-1.7304242315545642
0.3538134898131283,0,0,0,0,-1.7602228066043377
0.3575004874693085,0,0,0,0,-1.7904361923285614
0.3612259063618408,0,0,0,0,-1.8210672272514594
0.3649901468683605,0,0,0,0,-1.8521186884549090
0.3687936135387333,0,0,0,0,-1.8835932895572287
0.372636715138533,0,0,0,0,-1.9154936787175603
0.3765198646929723,0,0,0,0,-1.9478224366688033
0.3804434795312914,0,0,0,0,-1.9805820747819916
0.3844079813316094,0,0,0,0,-2.0137750331650479
0.3884137961662421,0,0,0,0,-2.0474036787987915
0.3924613545474936,0,0,0,0,-2.0814703037131066
0.3965510914739239,0,0,0,0,-2.1159771232061306
0.4006834464770989,0,0,0,0,-2.1509262741092456
0.4048588636688276,0,0,0,0,-2.1863198131007189
0.409077791788892,0,0,0,0,-2.2221597150706693
0.4133406842532738,0,0,0,0,-2.2584478715400795
0.4176479992028838,0,0,0,0,-2.2951860891364437
0.4220001995527986,0,0,0,0,-2.3323760881286084
0.4263977530420127,0,0,0,0,-2.3700195010232958
0.4308411322837051,0,0,0,0,-2.4081178712256395
0.4353308148160333,0,0,0,0,-2.4466726517660979
0.4398672831534544,0,0,0,0,-2.4856852040958817
0.4444510248385826,0,0,0,0,-2.5251567969530440
0.4490825324945859,0,0,0,0,-2.5650886053011623
0.453762303878129,0,0,0,0,-2.6054817093425102
0.4584908419328686,0,0,0,0,-2.6463370936074870
0.4632686548435053,0,0,0,0,-2.6876556461218519
0.4680962560903992,0,0,0,0,-2.7294381576533482
0.472974164504755,0,0,0,0,-2.7716853210389854
0.477902904324381,0,0,0,0,-2.8143977305942331
0.4828830052500307,0,0,0,0,-2.8575758816051882
0.4879150025023301,0,0,0,0,-2.9012201699046369
0.4929994368792988,0,0,0,0,-2.9453308915327532
0.4981368548144719,0,0,0,0,-2.9899082424831249
0.5033278084356241,-0.04915827610557923,-0.04915827610557923,0,0,-3.0349523185344571
0.5085728556241091,-0.1392032986168329,-0.1392032986168329,0,0,-3.0804631151683850
0.5138725600748166,-0.2292483211280891,-0.2292483211280891,0,0,-3.1264405275734446
0.5192274913567523,-0.3192933436393453,-0.3192933436393453,0,0,-3.1728843507352371
0.5246382249742517,-0.4093383661506006,-0.4093383661506006,0,0,-3.2197942796126600
0.53010534242883,-0.4993833886618565,-0.4993833886618565,0,0,-3.2671699093997839
0.5356294312816773,-0.5894284111731127,-0.5894284111731127,0,0,-3.3150107358730074
0.5412110852168048,-0.679473433684368,-0.679473433684368,0,0,-3.3633161558227815
0.5468509041048496,-0.7695184561956252,-0.7695184561956252,0,0,-3.4120854675691570
0.5525494940675429,-0.8595634787068795,-0.8595634787068795,0,0,-3.4613178715602095
0.5583074675428522,-0.9496085012181367,-0.9496085012181367,0,0,-3.5110124710522554
0.5641254433508001,-1.039653523729391,-1.039653523729391,0,0,-3.5611682728706517
0.5700040467599707,-1.129698546240648,-1.129698546240648,0,0,-3.6117841882498123
0.5759439095547083,-1.219743568751905,-1.219743568751905,0,0,-3.6628590337508942
0.5819456701030159,-1.30978859126316,-1.30978859126316,0,0,-3.7143915322556160
0.5880099734251621,-1.399833613774411,-1.399833613774411,0,0,-3.7663803140343477
0.5941374712630039,-1.489878636285669,-1.489878636285669,0,0,-3.8188239178866876
0.6003288221500277,-1.579923658796923,-1.579923658796923,0,0,-3.8717207923524297
0.6065846914821259,-1.66996868130818,-1.66996868130818,0,0,-3.9250692969909351
0.6129057515891065,-1.760013703819434,-1.760013703819434,0,0,-3.9788677037265998
0.6192926818069509,-1.850058726330691,-1.850058726330691,0,0,-4.0331141982581658
0.6257461685508219,-1.940103748841947,-1.940103748841947,0,0,-4.0878068815294863
0.6322669053888355,-2.030148771353202,-2.030148771353202,0,0,-4.1429437712592412
0.638855593116599,-2.120193793864459,-2.120193793864459,0,0,-4.1985228035270632
0.6455129398325272,-2.210238816375715,-2.210238816375715,0,0,-4.2545418344134509
0.6522396610139427,-2.30028383888697,-2.30028383888697,0,0,-4.3109986416907979
0.65903647959397,-2.390328861398227,-2.390328861398227,0,0,-4.3678909265627617
0.6659041260392302,-2.480373883909483,-2.480373883909483,0,0,-4.4252163154492301
0.6728433384283454,-2.570418906420738,-2.570418906420738,0,0,-4.4829723618140234
0.679854862531262,-2.660463928931994,-2.660463928931994,0,0,-4.5411565480325002
0.6869394518893989,-2.750508951443245,-2.750508951443245,0,0,-4.5997662872961458
0.6940978678966337,-2.840553973954503,-2.840553973954503,0,0,-4.6587989255512881
0.7013308798811293,-2.930598996465757,-2.930598996465757,0,0,-4.7182517434689757
0.7086392651880159,-3.020644018977014,-3.020644018977014,0,0,-4.7781219584431325
0.7160238092629335,-3.11068904148827,-3.11068904148827,0,0,-4.8384067266140711
0.7234853057364455,-3.200734063999525,-3.200734063999525,0,0,-4.8991031449144415
0.7310245565093315,-3.290779086510782,-3.290779086510782,0,0,-4.9602082531347316
0.7386423718387686,-3.380824109022037,-3.380824109022037,0,0,-5.0217190360054600
0.7463395704254118,-3.470869131533292,-3.470869131533292,0,0,-5.0836324252932030
0.7541169795013812,-3.560914154044549,-3.560914154044549,0,0,-5.1459453019076742
0.7619754349191659,-3.650959176555804,-3.650959176555804,0,0,-5.2086544980170579
0.7699157812414548,-3.741004199067061,-3.741004199067061,0,0,-5.2717567991689105
0.777938871831903,-3.831049221578316,-3.831049221578316,0,0,-5.3352489464139197
0.7860455689468452,-3.921094244089573,-3.921094244089573,0,0,-5.3991276384299578
0.7942367438279627,-4.011139266600827,-4.011139266600827,0,0,-5.4633895336437952
0.8025132767959187,-4.101184289112084,-4.101184289112084,0,0,-5.5280312523480717
0.8108760573449667,-4.191229311623339,-4.191229311623339,0,0,-5.5930493788110214
0.8193259842385469,-4.281274334134591,-4.281274334134591,0,0,-5.6584404633766407
0.8278639656058785,-4.371319356645848,-4.371319356645848,0,0,-5.7242010245530075
0.8364909190395563,-4.461364379157104,-4.461364379157104,0,0,-5.7903275510865253
0.8452077716941677,-4.55140940166836,-4.55140940166836,0,0,-5.8568165040200215
0.8540154603859346,-4.641454424179614,-4.641454424179614,0,0,-5.9236643187325928
0.8629149316933956,-4.73149944669087,-4.73149944669087,0,0,-5.9908674069592935
0.8719071420591362,-4.821544469202128,-4.821544469202128,0,0,-6.0584221587887441
0.8809930578925792,-4.911589491713383,-4.911589491713383,0,0,-6.1263249446369361
0.8901736556738468,-5.001634514224639,-5.001634514224639,0,0,-6.1945721171954693
0.8994499220587049,-5.091679536735895,-5.091679536735895,0,0,-6.2631600133526755
0.9088228539846002,-5.181724559247152,-5.181724559247152,0,0,-6.3320849560860468
0.9182934587778036,-5.271769581758406,-5.271769581758406,0,0,-6.4013432563245951
0.9278627542616688,-5.361814604269663,-5.361814604269663,0,0,-6.4709312147797853
0.9375317688660202,-5.451859626780918,-5.451859626780918,0,0,-6.5408451237437735
0.9473015417376798,-5.541904649292175,-5.541904649292175,0,0,-6.6110812688538072
0.9571731228521456,-5.631949671803426,-5.631949671803426,0,0,-6.6816359308217246
0.967147573126437,-5.721994694314682,-5.721994694314682,0,0,-6.7525053871275755
0.9772259645331097,-5.812039716825938,-5.812039716825938,0,0,-6.8236859136763917
0.9874093802154654,-5.902084739337193,-5.902084739337193,0,0,-6.8951737864174278
0.9976989146039581,-5.99212976184845,-5.99212976184845,0,0,-6.9669652829250222
1.008095673533815,-6.08217478435971,-6.08217478435971,0,0,-7.0390566839405011
1.018600774363881,-6.172219806870962,-6.172219806870962,0,0,-7.1114442748745246
1.029215346096708,-6.262264829382222,-6.262264829382222,0,0,-7.1841243472694511
1.039940529499882,-6.352309851893474,-6.352309851893474,0,0,-7.2570932002211697
1.050777477228636,-6.442354874404725,-6.442354874404725,0,0,-7.3303471417603019
1.061727353949716,-6.532399896915985,-6.532399896915985,0,0,-7.4038824901922133
1.072791336466557,-6.622444919427237,-6.622444919427237,0,0,-7.4776955753959076
1.083970613845754,-6.712489941938498,-6.712489941938498,0,0,-7.5517827400815278
1.095266387544853,-6.802534964449746,-6.802534964449746,0,0,-7.6261403410064466
1.106679871541474,-6.892579986961007,-6.892579986961007,0,0,-7.7007647501499310
1.11821229246378,-6.98262500947226,-6.98262500947226,0,0,-7.7756523558464998
1.129864889722306,-7.07267003198352,-7.07267003198352,0,0,-7.8507995638780228
1.141638915643157,-7.162715054494772,-7.162715054494772,0,0,-7.9262027985247583
1.153535635602601,-7.252760077006032,-7.252760077006032,0,0,-8.0018585035756082
1.165556328163061,-7.342805099517284,-7.342805099517284,0,0,-8.0777631432977852
1.177702285210525,-7.432850122028544,-7.432850122028544,0,0,-8.1539132033662991
1.189974812093382,-7.522895144539795,-7.522895144539795,0,0,-8.2303051917535122
1.20237522776272,-7.612940167051054,-7.612940167051054,0,0,-8.3069356395793932
1.214904864914066,-7.702985189562305,-7.702985189562305,0,0,-8.3838011019226162
1.227565070130623,-7.793030212073566,-7.793030212073566,0,0,-8.4608981585932987
1.240357204027978,-7.883075234584817,-7.883075234584817,0,0,-8.5382234148676233
1.253282641400342,-7.973120257096071,-7.973120257096071,0,0,-8.6157735021851778
1.266342771368296,-8.063165279607331,-8.063165279607331,0,0,-8.6935450788093345
1.279538997528077,-8.153210302118582,-8.153210302118582,0,0,-8.7715348304514045
1.292872738102437,-8.243255324629843,-8.243255324629843,0,0,-8.8497394708592818
1.306345426093052,-8.333300347141094,-8.333300347141094,0,0,-8.9281557423710396
1.319958509434535,-8.423345369652354,-8.423345369652354,0,0,-9.0067804164343066
1.333713451150042,-8.513390392163604,-8.513390392163604,0,0,-9.0856102940920653
1.347611729508518,-8.603435414674866,-8.603435414674866,0,0,-9.1646422064356496
1.361654838183551,-8.693480437186116,-8.693480437186116,0,0,-9.2438730150254571
1.37584428641392,-8.783525459697376,-8.783525459697376,0,0,-9.3232996122804739
1.390181599165777,-8.873570482208629,-8.873570482208629,0,0,-9.4029189218369673
1.404668317296554,-8.963615504719888,-8.963615504719888,0,0,-9.4827278988774495
1.419305997720548,-9.053660527231139,-9.053660527231139,0,0,-9.5627235304303895
1.434096213576259,-9.143705549742402,-9.143705549742402,0,0,-9.6429028356416975
1.449040554395443,-9.233750572253653,-9.233750572253653,0,0,-9.7232628660184872
1.464140626273956,-9.323795594764903,-9.323795594764903,0,0,-9.8038007056462089
1.479398052044357,-9.413840617276165,-9.413840617276165,0,0,-9.8845134713796234
1.494814471450315,-9.503885639787415,-9.503885639787415,0,0,-9.9653983130085848
1.510391541322843,-9.593930662298678,-9.593930662298678,0,0,-10.0464524133993738
1.526130935758348,-9.683975684809926,-9.683975684809926,0,0,-10.1276729886122645
1.542034346298566,-9.774020707321188,-9.774020707321188,0,0,-10.2090572879962753
1.558103482112338,-9.86406572983244,-9.86406572983244,0,0,-10.2906025942616175
1.574340070179313,-9.954110752343698,-9.954110752343698,0,0,-10.3723062235308809
1.590745855475536,-10.04415577485495,-10.04415577485495,0,0,-10.4541655253694206
1.607322601160995,-10.13420079736621,-10.13420079736621,0,0,-10.5361778827959629
1.624072088769101,-10.22424581987746,-10.22424581987746,0,0,-10.6183407122739233
1.640996118398164,-10.31429084238873,-10.31429084238873,0,0,-10.7006514636843857
1.658096508904841,-10.40433586489998,-10.40433586489998,0,0,-10.7831076202812000
1.675375098099622,-10.49438088741123,-10.49438088741123,0,0,-10.8657066986292161
1.692833742944335,-10.58442590992249,-10.58442590992249,0,0,-10.9484462485260199
1.710474319751722,-10.67447093243374,-10.67447093243374,0,0,-11.0313238529081481
1.728298724387091,-10.764515954945,-10.764515954945,0,0,-11.1143371277422354
1.74630887247206,-10.85456097745625,-10.85456097745625,0,0,-11.1974837219018397
1.764506699590445,-10.94460599996751,-10.94460599996751,0,0,-11.2807613170306631
1.782894161496264,-11.03465102247876,-11.03465102247876,0,0,-11.3641676273925807
1.801473234323946,-11.12469604499002,-11.12469604499002,0,0,-11.4477003997094240
1.82024591480069,-11.21474106750128,-11.21474106750128,0,0,-11.5313574129867558
1.839214220461072,-11.30478609001253,-11.30478609001253,0,0,-11.6151364783285427
1.858380189863862,-11.39483111252379,-11.39483111252379,0,0,-11.6990354387410846
1.877745882811124,-11.48487613503504,-11.48487613503504,0,0,-11.7830521689269467
1.89731338056957,-11.5749211575463,-11.5749211575463,0,0,-11.8671845750691940
1.917084786094256,-11.66496618005756,-11.66496618005756,0,0,-11.9514305946067942
1.937062224254573,-11.75501120256881,-11.75501120256881,0,0,-12.0357881960013771
1.957247842062629,-11.84505622508007,-11.84505622508007,0,0,-12.1202553784961431
1.977643808903972,-11.93510124759132,-11.93510124759132,0,0,-12.2048301718671190
1.998252316770757,-12.02514627010258,-12.02514627010258,0,0,-12.2895106361675825
2.019075580497308,-12.11519129261383,-12.11519129261383,0,0,-12.3742948614657706
2.040115837998161,-12.20523631512508,-12.20523631512508,0,0,-12.4591809675766125
2.061375350508576,-12.29528133763635,-12.29528133763635,0,0,-12.5441671037877160
2.082856402827544,-12.38532636014759,-12.38532636014759,0,0,-12.6292514485801100
2.104561303563357,-12.47537138265885,-12.47537138265885,0,0,-12.7144322093442330
2.1264923853817,-12.56541640517011,-12.56541640517011,0,0,-12.7997076220913435
2.148652005256365,-12.65546142768137,-12.65546142768137,0,0,-12.8850759511610207
2.171042544722543,-12.74550645019262,-12.74550645019262,0,0,-12.9705354889248277
2.193666410132784,-12.83555147270388,-12.83555147270388,0,0,-13.0560845554867537
2.216526032915601,-12.92559649521513,-12.92559649521513,0,0,-13.1417214983805568
2.239623869836796,-13.01564151772639,-13.01564151772639,0,0,-13.2274446922645481
2.262962403263474,-13.10568654023765,-13.10568654023765,0,0,-13.3132525386139093
2.286544141430844,-13.1957315627489,-13.1957315627489,0,0,-13.3991434654110630
2.310371618711771,-13.28577658526016,-13.28577658526016,0,0,-13.4851159268342293
2.334447395889162,-13.37582160777141,-13.37582160777141,0,0,-13.5711684029445578
2.358774060431164,-13.46586663028267,-13.46586663028267,0,0,-13.6572993993720075
2.383354226769259,-13.55591165279393,-13.55591165279393,0,0,-13.7435074470003435
2.408190536579228,-13.64595667530518,-13.64595667530518,0,0,-13.8297911016513897
2.433285659065066,-13.73600169781643,-13.73600169781643,0,0,-13.9161489437688761
2.458642291245848,-13.82604672032769,-13.82604672032769,0,0,-14.0025795781020346
2.484263158245567,-13.91609174283894,-13.91609174283894,0,0,-14.0890816333891493
2.51015101358603,-14.0061367653502,-14.0061367653502,0,0,-14.1756537620413958
2.536308639482764,-14.09618178786145,-14.09618178786145,0,0,-14.2622946398269779
2.562738847144043,-14.18622681037272,-14.18622681037272,0,0,-14.3490029655559415
2.589444477072998,-14.27627183288397,-14.27627183288397,0,0,-14.4357774607656566
2.616428399372908,-14.36631685539523,-14.36631685539523,0,0,-14.5226168694073365
2.643693514055635,-14.45636187790648,-14.45636187790648,0,0,-14.6095199575335499
2.671242751353316,-14.54640690041774,-14.54640690041774,0,0,-14.6964855129871026
2.699079072033257,-14.63645192292899,-14.63645192292899,0,0,-14.7835123450911787
2.727205467716158,-14.72649694544025,-14.72649694544025,0,0,-14.8705992843411856
2.755624961197602,-14.8165419679515,-14.8165419679515,0,0,-14.9577451820980798
2.784340606772941,-14.90658699046276,-14.90658699046276,0,0,-15.0449489102836527
2.813355490565531,-14.99663201297401,-14.99663201297401,0,0,-15.1322093610775958
2.842672730858418,-15.08667703548526,-15.08667703548526,0,0,-15.2195254466166734
2.872295478429457,-15.17672205799652,-15.17672205799652,0,0,-15.3068960986959635
2.902226916889927,-15.26676708050777,-15.26676708050777,0,0,-15.3943202684723079
2.932470263026697,-15.35681210301904,-15.35681210301904,0,0,-15.4817969261701371
2.963028767147915,-15.44685712553029,-15.44685712553029,0,0,-15.5693250607895646
2.993905713432353,-15.53690214804155,-15.53690214804155,0,0,-15.6569036798171251
3.025104420282335,-15.6269471705528,-15.6269471705528,0,0,-15.7445318089388397
3.056628240680401,-15.71699219306406,-15.71699219306406,0,0,-15.8322084917561252
3.088480562549628,-15.80703721557531,-15.80703721557531,0,0,-15.9199327895041627
3.120664809117766,-15.89708223808657,-15.89708223808657,0,0,-16.0077037807731735
3.153184439285111,-15.98712726059782,-15.98712726059782,0,0,-16.0955205612323482
3.186042947996266,-16.07717228310909,-16.07717228310909,0,0,-16.1833822433567178
3.219243866615721,-16.16721730562034,-16.16721730562034,0,0,-16.2712879561567973
3.252790763307405,-16.2572623281316,-16.2572623281316,0,0,-16.3592368449112655
3.286687243418134,-16.34730735064285,-16.34730735064285,0,0,-16.4472280709024901
3.320936949865109,-16.4373523731541,-16.4373523731541,0,0,-16.5352608111551369
3.355543563527416,-16.52739739566536,-16.52739739566536,0,0,-16.6233342581777137
3.390510803641607,-16.61744241817661,-16.61744241817661,0,0,-16.7114476197072008
3.425842428201438,-16.70748744068787,-16.70748744068787,0,0,-16.7996001184567874
3.461542234361717,-16.79753246319912,-16.79753246319912,0,0,-16.8877909918665416
3.497614058846425,-16.88757748571038,-16.88757748571038,0,0,-16.9760194918574250
3.53406177836102,-16.97762250822164,-16.97762250822164,0,0,-17.0642848845881474
3.570889310009109,-17.06766753073289,-17.06766753073289,0,0,-17.1525864502153667
3.608100611713393,-17.15771255324415,-17.15771255324415,0,0,-17.2409234826568536
3.645699682641063,-17.2477575757554,-17.2477575757554,0,0,-17.3292952893579439
3.68369056363357,-17.33780259826666,-17.33780259826666,0,0,-17.4177011910609671
3.722077337640926,-17.42784762077792,-17.42784762077792,0,0,-17.5061405215779686
3.760864130160485,-17.51789264328917,-17.51789264328917,0,0,-17.5946126275664341
3.800055109680339,-17.60793766580043,-17.60793766580043,0,0,-17.6831168683082680
3.83965448812729,-17.69798268831168,-17.69798268831168,0,0,-17.7716526154917602
3.879666521319538,-17.78802771082294,-17.78802771082294,0,0,-17.8602192529968491
3.920095509424034,-17.87807273333419,-17.87807273333419,0,0,-17.9488161766832697
3.960945797418655,-17.96811775584544,-17.96811775584544,0,0,-18.0374427941820485
4.002221775559153,-18.05816277835671,-18.05816277835671,0,0,-18.1260985246898834
4.043927879850973,-18.14820780086795,-18.14820780086795,0,0,-18.2147827987666702
4.086068592526026,-18.23825282337922,-18.23825282337922,0,0,-18.3034950581361464
4.128648442524373,-18.32829784589047,-18.32829784589047,0,0,-18.3922347554894436
4.171672005980984,-18.41834286840173,-18.41834286840173,0,0,-18.4810013542917915
4.21514390671752,-18.50838789091298,-18.50838789091298,0,0,-18.5697943285921205
4.25906881673929,-18.59843291342424,-18.59843291342424,0,0,-18.6586131628357386
4.303451456737333,-18.68847793593549,-18.68847793593549,0,0,-18.7474573516798984
4.348296596595785,-18.77852295844675,-18.77852295844675,0,0,-18.8363263998123287
4.393609055904479,-18.86856798095801,-18.86856798095801,0,0,-18.9252198217726999
4.439393704476947,-18.95861300346926,-18.95861300346926,0,0,-19.0141371417769847
4.485655462873756,-19.04865802598052,-19.04865802598052,0,0,-19.1030778935446151
4.532399302931363,-19.13870304849178,-19.13870304849178,0,0,-19.1920416201286308
4.579630248296407,-19.22874807100303,-19.22874807100303,0,0,-19.2810278737484531
4.627353374965659,-19.31879309351429,-19.31879309351429,0,0,-19.3700362156256816
4.675573811831494,-19.40883811602554,-19.40883811602554,0,0,-19.4590662158223928
4.724296741233153,-19.49888313853679,-19.49888313853679,0,0,-19.5481174530824546
4.77352739951367,-19.58892816104805,-19.58892816104805,0,0,-19.6371895146753275
4.823271077582625,-19.6789731835593,-19.6789731835593,0,0,-19.7262819962426548
4.873533121484802,-19.76901820607056,-19.76901820607056,0,0,-19.8153945016475355
4.924318932974693,-19.85906322858181,-19.85906322858181,0,0,-19.9045266428263155
4.975633970097081,-19.94910825109307,-19.94910825109307,0,0,-19.9936780396431324
5.027483747773583,-20.03915327360433,-20.03915327360433,0,0,-20.0828483197468479
5.079873838395385,-20.12919829611559,-20.12919829611559,0,0,-20.1720371184307048
5.132809872422087,-20.21924331862684,-20.21924331862684,0,0,-20.2612440784943431
5.18629753898685,-20.3092883411381,-20.3092883411381,0,0,-20.3504688501084274
5.240342586507781,-20.39933336364935,-20.39933336364935,0,0,-20.4397110906815840
5.294950823305765,-20.48937838616061,-20.48937838616061,0,0,-20.5289704647299445
5.350128118228658,-20.57942340867186,-20.57942340867186,0,0,-20.6182466437488934
5.405880401282061,-20.66946843118312,-20.66946843118312,0,0,-20.7075393060873516
5.462213664266588,-20.75951345369437,-20.75951345369437,0,0,-20.7968481368242308
5.519133961421855,-20.84955847620563,-20.84955847620563,0,0,-20.8861728276473748
5.576647410077121,-20.93960349871688,-20.93960349871688,0,0,-20.9755130767346252
5.634760191308715,-21.02964852122814,-21.02964852122814,0,0,-21.0648685886371894
5.69347855060436,-21.1196935437394,-21.1196935437394,0,0,-21.1542390741653037
5.752808798534355,-21.20973856625065,-21.20973856625065,0,0,-21.2436242502759178
5.812757311429815,-21.2997835887619,-21.2997835887619,0,0,-21.3330238399627490
5.87333053206791,-21.38982861127316,-21.38982861127316,0,0,-21.4224375721482794
5.934534970364326,-21.47987363378442,-21.47987363378442,0,0,-21.5118651815780026
5.996377204072849,-21.56991865629567,-21.56991865629567,0,0,-21.6013064087166526
6.058863879492339,-21.65996367880693,-21.65996367880693,0,0,-21.6907609996465496
6.12200171218097,-21.75000870131818,-21.75000870131818,0,0,-21.7802287059678967
6.185797487678013,-21.84005372382945,-21.84005372382945,0,0,-21.8697092847011803
6.250258062233039,-21.9300987463407,-21.9300987463407,0,0,-21.9592024981913880
6.315390363542825,-22.02014376885196,-22.02014376885196,0,0,-22.0487081140143282
6.381201391495837,-22.11018879136321,-22.11018879136321,0,0,-22.1382259048847239
6.447698218924559,-22.20023381387446,-22.20023381387446,0,0,-22.2277556485662977
6.514887992365615,-22.29027883638572,-22.29027883638572,0,0,-22.3172971277836787
6.582777932827789,-22.38032385889697,-22.38032385889697,0,0,-22.4068501301360996
6.651375336568136,-22.47036888140823,-22.47036888140823,0,0,-22.4964144480130237
6.720687575876062,-22.56041390391948,-22.56041390391948,0,0,-22.5859898785114055
6.790722099865702,-22.65045892643074,-22.65045892643074,0,0,-22.6755762233548772
6.861486435276425,-22.740503948942,-22.740503948942,0,0,-22.7651732888144984
6.932988187281809,-22.83054897145325,-22.83054897145325,0,0,-22.8547808856313921
7.005235040306923,-22.92059399396451,-22.92059399396451,0,0,-22.9443988289409297
7.078234758854245,-23.01063901647577,-23.01063901647577,0,0,-23.0340269381986751
7.151995188338072,-23.10068403898702,-23.10068403898702,0,0,-23.1236650371078909
7.226524255927731,-23.19072906149828,-23.19072906149828,0,0,-23.2133129535487726
7.301829971399479,-23.28077408400953,-23.28077408400953,0,0,-23.3029705195091488
7.377920427997378,-23.37081910652078,-23.37081910652078,0,0,-23.3926375710169019
7.454803803303042,-23.46086412903204,-23.46086412903204,0,0,-23.4823139480738021
7.532488360114542,-23.5509091515433,-23.5509091515433,0,0,-23.5719994945909939
7.610982447334376,-23.64095417405455,-23.64095417405455,0,0,-23.6616940583258959
7.69029450086679,-23.7309991965658,-23.7309991965658,0,0,-23.7513974908206968
7.770433044524377,-23.82104421907707,-23.82104421907707,0,0,-23.8411096473422432
7.851406690944124,-23.91108924158832,-23.91108924158832,0,0,-23.9308303868233736
7.933224142513083,-24.00113426409958,-24.00113426409958,0,0,-24.0205595718057943
8.015894192303568,-24.09117928661083,-24.09117928661083,0,0,-24.1102970683842166
8.099425725018227,-24.18122430912209,-24.18122430912209,0,0,-24.2000427461520360
8.183827717944837,-24.27126933163334,-24.27126933163334,0,0,-24.2897964781482614
8.269109241921164,-24.3613143541446,-24.3613143541446,0,0,-24.3795581408059476
8.355279462309772,-24.45135937665585,-24.45135937665585,0,0,-24.4693276139017790
8.442347639983096,-24.54140439916711,-24.54140439916711,0,0,-24.5591047805072158
8.530323132318662,-24.63144942167837,-24.63144942167837,0,0,-24.6488895269407280
8.61921539420481,-24.72149444418962,-24.72149444418962,0,0,-24.7386817427214822
8.709033979056755,-24.81153946670088,-24.81153946670088,0,0,-24.8284813205241974
8.799788539843393,-24.90158448921214,-24.90158448921214,0,0,-24.9182881561353788
8.891488830124633,-24.99162951172339,-24.99162951172339,0,0,-25.0081021484106429
8.984144705099716,-25.08167453423464,-25.08167453423464,0,0,-25.0979231992334597
9.077766122666299,-25.1717195567459,-25.1717195567459,0,0,-25.1877512134749537
9.172363144490703,-25.26176457925715,-25.26176457925715,0,0,-25.2775860989549948
9.267945937089239,-25.35180960176841,-25.35180960176841,0,0,-25.3674277664044823
9.364524772920793,-25.44185462427966,-25.44185462427966,0,0,-25.4572761294287595
9.462110031490889,-25.53189964679092,-25.53189964679092,0,0,-25.5471311044722462
9.560712200467121,-25.62194466930217,-25.62194466930217,0,0,-25.6369926107841763
9.660341876806356,-25.71198969181344,-25.71198969181344,0,0,-25.7268605703855400
9.761009767893535,-25.80203471432469,-25.80203471432469,0,0,-25.8167349080370627
9.862726692692489,-25.89207973683595,-25.89207973683595,0,0,-25.9066155512084464
9.965503582908596,-25.9821247593472,-25.9821247593472,0,0,-25.9965024300485261
10.06935148416371,-26.07216978185846,-26.07216978185846,0,0,-26.0863954773567244
10.17428155718318,-26.16221480436971,-26.16221480436971,0,0,-26.1762946285554463
10.28030507899538,-26.25225982688097,-26.25225982688097,0,0,-26.2661998216636405
10.38743344414361,-26.34230484939222,-26.34230484939222,0,0,-26.3561109972713581
10.49567816591077,-26.43234987190348,-26.43234987190348,0,0,-26.4460280985154768
10.60505087755659,-26.52239489441473,-26.52239489441473,0,0,-26.5359510710563171
10.71556333356801,-26.61243991692599,-26.61243991692599,0,0,-26.6258798630555020
10.82722741092239,-26.70248493943724,-26.70248493943724,0,0,-26.7158144251546794
10.94005511036394,-26.7925299619485,-26.7925299619485,0,0,-26.8057547104553677
11.05405855769349,-26.88257498445976,-26.88257498445976,0,0,-26.8957006744997926
11.16925000507165,-26.97262000697101,-26.97262000697101,0,0,-26.9856522752527361
11.28564183233562,-27.06266502948227,-27.06266502948227,0,0,-27.0756094730844588
11.40324654832959,-27.15271005199352,-27.15271005199352,0,0,-27.1655722307544814
11.52207679224919,-27.24275507450478,-27.24275507450478,0,0,-27.2555405133965643
11.64214533499974,-27.33280009701603,-27.33280009701603,0,0,-27.3455142885044538
11.76346508056887,-27.42284511952729,-27.42284511952729,0,0,-27.4354935259188721
11.88604906741324,-27.51289014203854,-27.51289014203854,0,0,-27.5254781978151968
12.00991046985989,-27.60293516454981,-27.60293516454981,0,0,-27.6154682786924539
12.13506259952202,-27.69298018706106,-27.69298018706106,0,0,-27.7054637453629482
12.26151890672973,-27.78302520957232,-27.78302520957232,0,0,-27.7954645769431785
12.38929298197541,-27.87307023208357,-27.87307023208357,0,0,-27.8854707548454570
12.51839855737446,-27.96311525459482,-27.96311525459482,0,0,-27.9754822627707114
12.64884950814107,-28.05316027710608,-28.05316027710608,0,0,-28.0654990867021397
12.78065985407932,-28.14320529961733,-28.14320529961733,0,0,-28.1555212148997889
12.9138437610901,-28.23325032212859,-28.23325032212859,0,0,-28.2455486378962881
13.04841554269334,-28.32329534463984,-28.32329534463984,0,0,-28.3355813484932852
13.1843896615665,-28.4133403671511,-28.4133403671511,0,0,-28.4256193417591128
13.32178073109874,-28.50338538966236,-28.50338538966236,0,0,-28.5156626150271642
13.46060351696157,-28.59343041217361,-28.59343041217361,0,0,-28.6057111678954712
13.60087293869566,-28.68347543468487,-28.68347543468487,0,0,-28.6957650022270307
13.74260407131433,-28.77352045719613,-28.77352045719613,0,0,-28.7858241221512827
13.88581214692362,-28.86356547970738,-28.86356547970738,0,0,-28.8758885340663873
14.03051255635942,-28.95361050221864,-28.95361050221864,0,0,-28.9659582466426535
14.17672085084141,-29.04365552472989,-29.04365552472989,0,0,-29.0560332708267310
14.32445274364455,-29.13370054724115,-29.13370054724115,0,0,-29.1461136198470143
14.47372411178762,-29.2237455697524,-29.2237455697524,0,0,-29.2361993092197636
14.62455099773972,-29.31379059226366,-29.31379059226366,0,0,-29.3262903567564308
14.77694961114429,-29.40383561477491,-29.40383561477491,0,0,-29.4163867825718519
14.93093633056122,-29.49388063728616,-29.49388063728616,0,0,-29.5064886090934841
15.08652770522711,-29.58392565979743,-29.58392565979743,0,0,-29.5965958610715774
15.24374045683374,-29.67397068230868,-29.67397068230868,0,0,-29.6867085655903722
15.40259148132535,-29.76401570481994,-29.76401570481994,0,0,-29.7768267520803889
15.56309785071432,-29.85406072733119,-29.85406072733119,0,0,-29.8669504523315723
15.72527681491604,-29.94410574984245,-29.94410574984245,0,0,-29.9570797005075882
15.8891458036027,-30.0341507723537,-30.0341507723537,0,0,-30.0472145331610534
16.05472242807661,-30.12419579486496,-30.12419579486496,0,0,-30.1373549892499071
16.22202448316276,-30.21424081737621,-30.21424081737621,0,0,-30.2275011101546767
16.39106994912143,-30.30428583988747,-30.30428583988747,0,0,-30.3176529396969627
16.5618769935804,-30.39433086239872,-30.39433086239872,0,0,-30.4078105241588013
16.73446397348761,-30.48437588490998,-30.48437588490998,0,0,-30.4979739123032871
16.90884943708388,-30.57442090742123,-30.57442090742123,0,0,-30.5881431553961072
17.08505212589646,-30.6644659299325,-30.6644659299325,0,0,-30.6783183072282917
17.26309097675306,-30.75451095244375,-30.75451095244375,0,0,-30.7684994241399323
17.4429851238172,-30.84455597495501,-30.84455597495501,0,0,-30.8586865650451969
17.6247539006444,-30.93460099746626,-30.93460099746626,0,0,-30.9488797914582392
17.80841684226019,-31.02464601997751,-31.02464601997751,0,0,-31.0390791675204625
17.99399368725944,-31.11469104248877,-31.11469104248877,0,0,-31.1292847600287779
18.18150437992773,-31.20473606500002,-31.20473606500002,0,0,-31.2194966384650883
18.37096907238486,-31.29478108751128,-31.29478108751128,0,0,-31.3097148750269767
18.56240812675051,-31.38482611002253,-31.38482611002253,0,0,-31.3999395446594676
18.75584211733278,-31.4748711325338,-31.4748711325338,0,0,-31.4901707250881877
18.95129183283914,-31.56491615504505,-31.56491615504505,0,0,-31.5804084968535257
19.14877827861082,-31.65496117755631,-31.65496117755631,0,0,-31.6706529433462265
19.34832267888012,-31.74500620006755,-31.74500620006755,0,0,-31.7609041508440626
19.54994647905159,-31.83505122257882,-31.83505122257882,0,0,-31.8511622085499901
19.75367134800664,-31.92509624509007,-31.92509624509007,0,0,-31.9414272086313211
19.95951918043249,-32.01514126760133,-32.01514126760133,0,0,-32.0316992462605015
20.16751209917508,-32.10518629011258,-32.10518629011258,0,0,-32.1219784196569478
20.37767245761682,-32.19523131262384,-32.19523131262384,0,0,-32.2122648301304579
20.59002284207875,-32.28527633513509,-32.28527633513509,0,0,-32.3025585821257835
20.80458607424815,-32.37532135764634,-32.37532135764634,0,0,-32.3928597832687686
21.02138521363107,-32.4653663801576,-32.4653663801576,0,0,-32.4831685444138074
21.24044356003061,-32.55541140266886,-32.55541140266886,0,0,-32.5734849796927222
21.46178465605108,-32.64545642518011,-32.64545642518011,0,0,-32.6638092065651549
21.68543228962801,-32.73550144769137,-32.73550144769137,0,0,-32.7541413458703943
21.91141049658486,-32.82554647020263,-32.82554647020263,0,0,-32.8444815218807520
22.13974356321603,-32.91559149271388,-32.91559149271388,0,0,-32.9348298623563807
22.3704560288971,-33.00563651522514,-33.00563651522514,0,0,-33.0251864986018191
22.60357268872199,-33.09568153773639,-33.09568153773639,0,0,-33.1155515655238801
22.83911859616785,-33.18572656024765,-33.18572656024765,0,0,-33.2059252016913860
23.07711906578749,-33.27577158275891,-33.27577158275891,0,0,-33.2963075493963814
23.31759967593012,-33.36581660527016,-33.36581660527016,0,0,-33.3866987547171163
23.56058627149013,-33.45586162778142,-33.45586162778142,0,0,-33.4770989675826200
23.80610496668488,-33.54590665029268,-33.54590665029268,0,0,-33.5675083418391367
24.05418214786104,-33.63595167280393,-33.63595167280393,0,0,-33.6579270353182309
24.30484447633058,-33.72599669531517,-33.72599669531517,0,0,-33.7483552099066912
24.55811889123598,-33.81604171782644,-33.81604171782644,0,0,-33.8387930316183230
24.81403261244542,-33.90608674033768,-33.90608674033768,0,0,-33.9292406706675322
25.07261314347829,-33.99613176284895,-33.99613176284895,0,0,-34.0196983015448779
25.33388827446083,-34.0861767853602,-34.0861767853602,0,0,-34.1101661030944712
25.597886085113,-34.17622180787146,-34.17622180787146,0,0,-34.2006442585934494
25.8646349477661,-34.26626683038271,-34.26626683038271,0,0,-34.2911329558333762
26.13416353041212,-34.35631185289397,-34.35631185289397,0,0,-34.3816323872037586
26.4065007997846,-34.44635687540523,-34.44635687540523,0,0,-34.4721427497775821
26.68167602447192,-34.53640189791648,-34.53640189791648,0,0,-34.5626642453990840
26.95971877806263,-34.62644692042774,-34.62644692042774,0,0,-34.6531970807735661
27.24065894232403,-34.71649194293899,-34.71649194293899,0,0,-34.7437414675595733
27.52452671041335,-34.80653696545025,-34.80653696545025,0,0,-34.8342976224632181
27.81135259012294,-34.89658198796151,-34.89658198796151,0,0,-34.9248657673349001
28.10116740715871,-34.98662701047276,-34.98662701047276,0,0,-35.0154461292683266
28.39400230845331,-35.07667203298402,-35.07667203298402,0,0,-35.1060389407019997
28.6898887655133,-35.16671705549528,-35.16671705549528,0,0,-35.1966444395230837
28.98885857780164,-35.25676207800652,-35.25676207800652,0,0,-35.2872628691738939
29.29094387615516,-35.34680710051779,-35.34680710051779,0,0,-35.3778944787608580
29.59617712623764,-35.43685212302903,-35.43685212302903,0,0,-35.4685395231660863
29.90459113202914,-35.5268971455403,-35.5268971455403,0,0,-35.5591982631617469
30.21621903935129,-35.61694216805155,-35.61694216805155,0,0,-35.6498709655269934
30.53109433942977,-35.70698719056281,-35.70698719056281,0,0,-35.7405579031678542
30.8492508724934,-35.79703221307406,-35.79703221307406,0,0,-35.8312593552397942
31.1707228314113,-35.88707723558532,-35.88707723558532,0,0,-35.9219756072734100
31.49554476536738,-35.97712225809657,-35.97712225809657,0,0,-36.0127069513028601
31.82375158357368,-36.06716728060783,-36.06716728060783,0,0,-36.1034536859975788
32.15537855902186,-36.15721230311908,-36.15721230311908,0,0,-36.1942161167968663
32.49046133227429,-36.24725732563034,-36.24725732563034,0,0,-36.2849945560478702
32.82903591529421,-36.3373023481416,-36.3373023481416,0,0,-36.3757893231466625
33.17113869531619,-36.42734737065285,-36.42734737065285,0,0,-36.4666007446827294
33.51680643875653,-36.51739239316411,-36.51739239316411,0,0,-36.5574291545868064
33.86607629516482,-36.60743741567537,-36.60743741567537,0,0,-36.6482748942822454
34.21898580121626,-36.69748243818662,-36.69748243818662,0,0,-36.7391383128398559
34.57557288474599,-36.78752746069787,-36.78752746069787,0,0,-36.8300197671364486
34.93587586882521,-36.87757248320913,-36.87757248320913,0,0,-36.9209196220171236
35.29993347587967,-36.96761750572038,-36.96761750572038,0,0,-37.0118382504611958
35.66778483185152,-37.05766252823165,-37.05766252823165,0,0,-37.1027760337522707
36.03946947040396,-37.14770755074289,-37.14770755074289,0,0,-37.1937333616520220
36.41502733717027,-37.23775257325416,-37.23775257325416,0,0,-37.2847106325783102
36.79449879404658,-37.3277975957654,-37.3277975957654,0,0,-37.3757082537872307
37.17792462352989,-37.41784261827667,-37.41784261827667,0,0,-37.4667266415596316
37.56534603310076,-37.50788764078792,-37.50788764078792,0,0,-37.5577662213918302
37.95680465965228,-37.59793266329918,-37.59793266329918,0,0,-37.6488274281909554
38.35234257396452,-37.68797768581043,-37.68797768581043,0,0,-37.7399107064746815
38.7520022852263,-37.77802270832169,-37.77802270832169,0,0,-37.8310165105758855
39.15582674560336,-37.86806773083294,-37.86806773083294,0,0,-37.9221453048518526
39.5638593548549,-37.9581127533442,-37.9581127533442,0,0,-38.0132975638986039
39.97614396499746,-38.04815777585545,-38.04815777585545,0,0,-38.1044737727700777
40.39272488501809,-38.13820279836671,-38.13820279836671,0,0,-38.1956744272026398
40.81364688563615,-38.22824782087797,-38.22824782087797,0,0,-38.2869000338447165
41.23895520411484,-38.31829284338922,-38.31829284338922,0,0,-38.3781511104919062
41.66869554912319,-38.40833786590048,-38.40833786590048,0,0,-38.4694281863276828
42.10291410564809,-38.49838288841173,-38.49838288841173,0,0,-38.5607318021696130
42.54165753995829,-38.58842791092299,-38.58842791092299,0,0,-38.6520625107215920
42.9849730046193,-38.67847293343424,-38.67847293343424,0,0,-38.7434208768318555
43.43290814356133,-38.7685179559455,-38.7685179559455,0,0,-38.8348074777572378
43.88551109719933,-38.85856297845675,-38.85856297845675,0,0,-38.9262229034335761
44.3428305076071,-38.94860800096802,-38.94860800096802,0,0,-39.0176677567526582
44.80491552374451,-39.03865302347926,-39.03865302347926,0,0,-39.1091426538455593
45.2718158067401,-39.12869804599053,-39.12869804599053,0,0,-39.2006482243729764
45.7435815352278,-39.21874306850177,-39.21874306850177,0,0,-39.2921851118221994
46.22026341074012,-39.30878809101304,-39.30878809101304,0,0,-39.3837539738114231
46.70191266315677,-39.39883311352428,-39.39883311352428,0,0,-39.4753554824011275
47.18858105621077,-39.48887813603554,-39.48887813603554,0,0,-39.5669903244130765
47.68032089305142,-39.5789231585468,-39.5789231585468,0,0,-39.6586592017568478
48.17718502186528,-39.66896818105805,-39.66896818105805,0,0,-39.7503628317642494
48.67922684155622,-39.75901320356931,-39.75901320356931,0,0,-39.8421019475318516
49.1865003074839,-39.84905822608057,-39.84905822608057,0,0,-39.9338772982716534
49.69905993726283,-39.93910324859182,-39.93910324859182,0,0,-40.0256896496703405
50.2169608166211,-40.02914827110307,-40.02914827110307,0,0,-40.1175397842571968
50.74025860532095,-40.11919329361433,-40.11919329361433,0,0,-40.2094285017809199
51.26900954314018,-40.20923831612558,-40.20923831612558,0,0,-40.3013566195956301
51.80327045591681,-40.29928333863684,-40.29928333863684,0,0,-40.3933249730563588
52.34309876165581,-40.3893283611481,-40.3893283611481,0,0,-40.4853344159240081
52.88855247670035,-40.47937338365935,-40.47937338365935,0,0,-40.5773858207804921
53.43969022196648,-40.56941840617061,-40.56941840617061,0,0,-40.6694800794538196
53.99657122924368,-40.65946342868187,-40.65946342868187,0,0,-40.7616181034538272
54.55925534756016,-40.74950845119312,-40.74950845119312,0,0,-40.8538008244185136
55.12780304961541,-40.83955347370438,-40.83955347370438,0,0,-40.9460291945715866
55.70227543827882,-40.92959849621563,-40.92959849621563,0,0,-41.0383041871911729
56.28273425315696,-41.01964351872688,-41.01964351872688,0,0,-41.1306267970903505
56.86924187722866,-41.10968854123814,-41.10968854123814,0,0,-41.2229980411095482
57.46186134354924,-41.19973356374939,-41.19973356374939,0,0,-41.3154189586213079
58.0606563420252,-41.28977858626065,-41.28977858626065,0,0,-41.4078906120477370
58.66569122625865,-41.3798236087719,-41.3798236087719,0,0,-41.5004140873909293
59.27703102046396,-41.46986863128318,-41.46986863128318,0,0,-41.5929904947767994
59.89474142645552,-41.55991365379442,-41.55991365379442,0,0,-41.6856209690126178
60.51888883070941,-41.64995867630567,-41.64995867630567,0,0,-41.7783066701588908
61.14954031149747,-41.74000369881693,-41.74000369881693,0,0,-41.8710487841155015
61.78676364609695,-41.83004872132819,-41.83004872132819,0,0,-41.9638485232231488
62.43062731807404,-41.92009374383944,-41.92009374383944,0,0,-42.0567071268799424
63.08120052464449,-42.0101387663507,-42.0101387663507,0,0,-42.1496258621740623
63.73855318410988,-42.10018378886195,-42.10018378886195,0,0,-42.2426060245325772
64.40275594337228,-42.19022881137321,-42.19022881137321,0,0,-42.3356489383872159
65.07388018552642,-42.28027383388446,-42.28027383388446,0,0,-42.4287559578573337
65.75199803753178,-42.37031885639573,-42.37031885639573,0,0,-42.5219284674507421
66.43718237796372,-42.46036387890697,-42.46036387890697,0,0,-42.6151678827828704
67.12950684484636,-42.55040890141824,-42.55040890141824,0,0,-42.7084756513148847
67.82904584356632,-42.64045392392948,-42.64045392392948,0,0,-42.8018532531111333
68.53587455486911,-42.73049894644074,-42.73049894644074,0,0,-42.8953022016168362
69.25006894293934,-42.82054396895201,-42.82054396895201,0,0,-42.9888240444562513
69.97170576356416,-42.91058899146325,-42.91058899146325,0,0,-43.0824203642523003
70.70086257238302,-43.00063401397451,-43.00063401397451,0,0,-43.1760927794680711
71.43761773322203,-43.09067903648576,-43.09067903648576,0,0,-43.2698429452709448
72.18205042651648,-43.18072405899702,-43.18072405899702,0,0,-43.3636725544201482
72.93424065781998,-43.27076908150828,-43.27076908150828,0,0,-43.4575833381782530
73.6942692664033,-43.36081410401953,-43.36081410401953,0,0,-43.5515770672476137
74.46221793394177,-43.45085912653079,-43.45085912653079,0,0,-43.6456555527324070
75.23816919329437,-43.54090414904205,-43.54090414904205,0,0,-43.7398206471270257
76.02220643737307,-43.6309491715533,-43.6309491715533,0,0,-43.8340742453318484
76.81441392810582,-43.72099419406456,-43.72099419406456,0,0,-43.9284182856970915
77.61487680549173,-43.81103921657581,-43.81103921657581,0,0,-44.0228547510958208
78.42368109675178,-43.90108423908706,-43.90108423908706,0,0,-44.1173856700268558
79.24091372557403,-43.99112926159832,-43.99112926159832,0,0,-44.2120131177488034
80.06666252145534,-44.08117428410957,-44.08117428410957,0,0,-44.3067392174460082
80.90101622914102,-44.17121930662083,-44.17121930662083,0,0,-44.4015661414277147
81.74406451816179,-44.26126432913208,-44.26126432913208,0,0,-44.4964961123612284
82.59589799247139,-44.35130935164334,-44.35130935164334,0,0,-44.5915314045406888
83.45660820018327,-44.4413543741546,-44.4413543741546,0,0,-44.6866743451920598
84.32628764341015,-44.53139939666585,-44.53139939666585,0,0,-44.7819273158162190
85.20502978820466,-44.62144441917711,-44.62144441917711,0,0,-44.8772927535707922
86.092929074605,-44.71148944168837,-44.71148944168837,0,0,-44.9727731526927244
86.99008092678393,-44.80153446419962,-44.80153446419962,0,0,-45.0683710659623529
87.89658176330487,-44.89157948671088,-44.89157948671088,0,0,-45.1640891062110299
88.81252900748345,-44.98162450922213,-44.98162450922213,0,0,-45.2599299478733172
89.73802109785849,-45.07166953173339,-45.07166953173339,0,0,-45.3558963285856791
90.67315749877071,-45.16171455424464,-45.16171455424464,0,0,-45.4519910508331364
91.61803871105286,-45.25175957675589,-45.25175957675589,0,0,-45.5482169836456663
92.5727662828306,-45.34180459926716,-45.34180459926716,0,0,-45.6445770643461657
93.53744282043567,-45.4318496217784,-45.4318496217784,0,0,-45.7410743003517126
94.51217199943392,-45.52189464428967,-45.52189464428967,0,0,-45.8377117710302997
95.49705857576667,-45.61193966680092,-45.61193966680092,0,0,-45.9344926296147662
96.49220839700989,-45.70198468931218,-45.70198468931218,0,0,-46.0314201051764513
97.49772841374897,-45.79202971182343,-45.79202971182343,0,0,-46.1284975046603378
98.51372669107374,-45.88207473433469,-45.88207473433469,0,0,-46.2257282149843292
99.54031242019161,-45.97211975684594,-45.97211975684594,0,0,-46.3231157052048914
100.5775959301632,-46.06216477935719,-46.06216477935719,0,0,-46.4206635287517884
101.6256886997596,-46.15220980186847,-46.15220980186847,0,0,-46.5183753257342474
102.6847033694422,-46.24225482437971,-46.24225482437971,0,0,-46.6162548253215334
103.7547537534698,-46.33229984689096,-46.33229984689096,0,0,-46.7143058482008371
104.8359548521295,-46.42234486940222,-46.42234486940222,0,0,-46.8125323091152836
105.9284228640965,-46.51238989191349,-46.51238989191349,0,0,-46.9109382194854518
107.0322751989215,-46.60243491442473,-46.60243491442473,0,0,-47.0095276901175367
108.1476304896495,-46.69247993693599,-46.69247993693599,0,0,-47.1083049340017439
109.2746086055698,-46.78252495944724,-46.78252495944724,0,0,-47.2072742692044471
110.4133306650976,-46.87256998195849,-46.87256998195849,0,0,-47.3064401218578823
111.5639190487919,-46.96261500446976,-46.96261500446976,0,0,-47.4058070292515339
112.7264974125066,-47.05266002698102,-47.05266002698102,0,0,-47.5053796430290873
113.9011907006817,-47.14270504949226,-47.14270504949226,0,0,-47.6051627324957707
115.0881251597701,-47.23275007200351,-47.23275007200351,0,0,-47.7051611880400301
116.2874283518062,-47.32279509451479,-47.32279509451479,0,0,-47.8053800246750882
117.4992291681141,-47.41284011702604,-47.41284011702604,0,0,-47.9058243857047614
118.7236578431616,-47.50288513953728,-47.50288513953728,0,0,-48.0064995465194784
119.9608459685551,-47.59293016204854,-47.59293016204854,0,0,-48.1074109185274637
121.2109265071833,-47.68297518455981,-47.68297518455981,0,0,-48.2085640532275121
122.4740338075054,-47.77302020707106,-47.77302020707106,0,0,-48.3099646464290018
123.7503036179914,-47.86306522958231,-47.86306522958231,0,0,-48.4116185426261225
125.0398731017103,-47.95311025209357,-47.95311025209357,0,0,-48.5135317395327448
126.3428808510718,-48.04315527460483,-48.04315527460483,0,0,-48.6157103927853171
127.65946690272,-48.13320029711608,-48.13320029711608,0,0,-48.7181608208212396
128.9897727525849,-48.22324531962734,-48.22324531962734,0,0,-48.8208895099408480
130.3339413710883,-48.31329034213859,-48.31329034213859,0,0,-48.9239031195611602
131.6921172185092,-48.40333536464985,-48.40333536464985,0,0,-49.0272084876703858
133.0644462605098,-48.49338038716111,-48.49338038716111,0,0,-49.1308126364925357
134.4510759838211,-48.58342540967236,-48.58342540967236,0,0,-49.2347227783717472
135.8521554120957,-48.67347043218361,-48.67347043218361,0,0,-49.3389463218871356
137.2678351219224,-48.76351545469486,-48.76351545469486,0,0,-49.4434908782086850
138.6982672590092,-48.85356047720613,-48.85356047720613,0,0,-49.5483642677060345
140.143605554534,-48.94360549971738,-48.94360549971738,0,0,-49.6535745268221547
141.6040053416679,-49.03365052222863,-49.03365052222863,0,0,-49.7591299152254081
143.0796235722678,-49.12369554473989,-49.12369554473989,0,0,-49.8650389232528042
144.5706188337452,-49.21374056725115,-49.21374056725115,0,0,-49.9713102796598108
146.0771513661087,-49.30378558976241,-49.30378558976241,0,0,-50.0779529596913733
147.5993830791865,-49.39383061227366,-49.39383061227366,0,0,-50.1849761934908969
149.1374775700269,-49.48387563478491,-49.48387563478491,0,0,-50.2923894748641089
150.6916001404801,-49.57392065729618,-49.57392065729618,0,0,-50.4002025704160346
152.2619178149628,-49.66396567980743,-49.66396567980743,0,0,-50.5084255290806468
153.8485993584103,-49.75401070231868,-49.75401070231868,0,0,-50.6170686920636186
155.4518152944127,-49.84405572482993,-49.84405572482993,0,0,-50.7261427032199350
157.0717379235419,-49.93410074734118,-49.93410074734118,0,0,-50.8356585198896411
158.7085413418689,-50.02414576985245,-50.02414576985245,0,0,-50.9456274242163545
160.3624014596735,-50.1141907923637,-50.1141907923637,0,0,-51.0560610349745687
162.0334960203515,-50.20423581487496,-50.20423581487496,0,0,-51.1669713199340777
163.7220046195155,-50.29428083738621,-50.29428083738621,0,0,-51.2783706087905600
165.4281087242974,-50.38432585989747,-50.38432585989747,0,0,-51.3902716066944976
167.1519916928493,-50.47437088240873,-50.47437088240873,0,0,-51.5026874084117452
168.8938387940518,-50.56441590491998,-50.56441590491998,0,0,-51.6156315131522021
170.6538372274237,-50.65446092743123,-50.65446092743123,0,0,-51.7291178401042302
172.4321761432408,-50.7445059499425,-50.7445059499425,0,0,-51.8431607447164424
174.2290466628638,-50.83455097245375,-50.83455097245375,0,0,-51.9577750357702328
176.0446418992799,-50.924595994965,-50.924595994965,0,0,-52.0729759932902070
177.8791569778556,-51.01464101747625,-51.01464101747625,0,0,-52.1887793873420307
179.7327890573081,-51.10468603998751,-51.10468603998751,0,0,-52.3052014977719537
181.6057373508939,-51.19473106249878,-51.19473106249878,0,0,-52.4222591349449303
183.4982031478176,-51.28477608501002,-51.28477608501002,0,0,-52.5399696615430543
185.4103898348673,-51.37482110752128,-51.37482110752128,0,0,-52.6583510154906378
187.3425029182708,-51.46486613003253,-51.46486613003253,0,0,-52.7774217340762348
189.2947500457828,-51.5549111525438,-51.5549111525438,0,0,-52.8972009793483195
191.267341029,-51.64495617505505,-51.64495617505505,0,0,-53.0177085648661404
193.2604878659117,-51.73500119756631,-51.73500119756631,0,0,-53.1389649838941978
195.2744047636822,-51.82504622007755,-51.82504622007755,0,0,-53.2609914391347772
197.3093081616732,-51.91509124258882,-51.91509124258882,0,0,-53.3838098741011322
199.3654167547029,-52.00513626510008,-52.00513626510008,0,0,-53.5074430062413029
201.4429515165521,-52.09518128761133,-52.09518128761133,0,0,-53.6319143619318197
203.542135723711,-52.18522631012257,-52.18522631012257,0,0,-53.7572483134694963
205.6631949793762,-52.27527133263385,-52.27527133263385,0,0,-53.8834701182006341
207.8063572376947,-52.3653163551451,-52.3653163551451,0,0,-54.0106059599377062
209.9718528282652,-52.45536137765635,-52.45536137765635,0,0,-54.1386829928267730
212.1599144808904,-52.5454064001676,-52.5454064001676,0,0,-54.2677293878418254
214.3707773505892,-52.63545142267886,-52.63545142267886,0,0,-54.3977743820980280
216.6046790428698,-52.72549644519012,-52.72549644519012,0,0,-54.5288483311918455
218.8618596392639,-52.81554146770137,-52.81554146770137,0,0,-54.6609827647942126
221.1425617231312,-52.90558649021263,-52.90558649021263,0,0,-54.7942104457435732
223.4470304057286,-52.99563151272388,-52.99563151272388,0,0,-54.9285654329063959
225.7755133525535,-53.08567653523514,-53.08567653523514,0,0,-55.0640831480985256
228.1282608099592,-53.1757215577464,-53.1757215577464,0,0,-55.2008004473863139
230.5055256320524,-53.26576658025765,-53.26576658025765,0,0,-55.3387556971175343
232.9075633078651,-53.3558116027689,-53.3558116027689,0,0,-55.4779888550633942
235.3346319888145,-53.44585662528017,-53.44585662528017,0,0,-55.6185415570913122
237.7869925164446,-53.53590164779142,-53.53590164779142,0,0,-55.7604572098270523
240.2649084504619,-53.62594667030267,-53.62594667030267,0,0,-55.9037810898113463
242.7686460970594,-53.71599169281392,-53.71599169281392,0,0,-56.0485604497052421
245.2984745375374,-53.80603671532519,-53.80603671532519,0,0,-56.1948446321554513
247.8546656572206,-53.89608173783644,-53.89608173783644,0,0,-56.3426851919928140
250.4374941746807,-53.98612676034769,-53.98612676034769,0,0,-56.4921360275082307
253.0472376712595,-54.07617178285895,-54.07617178285895,0,0,-56.6432535216275568
255.6841766209008,-54.1662168053702,-54.1662168053702,0,0,-56.7960966938965299
258.3485944202947,-54.25626182788147,-54.25626182788147,0,0,-56.9507273642852994
261.0407774193322,-54.34630685039272,-54.34630685039272,0,0,-57.1072103299339702
263.7610149518831,-54.43635187290397,-54.43635187290397,0,0,-57.2656135560873167
266.5095993668891,-54.52639689541522,-54.52639689541522,0,0,-57.4260083826084013
269.2868260597842,-54.61644191792649,-54.61644191792649,0,0,-57.5884697476234990
272.0929935042391,-54.70648694043774,-54.70648694043774,0,0,-57.7530764300333814
274.9284032842421,-54.79653196294899,-54.79653196294899,0,0,-57.9199113128352963
277.7933601265086,-54.88657698546024,-54.88657698546024,0,0,-58.0890616694368944
280.6881719332319,-54.97662200797151,-54.97662200797151,0,0,-58.2606194754158295
283.6131498151716,-55.06666703048276,-55.06666703048276,0,0,-58.4346817484890693
286.5686081250926,-55.15671205299402,-55.15671205299402,0,0,-58.6113509198133258
289.5548644915472,-55.24675707550527,-55.24675707550527,0,0,-58.7907352401477681
292.5722398530116,-55.33680209801652,-55.33680209801652,0,0,-58.9729492248841467
295.6210584923782,-55.42684712052779,-55.42684712052779,0,0,-59.1581141424964443
298.7016480718047,-55.51689214303904,-55.51689214303904,0,0,-59.3463585515960901
301.8143396679322,-55.60693716555029,-55.60693716555029,0,0,-59.5378188925176417
304.9594678074639,-55.69698218806154,-55.69698218806154,0,0,-59.7326401402175478
308.1373705031189,-55.78702721057282,-55.78702721057282,0,0,-59.9309765262761047
311.3483892899563,-55.87707223308406,-55.87707223308406,0,0,-60.1329923389707872
314.5928692620845,-55.96711725559531,-55.96711725559531,0,0,-60.3388628117783483
317.8711591097472,-56.05716227810659,-56.05716227810659,0,0,-60.5487751123009303
321.1836111567957,-56.14720730061784,-56.14720730061784,0,0,-60.7629294455551587
324.5305813985578,-56.23725232312908,-56.23725232312908,0,0,-60.9815402878737061
327.9124295400954,-56.32729734564036,-56.32729734564036,0,0,-61.2048377704266571
331.3295190348605,-56.41734236815161,-56.41734236815161,0,0,-61.4330692346789391
334.7822171237604,-56.50738739066286,-56.50738739066286,0,0,-61.6665009860823332
338.2708948746229,-56.59743241317411,-56.59743241317411,0,0,-61.9054202771149846
341.795927222077,-56.68747743568538,-56.68747743568538,0,0,-62.1501375566339789
345.3576930078452,-56.77752245819663,-56.77752245819663,0,0,-62.4009890296477749
348.9565750214626,-56.86756748070788,-56.86756748070788,0,0,-62.6583395803822967
352.5929600414128,-56.95761250321914,-56.95761250321914,0,0,-62.9225861223265142
356.2672388766965,-57.04765752573039,-57.04765752573039,0,0,-63.1941614523640141
359.9798064088337,-57.13770254824166,-57.13770254824166,0,0,-63.4735387028457438
363.7310616342987,-57.22774757075291,-57.22774757075291,0,0,-63.7612365065011133
367.5214077074058,-57.31779259326416,-57.31779259326416,0,0,-64.0578250156983700
371.3512519836342,-57.40783761577541,-57.40783761577541,0,0,-64.3639329514618339
375.2210060634083,-57.49788263828668,-57.49788263828668,0,0,-64.6802559011644291
379.1310858363303,-57.58792766079793,-57.58792766079793,0,0,-65.0075661401101144
383.0819115258818,-57.67797268330918,-57.67797268330918,0,0,-65.3467243256987871
387.0739077345816,-57.76801770582043,-57.76801770582043,0,0,-65.6986935096508660
391.1075034896216,-57.8580627283317,-57.8580627283317,0,0,-66.0645560425350311
395.1831322889709,-57.94810775084295,-57.94810775084295,0,0,-66.4455341179764929
399.3012321479697,-58.03815277335421,-58.03815277335421,0,0,-66.8430149394181541
403.4622456464006,-58.12819779586546,-58.12819779586546,0,0,-67.2585818166103309
407.666619976054,-58.21824281837671,-58.21824281837671,0,0,-67.6940529516842844
411.9148069887897,-58.30828784088798,-58.30828784088798,0,0,-68.1515303158649317
416.2072632450949,-58.39833286339923,-58.39833286339923,0,0,-68.6334619408037412
420.5444500631561,-58.48837788591048,-58.48837788591048,0,0,-69.1427223005561871
424.9268335684355,-58.57842290842173,-58.57842290842173,0,0,-69.6827174797611519
429.3548847437669,-58.66846793093301,-58.66846793093301,0,0,-70.2575249058689479
433.8290794799704,-58.75851295344425,-58.75851295344425,0,0,-70.8720822420384309
438.3498986270024,-58.8485579759555,-58.8485579759555,0,0,-71.5324477771081888
442.9178280456294,-58.93860299846676,-58.93860299846676,0,0,-72.2461674662936701
447.5333586596471,-59.02864802097803,-59.02864802097803,0,0,-73.0228057556794852
452.1969865086361,-59.11869304348927,-59.11869304348927,0,0,-73.8747365625375920
456.9092128012786,-59.20873806600053,-59.20873806600053,0,0,-74.8183642052362785
461.67054396922,-59.29878308851178,-59.29878308851178,0,0,-75.8760893204914169
466.4814917214982,-59.38882811102305,-59.38882811102305,0,0,-77.0796420636246324
471.3425730995343,-59.4788731335343,-59.4788731335343,0,0,-78.4761109058304527
476.2543105327048,-59.56891815604556,-59.56891815604556,0,0,-80.1397971193542844
481.2172318944853,-59.6589631785568,-59.6589631785568,0,0,-82.1983070240335820
486.2318705591827,-59.74900820106805,-59.74900820106805,0,0,-84.9001026075851684
491.2987654592583,-59.83905322357933,-59.83905322357933,0,0,-88.8413156143808180
496.4184611432446,-59.92909824609058,-59.92909824609058,0,0,-96.2550653294459124
501.5915078342748,-59.97266635866676,-60.01914326860182,0.04647690993506913,0,-105.4275951251019876
506.8184614892119,-59.8826213361555,-60.10918829111308,0.2265669549575727,0,-91.6680452211274286
512.0998838584007,-59.79257631364424,-60.19923331362435,0.4066569999801107,0,-86.5868499253152493
517.4363425460365,-59.70253129113298,-60.2892783361356,0.5867470450026131,0,-83.4015329787152524
522.8284110711717,-59.61248626862173,-60.37932335864685,0.766837090025118,0,-81.0753167774471422
528.2766689293496,-59.52244124611049,-60.46936838115811,0.9469271350476198,0,-79.2415656388845804
533.7817016548859,-59.43239622359921,-60.55941340366937,1.127017180070156,0,-77.7274936567341115
539.3441008837926,-59.34235120108796,-60.64945842618062,1.30710722509266,0,-76.4377770430846084
544.964464417369,-59.25230617857672,-60.73950344869188,1.487197270115163,0,-75.3142161370909946
550.6433962864434,-59.16226115606546,-60.82954847120313,1.667287315137663,0,-74.3186546383382449
556.3815068162929,-59.07221613355419,-60.91959349371439,1.847377360160203,0,-73.4247165725916204
562.1794126922307,-58.98217111104294,-61.00963851622565,2.027467405182708,0,-72.6134062714014306
568.0377370258893,-58.8921260885317,-61.0996835387369,2.20755745020521,0,-71.8705883254581295
573.9571094221832,-58.80208106602043,-61.18972856124815,2.387647495227711,0,-71.1854590514548988
579.9381660469749,-58.71203604350918,-61.2797735837594,2.567737540250218,0,-70.5495753001961390
585.9815496954453,-58.62199102099792,-61.36981860627067,2.747827585272753,0,-69.9562132303368571
592.0879098611726,-58.53194599848666,-61.45986362878192,2.927917630295259,0,-69.3999310371883240
598.2579028059404,-58.44190097597541,-61.54990865129317,3.10800767531776,0,-68.8762624244917134
604.4921916302634,-58.35185595346416,-61.63995367380443,3.288097720340266,0,-68.3814965442732756
610.791446344654,-58.26181093095288,-61.72999869631569,3.468187765362804,0,-67.9125166914228657
617.1563439416251,-58.17176590844164,-61.82004371882694,3.648277810385306,0,-67.4666798788628626
623.5875684684547,-58.08172088593039,-61.9100887413382,3.828367855407807,0,-67.0417254580686119
630.0858111006974,-57.99167586341914,-62.00013376384945,4.00845790043031,0,-66.6357047638237390
636.6517702164676,-57.90163084090787,-62.09017878636072,4.188547945452848,0,-66.2469262330563851
643.286151471492,-57.81158581839662,-62.18022380887197,4.368637990475349,0,-65.8739120851773947
649.9896678749541,-57.72154079588536,-62.27026883138322,4.548728035497857,0,-65.5153637589844209
656.7630398661179,-57.63149577337411,-62.36031385389447,4.728818080520359,0,-65.1701340643615623
663.6069953917565,-57.54145075086286,-62.45035887640572,4.908908125542862,0,-64.8372045417132483
670.5222699843868,-57.45140572835159,-62.54040389891699,5.0889981705654,0,-64.5156669025018346
677.5096068413129,-57.36136070584033,-62.63044892142824,5.269088215587904,0,-64.2047076987439169
684.5697569045078,-57.27131568332909,-62.72049394393949,5.449178260610403,0,-63.9035955699429721
691.7034789413124,-57.18127066081784,-62.81053896645075,5.629268305632906,0,-63.6116705643310638
698.9115396259846,-57.09122563830657,-62.90058398896201,5.809358350655445,0,-63.3283351422711149
706.1947136220897,-57.00118061579532,-62.99062901147327,5.989448395677948,0,-63.0530465535285742
713.5537836657631,-56.91113559328407,-63.08067403398452,6.169538440700451,0,-62.7853103440884581
720.9895406498273,-56.82109057077281,-63.17071905649577,6.349628485722956,0,-62.5246747974310182
728.5027837087924,-56.73104554826155,-63.26076407900704,6.529718530745493,0,-62.2707261533894751
736.0943203047362,-56.6410005257503,-63.35080910151829,6.709808575767995,0,-62.0230844776061616
743.7649663140911,-56.55095550323905,-63.44085412402954,6.889898620790499,0,-61.7814000781554640
751.5155461153226,-56.46091048072779,-63.53089914654079,7.069988665813003,0,-61.5453503845936041
759.3468926775298,-56.37086545821653,-63.62094416905207,7.25007871083554,0,-61.3146372196201810
767.25984764996,-56.28082043570527,-63.71098919156331,7.430168755858046,0,-61.0889844055333882
775.2552614524708,-56.19077541319402,-63.80103421407456,7.610258800880545,0,-60.8681356573558148
783.3339933669215,-56.10073039068277,-63.89107923658582,7.790348845903049,0,-60.6518527223907284
791.4969116295219,-56.01068536817152,-63.98112425909707,7.970438890925553,0,-60.4399137324070423
799.7448935241457,-55.92064034566025,-64.07116928160833,8.150528935948092,0,-60.2321117399402652
808.078825476607,-55.83059532314901,-64.1612143041196,8.330618980970591,0,-60.0282534145600977
816.4996031499359,-55.74055030063775,-64.25125932663084,8.510709025993094,0,-59.8281578785712682
825.0081315406304,-55.6505052781265,-64.34130434914209,8.690799071015599,0,-59.6316556646257396
833.605325075922,-55.56046025561523,-64.43134937165337,8.870889116038139,0,-59.4385877802398284
842.2921077120432,-55.47041523310398,-64.52139439416462,9.050979161060642,0,-59.2488048663221747
851.0694130335373,-55.38037021059272,-64.61143941667586,9.231069206083143,0,-59.0621664385964422
859.9381843535865,-55.29032518808147,-64.70148443918711,9.411159251105646,0,-58.8785402023075406
868.8993748153933,-55.20028016557021,-64.79152946169839,9.591249296128183,0,-58.6978014318746304
877.953947494611,-55.11023514305895,-64.88157448420964,9.771339341150687,0,-58.5198324082408448
887.1028755028572,-55.0201901205477,-64.97161950672088,9.95142938617319,0,-58.3445219075956913
896.3471420922884,-54.93014509803644,-65.06166452923213,10.13151943119569,0,-58.1717647359416574
905.6877407612767,-54.84010007552517,-65.15170955174341,10.31160947621823,0,-58.0014613046571128
915.1256753611742,-54.75005505301392,-65.24175457425466,10.49169952124074,0,-57.8335172427962760
924.6619602042107,-54.66001003050267,-65.3317995967659,10.67178956626324,0,-57.6678430423736614
934.2976201724962,-54.56996500799143,-65.42184461927717,10.85187961128574,0,-57.5043537333211390
944.0336908281683,-54.47991998548017,-65.51188964178841,11.03196965630824,0,-57.3429685851864619
953.8712185246886,-54.38987496296889,-65.60193466429968,11.21205970133078,0,-57.1836108329747503
963.8112605192875,-54.29982994045766,-65.69197968681094,11.39214974635329,0,-57.0262074248247259
973.8548850866024,-54.20978491794639,-65.78202470932219,11.57223979137579,0,-56.8706887894637987
984.0031716334782,-54.11973989543515,-65.87206973183343,11.75232983639829,0,-56.7169886216100494
994.2572108149782,-54.02969487292388,-65.96211475434471,11.93241988142083,0,-56.5650436836826174
1004.61810465159,-53.93964985041263,-66.05215977685596,12.11250992644333,0,-56.4147936223549777
1015.086966647674,-53.84960482790137,-66.14220479936721,12.29259997146583,0,-56.2661807986360358
1025.664921911126,-53.75955980539011,-66.23224982187847,12.47269001648835,0,-56.1191501302990403
1036.353107274295,-53.66951478287886,-66.32229484438972,12.65278006151086,0,-55.9736489455956558
1047.152671416164,-53.5794697603676,-66.41233986690098,12.83287010653338,0,-55.8296268472982149
1058.064774985797,-53.48942473785635,-66.50238488941224,13.01296015155589,0,-55.6870355862066546
1069.090590727079,-53.39937971534509,-66.59242991192349,13.1930501965784,0,-55.5458289433392949
1080.231303604751,-53.30933469283384,-66.68247493443475,13.37314024160091,0,-55.4059626201011142
1091.488110931761,-53.21928967032258,-66.77251995694601,13.55323028662343,0,-55.2673941357891962
1102.86222249794,-53.12924464781133,-66.86256497945726,13.73332033164593,0,-55.1300827318541664
1114.354860700025,-53.03919962530008,-66.95261000196851,13.91341037666843,0,-54.9939892823893928
1125.967260673028,-52.94915460278882,-67.04265502447977,14.09350042169095,0,-54.8590762103675971
1137.700670422978,-52.85910958027758,-67.13270004699103,14.27359046671346,0,-54.7253074091868115
1149.556350961048,-52.7690645577663,-67.22274506950228,14.45368051173598,0,-54.5926481691262566
1161.535576439078,-52.67901953525504,-67.31279009201353,14.63377055675848,0,-54.4610651083474906
1173.639634286513,-52.58897451274379,-67.40283511452479,14.813860601781,0,-54.3305261081071151
1185.869825348759,-52.49892949023253,-67.49288013703604,14.99395064680351,0,-54.2010002518758043
1198.227464026994,-52.40888446772129,-67.58292515954732,15.17404069182603,0,-54.0724577680838010
1210.713878419422,-52.31883944521002,-67.67297018205855,15.35413073684852,0,-53.9448699762361912
1223.330410464018,-52.22879442269876,-67.76301520456981,15.53422078187105,0,-53.8182092361620761
1236.078416082732,-52.13874940018752,-67.85306022708107,15.71431082689355,0,-53.6924489001813825
1248.959265327228,-52.04870437767625,-67.94310524959232,15.89440087191607,0,-53.5675632679891294
1261.974342526116,-51.95865935516501,-68.03315027210358,16.07449091693858,0,-53.4435275440742359
1275.125046433734,-51.86861433265375,-68.12319529461485,16.25458096196109,0,-53.3203177975029661
1288.41279038047,-51.7785693101425,-68.21324031712609,16.4346710069836,0,-53.1979109239110031
1301.839002424658,-51.68852428763124,-68.30328533963734,16.6147610520061,0,-53.0762846095595933
1315.405125506056,-51.59847926511998,-68.3933303621486,16.79485109702862,0,-52.9554172973223984
1329.112617600915,-51.50843424260873,-68.48337538465985,16.97494114205113,0,-52.8352881544795991
1342.96295187868,-51.41838922009747,-68.57342040717111,17.15503118707364,0,-52.7158770422046956
1356.957616860302,-51.32834419758621,-68.66346542968236,17.33512123209615,0,-52.5971644866381354
1371.098116578225,-51.23829917507495,-68.75351045219362,17.51521127711867,0,-52.4791316514493715
1385.385970738016,-51.14825415256372,-68.84355547470489,17.69530132214117,0,-52.3617603117960897
1399.822714881701,-51.05820913005245,-68.93360049721613,17.87539136716369,0,-52.2450328295956723
1414.40990055278,-50.9681641075412,-69.0236455197274,18.05548141218619,0,-52.1289321300302504
1429.149095462987,-50.87811908502994,-69.11369054223866,18.23557145720872,0,-52.0134416792116312
1444.041883660766,-50.78807406251869,-69.20373556474991,18.41566150223122,0,-51.8985454629380598
1459.089865701517,-50.69802904000743,-69.29378058726117,18.59575154725374,0,-51.7842279664789942
1474.294658819606,-50.60798401749618,-69.38382560977242,18.77584159227624,0,-51.6704741553284777
1489.657897102177,-50.51793899498492,-69.47387063228368,18.95593163729876,0,-51.5572694568717935
1505.181231664764,-50.42789397247365,-69.56391565479493,19.13602168232127,0,-51.4445997429136526
1520.866330828748,-50.33784894996241,-69.65396067730617,19.31611172734377,0,-51.3324513130193054
1536.714880300649,-50.24780392745114,-69.74400569981744,19.49620177236629,0,-51.2208108786238725
1552.728583353288,-50.1577589049399,-69.83405072232868,19.67629181738879,0,-51.1096655478671025
1568.909161008853,-50.06771388242863,-69.92409574483995,19.85638186241131,0,-50.9990028111142024
1585.258352223847,-49.97766885991737,-70.01414076735119,20.03647190743382,0,-50.8888105271256421
1601.777914075988,-49.88762383740612,-70.10418578986246,20.21656195245633,0,-50.7790769098410379
1618.469621953034,-49.79757881489488,-70.19423081237372,20.39665199747884,0,-50.6697905157447437
1635.335269743602,-49.70753379238361,-70.28427583488497,20.57674204250136,0,-50.5609402317821477
1652.376670029944,-49.61748876987237,-70.37432085739623,20.75683208752386,0,-50.4525152637984178
1669.595654282764,-49.5274437473611,-70.46436587990749,20.93692213254639,0,-50.3445051254722813
1686.994073058035,-49.43739872484985,-70.55441090241874,21.11701217756889,0,-50.2368996277197652
1704.573796195896,-49.34735370233859,-70.64445592493,21.29710222259141,0,-50.1296888685437807
1722.336713021593,-49.25730867982733,-70.73450094744125,21.47719226761392,0,-50.0228632233073327
1740.284732548542,-49.16726365731608,-70.82454596995251,21.65728231263643,0,-49.9164133354089188
1758.419783683481,-49.07721863480482,-70.91459099246376,21.83737235765894,0,-49.8103301073405618
1776.743815433787,-48.98717361229356,-71.00463601497502,22.01746240268146,0,-49.7046046921092710
1795.258797116924,-48.89712858978231,-71.09468103748627,22.19755244770396,0,-49.5992284850046445
1813.966718572102,-48.80708356727107,-71.18472605999753,22.37764249272646,0,-49.4941931156955732
1832.869590374127,-48.7170385447598,-71.27477108250878,22.55773253774898,0,-49.3894904406404933
1851.96944404947,-48.62699352224855,-71.36481610502004,22.73782258277148,0,-49.2851125357962090
1871.268332294614,-48.53694849973729,-71.4548611275313,22.91791262779401,0,-49.1810516896112020
1890.768329196649,-48.44690347722604,-71.54490615004255,23.09800267281651,0,-49.0773003962902621
1910.471530456188,-48.35685845471478,-71.63495117255381,23.27809271783903,0,-48.9738513493175915
1930.380053612586,-48.26681343220353,-71.72499619506506,23.45818276286153,0,-48.8706974352268730
1950.496038271526,-48.17676840969227,-71.81504121757632,23.63827280788406,0,-48.7678317276066764
1970.821646334955,-48.08672338718101,-71.90508624008757,23.81836285290656,0,-48.6652474813308160
1991.35906223344,-47.99667836466976,-71.99513126259883,23.99845289792908,0,-48.5629381270033562
2012.110493160919,-47.9066333421585,-72.08517628511008,24.17854294295158,0,-48.4608972656088426
2033.078169311929,-47.81658831964724,-72.17522130762134,24.3586329879741,0,-48.3591186633586574
2054.26434412127,-47.72654329713598,-72.26526633013259,24.53872303299661,0,-48.2575962467247948
2075.671294506204,-47.63649827462474,-72.35531135264387,24.71881307801912,0,-48.1563240976530338
2097.301321111144,-47.54645325211349,-72.44535637515511,24.89890312304163,0,-48.0552964489476864
2119.156748554922,-47.45640822960222,-72.53540139766636,25.07899316806414,0,-47.9545076798204661
2141.239925680607,-47.36636320709096,-72.62544642017761,25.25908321308665,0,-47.8539523115967995
2163.553225807952,-47.27631818457972,-72.71549144268887,25.43917325810915,0,-47.7536250035725089
2186.099046988451,-47.18627316206846,-72.80553646520013,25.61926330313167,0,-47.6535205490148712
2208.879812263062,-47.09622813955721,-72.89558148771138,25.79935334815417,0,-47.5536338713019262
2231.897969922623,-47.00618311704594,-72.98562651022264,25.9794433931767,0,-47.4539600201943657
2255.155993770962,-46.91613809453469,-73.07567153273389,26.1595334381992,0,-47.3544941682345097
2278.656383390776,-46.82609307202343,-73.16571655524515,26.33962348322172,0,-47.2552316072671630
2302.401664412251,-46.73604804951218,-73.2557615777564,26.51971352824422,0,-47.1561677450775960
2326.394388784511,-46.64600302700092,-73.34580660026766,26.69980357326675,0,-47.0572981021417220
2350.637135049864,-46.55595800448966,-73.43585162277891,26.87989361828925,0,-46.9586183084841835
2375.132508620942,-46.46591298197841,-73.52589664529017,27.05998366331177,0,-46.8601241006399576
2399.883142060689,-46.37586795946716,-73.61594166780142,27.24007370833427,0,-46.7618113187154876
2424.891695365307,-46.2858229369559,-73.70598669031268,27.42016375335679,0,-46.6636759035453323
2450.160856250112,-46.19577791444465,-73.79603171282395,27.6002537983793,0,-46.5657138939408810
2475.693340438407,-46.10573289193338,-73.88607673533519,27.78034384340182,0,-46.4679214240272529
2501.491891953325,-46.01568786942214,-73.97612175784646,27.96043388842432,0,-46.3702947206653562
2527.559283412753,-45.92564284691088,-74.0661667803577,28.14052393344682,0,-46.2728301009555167
2553.898316327303,-45.83559782439962,-74.15621180286897,28.32061397846935,0,-46.1755239698199560
2580.511821401386,-45.74555280188837,-74.24625682538021,28.50070402349184,0,-46.0783728176609770
2607.402658837455,-45.65550777937711,-74.33630184789148,28.68079406851437,0,-45.9813732180918748
2634.573718643367,-45.56546275686586,-74.42634687040272,28.86088411353687,0,-45.8845218257383891
2662.027920943011,-45.47541773435459,-74.51639189291399,29.04097415855939,0,-45.7878153741074456
2689.768216290106,-45.38537271184334,-74.60643691542523,29.2210642035819,0,-45.6912506735213668
2717.797585985332,-45.29532768933208,-74.6964819379365,29.40115424860441,0,-45.5948246091146885
2746.119042396709,-45.20528266682084,-74.78652696044776,29.58124429362692,0,-45.4985341388917064
2774.735629283367,-45.11523764430957,-74.87657198295901,29.76133433864944,0,-45.4023762918421880
2803.65042212264,-45.02519262179832,-74.96661700547025,29.94142438367194,0,-45.3063481661136649
2832.866528440618,-44.93514759928706,-75.05666202798152,30.12151442869446,0,-45.2104469272377401
2862.387088146094,-44.84510257677582,-75.14670705049278,30.30160447371696,0,-45.1146698064091893
2892.21527386804,-44.75505755426455,-75.23675207300403,30.48169451873948,0,-45.0190140988152336
2922.354291296549,-44.6650125317533,-75.32679709551529,30.66178456376199,0,-44.9234771620140378
2952.807379527382,-44.57496750924204,-75.41684211802654,30.84187460878449,0,-44.8280564143600557
2983.577811410066,-44.48492248673079,-75.5068871405378,31.02196465380701,0,-44.7327493334751694
3014.668893899627,-44.39487746421953,-75.59693216304905,31.20205469882951,0,-44.6375534547636477
3046.083968412016,-44.30483244170827,-75.68697718556031,31.38214474385204,0,-44.5424663699697021
3077.82641118319,-44.21478741919702,-75.77702220807156,31.56223478887454,0,-44.4474857257761187
3109.89963363199,-44.12474239668576,-75.86706723058282,31.74232483389705,0,-44.3526092224425454
3142.307082726744,-44.03469737417451,-75.95711225309407,31.92241487891956,0,-44.2578346124823270
3175.052241355748,-43.94465235166325,-76.04715727560533,32.10250492394208,0,-44.1631596993761946
3208.138628701552,-43.854607329152,-76.13720229811659,32.28259496896459,0,-44.0685823363221729
3241.569800619196,-43.76456230664073,-76.22724732062784,32.46268501398711,0,-43.9741004250200405
3275.349350018343,-43.67451728412949,-76.3172923431391,32.64277505900961,0,-43.8797119144894623
3309.480907249436,-43.58447226161823,-76.40733736565036,32.82286510403213,0,-43.7854147999206020
3343.968140493838,-43.49442723910698,-76.49738238816161,33.00295514905464,0,-43.6912071215563600
3378.814756158081,-43.40438221659572,-76.58742741067287,33.18304519407715,0,-43.5970869636049159
3414.024499272175,-43.31433719408447,-76.67747243318412,33.36313523909966,0,-43.5030524531819935
3449.601153892119,-43.22429217157321,-76.76751745569538,33.54322528412217,0,-43.4091017592815192
3485.548543506556,-43.13424714906195,-76.85756247820663,33.72331532914468,0,-43.3152330917741608
3521.870531447711,-43.0442021265507,-76.94760750071788,33.90340537416718,0,-43.2214447004325919
3558.571021306582,-42.95415710403944,-77.03765252322914,34.0834954191897,0,-43.1277348739827815
3595.653957352455,-42.86411208152818,-77.12769754574039,34.26358546421221,0,-43.0341019391805588
3633.123324956828,-42.77406705901692,-77.21774256825165,34.44367550923473,0,-42.9405442599124925
3670.983151021696,-42.68402203650567,-77.3077875907629,34.62376555425723,0,-42.8470602363206083
3709.237504412357,-42.59397701399441,-77.39783261327416,34.80385559927975,0,-42.7536483039499302
3747.890496394677,-42.50393199148317,-77.48787763578542,34.98394564430225,0,-42.6603069329184521
3786.946281076958,-42.41388696897189,-77.57792265829667,35.16403568932478,0,-42.5670346271085691
3826.409055856362,-42.32384194646065,-77.66796768080793,35.34412573434728,0,-42.4738299233796752
3866.283061870042,-42.2337969239494,-77.7580127033192,35.5242157793698,0,-42.3806913908008553
3906.572584450914,-42.14375190143814,-77.84805772583044,35.7043058243923,0,-42.2876176299036075
3947.281953588243,-42.05370687892689,-77.93810274834171,35.88439586941482,0,-42.1946072719535152
3988.415544392958,-41.96366185641563,-78.02814777085295,36.06448591443733,0,-42.1016589782406569
4029.977777567892,-41.87361683390437,-78.11819279336422,36.24457595945984,0,-42.0087714393880063
4071.973119882844,-41.78357181139312,-78.20823781587546,36.42466600448235,0,-41.9159433746774539
4114.406084654671,-41.69352678888186,-78.29828283838673,36.60475604950486,0,-41.8231735313928183
4157.281232232303,-41.6034817663706,-78.38832786089797,36.78484609452737,0,-41.7304606841794552
4200.603170486882,-41.51343674385937,-78.47837288340924,36.96493613954987,0,-41.6378036344199032
4244.376555306972,-41.42339172134809,-78.56841790592048,37.14502618457239,0,-41.5452012096252190
4288.606091098915,-41.33334669883685,-78.65846292843175,37.3251162295949,0,-41.4526522628414398
4333.296531292459,-41.24330167632559,-78.74850795094301,37.50520627461741,0,-41.3601556720708530
4378.452678851578,-41.15325665381434,-78.83855297345426,37.68529631963992,0,-41.2677103397076550
4424.079386790692,-41.06321163130308,-78.92859799596552,37.86538636466244,0,-41.1753151919874227
4470.181558696197,-40.97316660879182,-79.01864301847677,38.04547640968494,0,-41.0829691784503126
4516.764149253496,-40.88312158628057,-79.10868804098803,38.22556645470746,0,-40.9906712714173551
4563.832164779447,-40.79307656376931,-79.19873306349928,38.40565649972996,0,-40.8984204654796315
4611.39066376045,-40.70303154125805,-79.28877808601054,38.58574654475249,0,-40.8062157769998706
4659.444757396041,-40.61298651874679,-79.37882310852179,38.76583658977499,0,-40.7140562436262954
4707.999610148248,-40.52294149623554,-79.46886813103305,38.94592663479751,0,-40.6219409238181655
4757.060440296587,-40.43289647372428,-79.5589131535443,39.12601667982001,0,-40.5298688963828937
4806.632520498915,-40.34285145121302,-79.64895817605556,39.30610672484254,0,-40.4378392600243188
4856.721178358055,-40.25280642870177,-79.73900319856681,39.48619676986504,0,-40.3458511329019132
4907.331796994399,-40.16276140619053,-79.82904822107807,39.66628681488754,0,-40.2539036522005063
4958.469815624424,-40.07271638367925,-79.91909324358932,39.84637685991007,0,-40.1619959737104324
5010.140730145242,-39.98267136116801,-80.00913826610058,40.02646690493257,0,-40.0701272714176966
5062.35009372529,-39.89262633865676,-80.09918328861184,40.20655694995508,0,-39.9782967371038040
5115.103517401098,-39.8025813161455,-80.18922831112309,40.38664699497759,0,-39.8865035799553809
5168.406670680354,-39.71253629363424,-80.27927333363435,40.56673704000011,0,-39.7947470261828045
5222.265282151184,-39.62249127112298,-80.3693183561456,40.74682708502262,0,-39.7030263186480568
5276.685140097848,-39.53244624861173,-80.45936337865686,40.92691713004513,0,-39.6113407165012958
5331.672093122776,-39.44240122610049,-80.54940840116812,41.10700717506764,0,-39.5196894948261104
5387.232050775178,-39.35235620358921,-80.63945342367937,41.28709722009016,0,-39.4280719442929808
5443.370984186103,-39.26231118107795,-80.72949844619062,41.46718726511266,0,-39.3364873708210681
5500.094926710212,-39.17226615856671,-80.81954346870189,41.64727731013518,0,-39.2449350952478113
5557.409974574155,-39.08222113605547,-80.90958849121314,41.82736735515768,0,-39.1534144530063770
5615.322287531783,-38.99217611354418,-80.99963351372439,42.00745740018021,0,-39.0619247938105403
5673.838089526105,-38.90213109103294,-81.08967853623565,42.18754744520271,0,-38.9704654813470412
5732.963669358227,-38.81208606852169,-81.1797235587469,42.36763749022521,0,-38.8790358929750539
5792.705381363202,-38.72204104601043,-81.26976858125816,42.54772753524773,0,-38.7876354194326538
5853.069646092927,-38.63199602349919,-81.35981360376942,42.72781758027023,0,-38.6962634645501709
5914.062951006211,-38.54195100098791,-81.44985862628067,42.90790762529276,0,-38.6049194449700721
5975.691851165946,-38.45190597847666,-81.53990364879192,43.08799767031526,0,-38.5136027898735236
6037.962969943644,-38.36186095596543,-81.6299486713032,43.26808771533777,0,-38.4223129407130841
6100.882999731208,-38.27181593345416,-81.71999369381444,43.44817776036028,0,-38.3310493509517585
6164.458702660229,-38.18177091094289,-81.81003871632569,43.62826780538281,0,-38.2398114858079268
6228.696911328675,-38.09172588843163,-81.90008373883694,43.80835785040531,0,-38.1485988220062993
6293.604529535251,-38.00168086592039,-81.99012876134822,43.98844789542783,0,-38.0574108475344701
6359.188533021314,-37.91163584340914,-82.08017378385946,44.16853794045033,0,-37.9662470614052268
6425.45597022062,-37.82159082089787,-82.17021880637071,44.34862798547285,0,-37.8751069734241952
6492.413963016779,-37.73154579838661,-82.26026382888196,44.52871803049536,0,-37.7839901039629140
6560.069707508711,-37.64150077587536,-82.35030885139324,44.70880807551787,0,-37.6928959837370456
6628.430474783969,-37.55145575336411,-82.44035387390448,44.88889812054038,0,-37.6018241535898028
6697.503611700232,-37.46141073085283,-82.53039889641573,45.0689881655629,0,-37.5107741642801500
6767.29654167483,-37.37136570834159,-82.62044391892699,45.2490782105854,0,-37.4197455762760782
6837.816765482601,-37.28132068583034,-82.71048894143824,45.42916825560791,0,-37.3287379595524342
6909.071862061991,-37.19127566331908,-82.8005339639495,45.60925830063042,0,-37.2377508933934891
6981.069489329555,-37.10123064080785,-82.89057898646077,45.78934834565292,0,-37.1467839662000117
7053.817385003022,-37.01118561829657,-82.98062400897201,45.96943839067545,0,-37.0558367753006905
7127.323367432816,-36.92114059578531,-83.07066903148326,46.14952843569795,0,-36.9649089267679827
7201.595336442375,-36.83109557327408,-83.16071405399454,46.32961848072046,0,-36.8740000352380406
7276.641274177095,-36.74105055076281,-83.25075907650579,46.50970852574297,0,-36.7831097237349525
7352.469245962247,-36.65100552825154,-83.34080409901703,46.6897985707655,0,-36.6922376234987695
7429.087401169716,-36.56096050574031,-83.4308491215283,46.86988861578799,0,-36.6013833738176757
7506.503974093883,-36.47091548322905,-83.52089414403956,47.04997866081051,0,-36.5105466218638526
7584.727284836523,-36.38087046071779,-83.61093916655081,47.23006870583301,0,-36.4197270225332801
7663.765740201042,-36.29082543820654,-83.70098418906207,47.41015875085553,0,-36.3289242382889341
7743.627834595911,-36.20078041569527,-83.79102921157332,47.59024879587805,0,-36.2381379390079132
7824.322150947635,-36.11073539318402,-83.88107423408458,47.77033884090056,0,-36.1473678018317841
7905.857361623118,-36.02069037067277,-83.97111925659584,47.95042888592307,0,-36.0566135110205721
7988.242229361757,-35.9306453481615,-84.06116427910709,48.13051893094559,0,-35.9658747578099494
8071.485608217128,-35.84060032565024,-84.15120930161834,48.31060897596809,0,-35.8751512402718760
8155.596444508602,-35.75055530313899,-84.24125432412959,48.4906990209906,0,-35.7844426631782824
8240.583777782804,-35.66051028062775,-84.33129934664086,48.67078906601311,0,-35.6937487378679847
8326.456741785072,-35.57046525811649,-84.42134436915211,48.85087911103562,0,-35.6030691821167551
8413.224565441156,-35.48042023560522,-84.51138939166336,49.03096915605814,0,-35.5124037200101981
8500.896573848979,-35.39037521309396,-84.60143441417461,49.21105920108064,0,-35.4217520818197897
8589.482189280903,-35.30033019058273,-84.69147943668588,49.39114924610315,0,-35.3311140038815878
8678.99093219629,-35.21028516807147,-84.78152445919713,49.57123929112566,0,-35.2404892284780047
8769.432422264741,-35.12024014556019,-84.87156948170838,49.75132933614819,0,-35.1498775037220739
8860.816379399887,-35.03019512304895,-84.96161450421964,49.93141938117069,0,-35.0592785834446445
8953.152624804061,-34.94015010053769,-85.0516595267309,50.11150942619321,0,-34.9686922270840839
9046.451082023737,-34.85010507802644,-85.14170454924215,50.29159947121571,0,-34.8781181995786653
9140.721778016105,-34.76006005551518,-85.23174957175341,50.47168951623824,0,-34.7875562712613515
9235.974844226608,-34.67001503300392,-85.32179459426466,50.65177956126074,0,-34.6970062177572629
9332.220517677866,-34.57997001049267,-85.41183961677592,50.83186960628326,0,-34.6064678198833917
9429.469142069791,-34.48992498798142,-85.50188463928718,51.01195965130576,0,-34.5159408635508456
9527.731168891312,-34.39987996547017,-85.59192966179843,51.19204969632826,0,-34.4254251396692581
9627.01715854358,-34.30983494295889,-85.68197468430968,51.37213974135079,0,-34.3349204440537079
9727.337781474893,-34.21978992044765,-85.77201970682094,51.55222978637329,0,-34.2444265773336909
9828.703819327535,-34.1297448979364,-85.8620647293322,51.73231983139581,0,-34.1539433448643663
9931.126166096416,-34.03969987542514,-85.95210975184345,51.91240987641831,0,-34.0634705566399987
10034.61582929995,-33.94965485291389,-86.04215477435471,52.09249992144082,0,-33.9730080272093815
10139.18393116299,-33.85960983040263,-86.13219979686596,52.27258996646334,0,-33.8825555755935000
10244.84170981219,-33.76956480789137,-86.22224481937721,52.45268001148584,0,-33.7921130252050830
10351.6005204838,-33.67951978538011,-86.31228984188849,52.63277005650838,0,-33.7016802037702163
10459.47183674394,-33.58947476286885,-86.40233486439973,52.81286010153088,0,-33.6112569432519450
10568.46725172182,-33.4994297403576,-86.49237988691098,52.99295014655338,0,-33.5208430797756449
10678.59847935563,-33.40938471784634,-86.58242490942226,53.17304019157592,0,-33.4304384535564125
10789.87735565133,-33.31933969533509,-86.67246993193348,53.35313023659839,0,-33.3400429088283730
10902.31583995495,-33.22929467282383,-86.76251495444475,53.53322028162093,0,-33.2496562937754376
11015.9260162376,-33.13924965031257,-86.852559976956,53.71331032664343,0,-33.1592784604643427
11130.72009439435,-33.04920462780132,-86.94260499946725,53.89340037166593,0,-33.0689092647790162
11246.7104115564,-32.95915960529005,-87.03265002197853,54.07349041668847,0,-32.9785485663568707
11363.90943341686,-32.86911458277882,-87.12269504448976,54.25358046171094,0,-32.8881962285267875
11482.32975557074,-32.77906956026754,-87.21274006700102,54.43367050673348,0,-32.7978521182485210
11601.98410486826,-32.6890245377563,-87.30278508951228,54.61376055175598,0,-32.7075161060541433
11722.88534078292,-32.59897951524505,-87.39283011202353,54.79385059677848,0,-32.6171880659906392
11845.04645679342,-32.50893449273377,-87.48287513453479,54.97394064180102,0,-32.5268678755643705
11968.48058178003,-32.41888947022253,-87.57292015704606,55.15403068682352,0,-32.4365554156870317
12093.2009814357,-32.32884444771128,-87.6629651795573,55.33412073184603,0,-32.3462505706229635
12219.22105969169,-32.2387994252,-87.75301020206857,55.51421077686857,0,-32.2559532279381500
12346.55436015803,-32.14875440268878,-87.84305522457981,55.69430082189103,0,-32.1656632784506584
12475.21456757933,-32.0587093801775,-87.93310024709108,55.87439086691357,0,-32.0753806161823078
12605.21550930515,-31.96866435766626,-88.02314526960232,56.05448091193607,0,-31.9851051383121501
12736.57115677636,-31.87861933515501,-88.11319029211359,56.23457095695858,0,-31.8948367451309238
12869.29562702654,-31.78857431264373,-88.20323531462485,56.41466100198112,0,-31.8045753399972000
13003.40318419909,-31.69852929013248,-88.2932803371361,56.59475104700362,0,-31.7143208292947989
13138.90824108041,-31.60848426762125,-88.38332535964736,56.77484109202611,0,-31.6240731223914082
13275.82536064873,-31.51843924510998,-88.47337038215861,56.95493113704863,0,-31.5338321315987038
13414.16925763926,-31.42839422259873,-88.56341540466985,57.13502118207113,0,-31.4435977721337103
13553.95480012564,-31.33834920008746,-88.65346042718113,57.31511122709367,0,-31.3533699620813557
13695.19701111773,-31.24830417757621,-88.74350544969238,57.49520127211617,0,-31.2631486223584716
13837.91107017631,-31.15825915506495,-88.83355047220363,57.67529131713867,0,-31.1729336766788023
13982.11231504441,-31.06821413255369,-88.9235954947149,57.85538136216121,0,-31.0827250515194073
14127.81624329551,-30.97816911004246,-89.01364051722612,58.03547140718366,0,-30.9925226760883561
14275.03851399948,-30.88812408753118,-89.1036855397374,58.21556145220622,0,-30.9023264822932511
14423.79494940502,-30.79807906501993,-89.19373056224865,58.39565149722872,0,-30.8121364047114810
14574.10153664047,-30.70803404250867,-89.28377558475989,58.57574154225122,0,-30.7219523805611026
14725.97442943185,-30.61798901999742,-89.37382060727117,58.75583158727375,0,-30.6317743496732398
14879.42994983883,-30.52794399748615,-89.46386562978242,58.93592163229626,0,-30.5416022544655164
15034.48459000907,-30.43789897497491,-89.55391065229367,59.11601167731875,0,-30.4514360399165511
15191.15501395058,-30.34785395246364,-89.64395567480494,59.29610172234131,0,-30.3612756535416324
15349.45805932252,-30.25780892995242,-89.73400069731618,59.47619176736376,0,-30.2711210453695898
15509.41073924509,-30.16776390744113,-89.82404571982744,59.65628181238631,0,-30.1809721679204586
15671.03024412754,-30.07771888492989,-89.9140907423387,59.83637185740881,0,-30.0908289761846888
15834.333943516,-29.98767386241863,-90.00413576484995,60.01646190243132,0,-30.0006914276029590
15999.33938796008,-29.89762883990737,-90.09418078736121,60.19655194745384,0,-29.9105594820473719
16166.06431089895,-29.80758381739614,-90.18422580987246,60.37664199247632,0,-29.8204331018036228
16334.52663056752,-29.71753879488486,-90.27427083238372,60.55673203749886,0,-29.7303122515540288
16504.74445192171,-29.6274937723736,-90.36431585489497,60.73682208252136,0,-29.6401968983619959
16676.73606858456,-29.53744874986238,-90.45436087740623,60.91691212754385,0,-29.5500870116570908
16850.51996481217,-29.44740372735109,-90.54440589991749,61.09700217256641,0,-29.4599825632213737
17026.11481748015,-29.35735870483983,-90.63445092242874,61.27709221758891,0,-29.3698835271767393
17203.53949809099,-29.26731368232859,-90.72449594494,61.45718226261141,0,-29.2797898799731868
17382.8130748022,-29.17726865981732,-90.81454096745126,61.63727230763395,0,-29.1897016003780863
17563.9548144754,-29.08722363730608,-90.9045859899625,61.81736235265642,0,-29.0996186694666221
17746.9841847474,-28.99717861479482,-90.99463101247377,61.99745239767896,0,-29.0095410706128511
17931.92085612188,-28.90713359228356,-91.08467603498502,62.17754244270146,0,-28.9194687894823055
18118.78470408383,-28.81708856977232,-91.17472105749627,62.35763248772395,0,-28.8294018140249797
18307.59581123546,-28.72704354726105,-91.26476608000755,62.5377225327465,0,-28.7393401344697317
18498.37446945439,-28.6369985247498,-91.35481110251877,62.71781257776897,0,-28.6492837433195220
18691.1411820748,-28.54695350223854,-91.44485612503004,62.89790262279151,0,-28.5592326353474668
18885.91666609051,-28.45690847972728,-91.53490114754129,63.07799266781401,0,-28.4691868075942089
19082.72185438184,-28.36686345721603,-91.62494617005254,63.25808271283651,0,-28.3791462593659034
19281.57789796519,-28.27681843470478,-91.71499119256382,63.43817275785904,0,-28.2891109922333612
19482.50616826601,-28.18677341219351,-91.80503621507506,63.61826280288155,0,-28.1990810100321951
19685.52825941593,-28.09672838968226,-91.89508123758631,63.79835284790406,0,-28.1090563188637255
19890.66599057332,-28.00668336717099,-91.98512626009759,63.97844289292659,0,-28.0190369270970798
20097.94140826817,-27.91663834465977,-92.07517128260882,64.15853293794905,0,-27.9290228453721525
20307.37678877184,-27.8265933221485,-92.16521630512008,64.33862298297159,0,-27.8390140866033846
20518.99464049059,-27.73654829963725,-92.25526132763135,64.5187130279941,0,-27.7490106659849012
20732.81770638504,-27.64650327712599,-92.34530635014259,64.69880307301661,0,-27.6590126009961459
20948.86896641427,-27.55645825461471,-92.43535137265386,64.87889311803914,0,-27.5690199114087875
21167.17164000533,-27.46641323210348,-92.52539639516512,65.05898316306164,0,-27.4790326192945571
21387.749188549,-27.37636820959221,-92.61544141767637,65.23907320808415,0,-27.3890507490339061
21610.62531792099,-27.28632318708097,-92.70548644018761,65.41916325310665,0,-27.2990743273258047
21835.82398102975,-27.19627816456972,-92.79553146269888,65.59925329812916,0,-27.2091033831984248
22063.36938039073,-27.10623314205844,-92.88557648521014,65.77934334315169,0,-27.1191379480208283
22293.28597072735,-27.01618811954719,-92.97562150772139,65.95943338817419,0,-27.0291780555156826
22525.59846159941,-26.92614309703595,-93.06566653023265,66.1395234331967,0,-26.9392237417728353
22760.33182005855,-26.83609807452467,-93.15571155274391,66.31961347821924,0,-26.8492750452639868
22997.51127333135,-26.74605305201345,-93.24575657525514,66.49970352324169,0,-26.7593320068584326
23237.16231153101,-26.65600802950217,-93.33580159776642,66.67979356826424,0,-26.6693946698394839
23479.31069039622,-26.56596300699093,-93.42584662027767,66.85988361328674,0,-26.5794630799224016
23723.98243405962,-26.47591798447966,-93.51589164278892,67.03997365830925,0,-26.4895372852728386
23971.20383784457,-26.3858729619684,-93.60593666530019,67.22006370333179,0,-26.3996173365265889
24221.00147109091,-26.29582793945715,-93.69598168781144,67.40015374835428,0,-26.3097032868103788
24473.40218001077,-26.20578291694589,-93.78602671032269,67.58024379337679,0,-26.2197951917634882
24728.43309057364,-26.11573789443463,-93.87607173283396,67.76033383839933,0,-26.1298931095605624
24986.1216114214,-26.02569287192338,-93.96611675534518,67.9404238834218,0,-26.0399971009355546
25246.49543681459,-25.93564784941213,-94.05616177785646,68.12051392844432,0,-25.9501072292063952
25509.582549608,-25.84560282690087,-94.14620680036771,68.30060397346683,0,-25.8602235603011934
25775.41122425862,-25.75555780438961,-94.23625182287896,68.48069401848934,0,-25.7703461627850743
26044.01002986417,-25.66551278187835,-94.32629684539023,68.66078406351188,0,-25.6804751078883626
26315.40783323321,-25.57546775936713,-94.41634186790147,68.84087410853434,0,-25.5906104695358394
26589.63380198815,-25.48542273685585,-94.50638689041273,69.02096415355687,0,-25.5007523243768794
26866.71740769916,-25.3953777143446,-94.59643191292399,69.20105419857939,0,-25.4109007518171026
27146.68842905212,-25.30533269183334,-94.68647693543524,69.3811442436019,0,-25.3210558340507355
27429.57695504882,-25.21528766932208,-94.7765219579465,69.56123428862442,0,-25.2312176560943691
27715.41338824047,-25.12524264681083,-94.86656698045776,69.74132433364693,0,-25.1413863058218148
28004.22844799547,-25.03519762429957,-94.95661200296901,69.92141437866944,0,-25.0515618740000292
28296.0531738007,-24.94515260178831,-95.04665702548027,70.10150442369196,0,-24.9617444543263076
28590.91892859719,-24.85510757927709,-95.13670204799152,70.28159446871443,0,-24.8719341434667029
28888.85740215135,-24.7650625567658,-95.22674707050278,70.46168451373698,0,-24.7821310410953757
29189.90061445992,-24.67501753425455,-95.31679209301403,70.64177455875948,0,-24.6923352499356312
29494.08091919189,-24.5849725117433,-95.40683711552529,70.82186460378199,0,-24.6025468758016785
29801.43100716536,-24.49492748923203,-95.49688213803655,71.00195464880453,0,-24.5127660276419306
30111.98390986069,-24.40488246672078,-95.5869271605478,71.18204469382702,0,-24.4229928175835695
30425.7730029708,-24.31483744420953,-95.67697218305906,71.36213473884953,0,-24.3332273609781495
30742.83200998794,-24.22479242169828,-95.76701720557031,71.54222478387203,0,-24.2434697764487552
31063.19500582801,-24.13474739918702,-95.85706222808156,71.72231482889454,0,-24.1537201859382797
31386.89642049273,-24.04470237667576,-95.94710725059284,71.90240487391708,0,-24.0639787147591164
31713.97104276969,-23.95465735416451,-96.03715227310408,72.08249491893957,0,-23.9742454916441581
32044.45402397148,-23.86461233165325,-96.12719729561533,72.26258496396208,0,-23.8845206487991248
32378.38088171333,-23.77456730914199,-96.21724231812661,72.44267500898462,0,-23.7948043219562599
32715.78750372994,-23.68452228663074,-96.30728734063783,72.62276505400709,0,-23.7050966504295424
33056.71015173318,-23.59447726411948,-96.3973323631491,72.80285509902963,0,-23.6153977771710011
33401.18546530824,-23.50443224160823,-96.48737738566035,72.98294514405212,0,-23.5257078488288904
33749.25046585208,-23.41438721909697,-96.5774224081716,73.16303518907463,0,-23.4360270158068928
34100.94256055196,-23.3243421965857,-96.66746743068288,73.34312523409717,0,-23.3463554323250051
34456.29954640542,-23.23429717407446,-96.75751245319412,73.52321527911967,0,-23.2566932564819417
34815.3596142828,-23.14425215156319,-96.84755747570537,73.70330532414218,0,-23.1670406503188602
35178.1613530315,-23.05420712905193,-96.93760249821665,73.88339536916472,0,-23.0773977798847554
35544.74375362292,-22.9641621065407,-97.02764752072788,74.06348541418718,0,-22.9877648153034109
35915.14621334364,-22.87411708402942,-97.11769254323914,74.24357545920972,0,-22.8981419308417209
36289.40854002852,-22.78407206151819,-97.20773756575041,74.42366550423222,0,-22.8085293049799418
36667.57095633976,-22.69402703900693,-97.29778258826165,74.60375554925473,0,-22.7189271204831726
37049.67410408935,-22.60398201649565,-97.38782761077292,74.78384559427727,0,-22.6293355644747436
37435.75904860668,-22.51393699398443,-97.47787263328416,74.96393563929973,0,-22.5397548285111817
37825.86728315269,-22.42389197147317,-97.56791765579543,75.14402568432226,0,-22.4501851086587152
38220.04073337817,-22.33384694896191,-97.65796267830667,75.32411572934477,0,-22.3606266055717917
38618.32176183047,-22.24380192645066,-97.74800770081794,75.50420577436728,0,-22.2710795245729614
39020.75317250592,-22.15375690393938,-97.8380527233292,75.68429581938982,0,-22.1815440757347559
39427.37821544987,-22.06371188142813,-97.92809774584045,75.86438586441231,0,-22.0920204739632879
39838.24059140524,-21.9736668589169,-98.01814276835171,76.04447590943481,0,-22.0025089390835937
40253.38445650902,-21.88362183640561,-98.10818779086297,76.22456595445736,0,-21.9130096959267959
40672.85442703733,-21.79357681389438,-98.1982328133742,76.40465599947983,0,-21.8235229744192836
41096.69558420144,-21.70353179138311,-98.28827783588548,76.58474604450237,0,-21.7340490096734413
41524.9534789915,-21.61348676887187,-98.37832285839673,76.76483608952486,0,-21.6445880420807093
41957.67413707294,-21.5234417463606,-98.46836788090798,76.94492613454737,0,-21.5551403174061491
42394.90406373257,-21.43339672384934,-98.55841290341925,77.12501617956991,0,-21.4657060868852270
42836.69024887629,-21.34335170133811,-98.64845792593047,77.30510622459236,0,-21.3762856073225791
43283.08017208007,-21.25330667882685,-98.73850294844175,77.4851962696149,0,-21.2868791411925216
43734.12180769153,-21.16326165631558,-98.828547970953,77.66528631463741,0,-21.1974869567420221
44189.86362998671,-21.07321663380434,-98.91859299346424,77.84537635965991,0,-21.1081093280953382
44650.35461837938,-20.98317161129306,-99.00863801597552,78.02546640468246,0,-21.0187465353609397
45115.64426268469,-20.89312658878181,-99.09868303848677,78.20555644970496,0,-20.9293988647406266
45585.78256843845,-20.80308156627056,-99.18872806099802,78.38564649472745,0,-20.8400666086405408
46060.82006227106,-20.71303654375929,-99.27877308350929,78.56573653975001,0,-20.7507500657845902
46540.80779733731,-20.62299152124805,-99.36881810602053,78.74582658477247,0,-20.6614495413300574
47025.79735880421,-20.53294649873678,-99.45886312853179,78.92591662979501,0,-20.5721653469851837
47515.84086939359,-20.44290147622554,-99.54890815104305,79.10600667481751,0,-20.4828978011294716
48010.99099498492,-20.35285645371428,-99.6389531735543,79.28609671984002,0,-20.3936472289358193
48511.30095027498,-20.26281143120302,-99.72899819606556,79.46618676486254,0,-20.3044139624952571
49016.82450449665,-20.17276640869177,-99.81904321857682,79.64627680988505,0,-20.2151983409440241
49527.61598719823,-20.08272138618051,-99.90908824108807,79.82636685490756,0,-20.1260007105928267
50043.73029408187,-19.99267636366926,-99.99913326359932,80.00645689993006,0,-20.0368214250587506
50565.22289290346,-19.90263134115803,-100.0891782861106,80.18654694495255,0,-19.9476608453994544
51092.14982943395,-19.81258631864675,-100.1792233086218,80.36663698997509,0,-19.8585193402498881
51624.56773348225,-19.72254129613549,-100.2692683311331,80.5467270349976,0,-19.7693972859615563
52162.533824982,-19.63249627362426,-100.3593133536444,80.7268170800201,0,-19.6802950667441543
52706.10592014077,-19.54245125111298,-100.4493583761556,80.90690712504264,0,-19.5912130748099358
53255.34243765323,-19.45240622860175,-100.5394033986668,81.0869971700651,0,-19.5021517105206215
53810.30240498076,-19.36236120609048,-100.6294484211781,81.26708721508764,0,-19.4131113825367443
54371.04546469363,-19.27231618357922,-100.7194934436894,81.44717726011015,0,-19.3240925079699970
54937.63188088217,-19.18227116106797,-100.8095384662006,81.62726730513265,0,-19.2350955125378640
55510.12254563302,-19.09222613855671,-100.8995834887119,81.80735735015519,0,-19.1461208307211947
56088.57898557292,-19.00218111604545,-100.9896285112231,81.9874473951777,0,-19.0571689059244811
56673.06336848183,-18.9121360935342,-101.0796735337344,82.16753744020019,0,-18.9682401906387490
57263.63850997385,-18.82209107102294,-101.1697185562457,82.34762748522273,0,-18.8793351466073673
57860.36788024768,-18.73204604851169,-101.2597635787569,82.5277175302452,0,-18.7904542449946845
58463.31561090911,-18.64200102600043,-101.3498086012682,82.70780757526774,0,-18.7015979665572658
59072.54650186181,-18.55195600348917,-101.4398536237794,82.88789762029025,0,-18.6127668018183670
59688.1260282727,-18.46191098097792,-101.5298986462907,83.06798766531274,0,-18.5239612512449305
60310.12034760828,-18.37186595846666,-101.6199436688019,83.24807771033528,0,-18.4351818254276481
60938.59630674417,-18.28182093595542,-101.7099886913132,83.42816775535775,0,-18.3464290452640775
61573.62144915064,-18.19177591344415,-101.8000337138244,83.60825780038029,0,-18.2577034421443116
62215.26402214987,-18.1017308909329,-101.8900787363357,83.7883478454028,0,-18.1690055581401921
62863.59298425203,-18.01168586842165,-101.9801237588469,83.96843789042529,0,-18.0803359461969748
63518.67801256583,-17.92164084591037,-102.0701687813582,84.14852793544783,0,-17.9916951703283203
64180.5895102865,-17.83159582339913,-102.1602138038695,84.32861798047034,0,-17.9030838058142976
64849.39861426289,-17.74155080088788,-102.2502588263807,84.50870802549284,0,-17.8145024394022613
65525.17720264233,-17.6515057783766,-102.340303848892,84.68879807051538,0,-17.7259516695109625
66207.99790259493,-17.56146075586538,-102.4303488714032,84.86888811553784,0,-17.6374321064377462
66897.93409812049,-17.47141573335411,-102.5203938939145,85.04897816056038,0,-17.5489443725686023
67595.05993793323,-17.38137071084284,-102.6104389164257,85.22906820558289,0,-17.4604891025917333
68299.45034343228,-17.29132568833161,-102.700483938937,85.40915825060539,0,-17.3720669437137971
69011.18101675305,-17.20128066582033,-102.7905289614483,85.58924829562793,0,-17.2836785558795647
69730.32844890247,-17.1112356433091,-102.8805739839595,85.76933834065039,0,-17.1953246119946748
70456.96992798119,-17.02119062079784,-102.9706190064708,85.94942838567293,0,-17.1070057981512917
71191.18354748795,-16.93114559828658,-103.060664028982,86.12951843069544,0,-17.0187228138573019
71933.0482147139,-16.84110057577533,-103.1507090514933,86.30960847571794,0,-16.9304763722682345
72682.64365922243,-16.75105555326407,-103.2407540740045,86.48969852074048,0,-16.8422672004225831
73440.05044141736,-16.6610105307528,-103.3307990965158,86.66978856576299,0,-16.7540960394802383
74205.34996120182,-16.57096550824153,-103.420844119027,86.84987861078551,0,-16.6659636449638739
74978.62446672597,-16.48092048573029,-103.5108891415383,87.02996865580802,0,-16.5778707870036399
75759.95706322583,-16.39087546321905,-103.6009341640495,87.21005870083049,0,-16.4898182505849391
76549.43172195632,-16.30083044070778,-103.6909791865608,87.39014874585303,0,-16.4018068357990821
77347.13328921379,-16.21078541819652,-103.7810242090721,87.57023879087554,0,-16.3138373580973948
78153.14749545617,-16.12074039568527,-103.8710692315833,87.75032883589803,0,-16.2259106485480125
78967.56096451606,-16.03069537317401,-103.9611142540946,87.93041888092057,0,-16.1380275540958920
79790.46122290983,-15.94065035066275,-104.0511592766058,88.11050892594308,0,-16.0501889378258724
80621.93670924522,-15.8506053281515,-104.1412042991171,88.29059897096558,0,-15.9623956792285071
81462.07678372535,-15.76056030564025,-104.2312493216283,88.47068901598809,0,-15.8746486744690429
82310.97173775265,-15.67051528312901,-104.3212943441396,88.65077906101058,0,-15.7869488366591781
83168.7128036327,-15.58047026061773,-104.4113393666509,88.83086910603312,0,-15.6992970961316924
84035.39216437856,-15.49042523810648,-104.5013843891621,89.01095915105563,0,-15.6116944007179939
84911.1029636188,-15.40038021559523,-104.5914294116734,89.19104919607813,0,-15.5241417160282182
85795.93931560733,-15.31033519308396,-104.6814744341846,89.37113924110066,0,-15.4366400257341940
86689.9963153374,-15.22029017057274,-104.7715194566959,89.55122928612313,0,-15.3491903318550893
87593.37004876339,-15.13024514806146,-104.8615644792071,89.73131933114567,0,-15.2617936550453521
88506.15760312507,-15.0402001255502,-104.9516095017184,89.91140937616818,0,-15.1744510348856050
89428.4570773836,-14.95015510303897,-105.0416545242296,90.09149942119068,0,-15.0871635301755234
90360.36759276368,-14.86011008052769,-105.1316995467409,90.27158946621321,0,-14.9999322192293434
91301.98930340576,-14.77006505801643,-105.2217445692522,90.45167951123572,0,-14.9127582001735721
92253.42340713093,-14.68002003550519,-105.3117895917634,90.63176955625822,0,-14.8256425912467709
93214.77215631625,-14.58997501299392,-105.4018346142747,90.81185960128076,0,-14.7385865311014967
94186.13886888322,-14.49992999048268,-105.4918796367859,90.99194964630323,0,-14.6515911791082694
95167.62793940367,-14.40988496797142,-105.5819246592972,91.17203969132576,0,-14.5646577156611059
96159.34485031659,-14.31983994546016,-105.6719696818084,91.35212973634827,0,-14.4777873424852146
97161.39618326655,-14.22979492294891,-105.7620147043197,91.53221978137077,0,-14.3909812829458605
98173.88963055755,-14.13974990043765,-105.852059726831,91.71230982639331,0,-14.3042407823589635
99196.93400672605,-14.0497048779264,-105.9421047493422,91.89239987141578,0,-14.2175671083030117
100230.6392602377,-13.95965985541514,-106.0321497718535,92.07248991643831,0,-14.1309615509318824
101275.1164853008,-13.86961483290388,-106.1221947943647,92.25257996146082,0,-14.0444254232891481
102330.4779338083,-13.77956981039263,-106.212239816876,92.43267000648332,0,-13.9579600616227140
103396.8370274004,-13.68952478788137,-106.3022848393872,92.61276005150586,0,-13.8715668257005262
104474.3083696542,-13.59947976537011,-106.3923298618985,92.79285009652837,0,-13.7852470991265736
105563.0077584011,-13.50943474285886,-106.4823748844097,92.97294014155086,0,-13.6990022896572086
106663.052198171,-13.41938972034761,-106.572419906921,93.15303018657337,0,-13.6128338295176121
107774.5599127677,-13.32934469783636,-106.6624649294322,93.33312023159587,0,-13.5267431757180834
108897.6503579742,-13.23929967532509,-106.7525099519435,93.51321027661841,0,-13.4407318103700106
110032.4442343904,-13.14925465281384,-106.8425549744548,93.69330032164092,0,-13.3548012410013346
111179.063500406,-13.05920963030259,-106.932599996966,93.87339036666341,0,-13.2689530008710204
112337.6313853073,-12.96916460779131,-107.0226450194773,94.05348041168595,0,-13.1831886492826040
113508.2724025201,-12.87911958528007,-107.1126900419885,94.23357045670846,0,-13.0975097718964157
114691.1123629924,-12.78907456276882,-107.2027350644998,94.41366050173096,0,-13.0119179810400425
115886.2783887151,-12.69902954025756,-107.292780087011,94.59375054675347,0,-12.9264149160170270
117093.898926384,-12.60898451774632,-107.3828251095223,94.77384059177596,0,-12.8410022434133158
118314.1037612043,-12.51893949523505,-107.4728701320335,94.9539306367985,0,-12.7556816574011904
119547.0240308385,-12.42889447272378,-107.5629151545448,95.13402068182101,0,-12.6704548800403938
120792.7922395006,-12.33884945021255,-107.6529601770561,95.31411072684351,0,-12.5853236615760160
122051.5422721966,-12.24880442770127,-107.7430051995673,95.49420077186605,0,-12.5002897807329010
123323.409409112,-12.15875940519004,-107.8330502220786,95.67429081688852,0,-12.4153550450062831
124608.5303401533,-12.06871438267878,-107.9230952445898,95.85438086191105,0,-12.3305212909478463
125907.043179635,-11.97866936016752,-108.0131402671011,96.03447090693356,0,-12.2457903844475986
127219.0874811257,-11.88862433765627,-108.1031852896123,96.21456095195606,0,-12.1611642210102495
128544.8042524453,-11.79857931514501,-108.1932303121236,96.3946509969786,0,-12.0766447260263998
129884.3359708182,-11.70853429263374,-108.2832753346349,96.57474104200111,0,-11.9922338550378438
131237.8265981875,-11.6184892701225,-108.3733203571461,96.7548310870236,0,-11.9079335939963276
132605.4215966858,-11.52844424761123,-108.4633653796573,96.93492113204611,0,-11.8237459595157386
133987.2679442685,-11.43839922509999,-108.5534104021686,97.11501117706861,0,-11.7396729991169337
135383.5141505098,-11.34835420258872,-108.6434554246799,97.29510122209115,0,-11.6557167914648296
136794.3102725626,-11.25830918007746,-108.7335004471911,97.47519126711366,0,-11.5718794465973147
138219.807931287,-11.16826415756621,-108.8235454697024,97.65528131213615,0,-11.4881631061452527
139660.160327544,-11.07821913505495,-108.9135904922136,97.83537135715869,0,-11.4045699435433630
141115.5222586602,-10.98817411254369,-109.0036355147249,98.0154614021812,0,-11.3211021642312204
142586.0501350651,-10.89812909003244,-109.0936805372361,98.1955514472037,0,-11.2377620058438197
144071.9019971001,-10.80808406752119,-109.1837255597474,98.37564149222621,0,-11.1545517383912269
145573.2375320037,-10.71803904500995,-109.2737705822586,98.5557315372487,0,-11.0714736644267226
147090.2180910735,-10.62799402249867,-109.3638156047699,98.73582158227124,0,-10.9885301192027462
148623.0067070056,-10.53794899998742,-109.4538606272812,98.91591162729375,0,-10.9057234708141912
150171.7681114184,-10.44790397747617,-109.5439056497924,99.09600167231625,0,-10.8230561203281432
151736.6687525546,-10.35785895496491,-109.6339506723037,99.27609171733876,0,-10.7405305018998298
153317.8768131707,-10.26781393245368,-109.7239956948149,99.45618176236125,0,-10.6581490828737415
154915.5622286119,-10.1777689099424,-109.8140407173262,99.63627180738379,0,-10.5759143638694795
156529.8967050739,-10.08772388743114,-109.9040857398374,99.8163618524063,0,-10.4938288788516605
158161.0537380591,-9.997678864919905,-109.9941307623487,99.9964518974288,0,-10.4118951951829626
159809.2086310207,-9.907633842408629,-110.08417578486,100.1765419424513,0,-10.3301159136599416
161474.5385142022,-9.817588819897367,-110.1742208073712,100.3566319874738,0,-10.2484936685307293
163157.2223636763,-9.727543797386133,-110.2642658298825,100.5367220324963,0,-10.1670311274937291
164857.4410205778,-9.637498774874871,-110.3543108523937,100.7168120775189,0,-10.0857309916769839
166575.3772105398,-9.547453752363623,-110.444355874905,100.8969021225413,0,-10.0045959955971320
168311.2155633314,-9.457408729852361,-110.5344008974162,101.0769921675639,0,-9.9236289070972994
170065.1426326994,-9.367363707341099,-110.6244459199275,101.2570822125864,0,-9.8428325272633259
171837.3469164193,-9.277318684829851,-110.7144909424387,101.4371722576089,0,-9.7622096903172171
173628.0188765518,-9.187273662318589,-110.80453596495,101.6172623026314,0,-9.6817632634874951
175437.3509599134,-9.097228639807341,-110.8945809874612,101.7973523476539,0,-9.6014961468553057
177265.5376187584,-9.007183617296079,-110.9846260099725,101.9774423926764,0,-9.5214112731757172
179112.7753316762,-8.917138594784817,-111.0746710324838,102.1575324376989,0,-9.4415116076734016
180979.262624709,-8.827093572273569,-111.164716054995,102.3376224827214,0,-9.3618001478117847
182865.200092687,-8.737048549762306,-111.2547610775063,102.517712527744,0,-9.2822799230350981
184770.7904207853,-8.647003527251044,-111.3448061000175,102.6978025727665,0,-9.2029539944824634
186696.2384063095,-8.556958504739796,-111.4348511225288,102.877892617789,0,-9.1238254546730886
188641.7509807036,-8.466913482228549,-111.52489614504,103.0579826628115,0,-9.0448974271621285
190607.53723179,-8.376868459717301,-111.6149411675513,103.238072707834,0,-8.9661730661661583
192593.808426241,-8.286823437206024,-111.7049861900626,103.4181627528565,0,-8.8876555561576165
194600.7780322822,-8.196778414694776,-111.7950312125738,103.598252797879,0,-8.8093481114275800
196628.6617426371,-8.106733392183529,-111.8850762350851,103.7783428429015,0,-8.7312539756158287
198677.6774977061,-8.016688369672252,-111.9751212575963,103.9584328879241,0,-8.6533764212078985
200748.0455089886,-7.926643347161004,-112.0651662801076,104.1385229329466,0,-8.5757187489981064
202839.9882827514,-7.836598324649756,-112.1552113026188,104.3186129779691,0,-8.4982842875178921
204953.7306439403,-7.746553302138494,-112.2452563251301,104.4987030229916,0,-8.4210763924289989
207089.499760343,-7.656508279627261,-112.3353013476413,104.6787930680141,0,-8.3440984458806593
209247.5251670037,-7.566463257115984,-112.4253463701526,104.8588831130366,0,-8.2673538558301960
211428.0387908898,-7.476418234604722,-112.5153913926639,105.0389731580591,0,-8.1908460553265989
213631.2749758202,-7.386373212093488,-112.6054364151751,105.2190632030816,0,-8.1145785017561796
215857.4705076485,-7.296328189582226,-112.6954814376864,105.3991532481041,0,-8.0385546760501860
218106.8646397123,-7.206283167070978,-112.7855264601976,105.5792432931266,0,-7.9627780818534823
220379.6991185454,-7.116238144559716,-112.8755714827089,105.7593333381492,0,-7.8872522446541176
222676.2182098579,-7.026193122048454,-112.9656165052201,105.9394233831717,0,-7.8119807108732200
224996.6687247899,-6.936148099537206,-113.0556615277314,106.1195134281942,0,-7.7369670469147502
227341.300046436,-6.846103077025944,-113.1457065502427,106.2996034732167,0,-7.6622148381749504
229710.3641566451,-6.756058054514682,-113.2357515727539,106.4796935182392,0,-7.5877276880111344
232104.1156631045,-6.666013032003434,-113.3257965952652,106.6597835632617,0,-7.5135092166693731
234522.8118267007,-6.575968009492172,-113.4158416177764,106.8398736082842,0,-7.4395630601711851
236966.7125891688,-6.48592298698091,-113.5058866402877,107.0199636533067,0,-7.3658928691588690
239436.0806010289,-6.395877964469634,-113.5959316627989,107.2000536983293,0,-7.2925023076994293
241931.1812498119,-6.3058329419584,-113.6859766853102,107.3801437433518,0,-7.2193950520471635
244452.2826885841,-6.215787919447152,-113.7760217078214,107.5602337883743,0,-7.1465747893647329
246999.6558647644,-6.125742896935904,-113.8660667303327,107.7403238333968,0,-7.0740452164030216
249573.5745492431,-6.035697874424656,-113.9561117528439,107.9204138784193,0,-7.0018100381398938
252174.3153658065,-5.94565285191338,-114.0461567753552,108.1005039234418,0,-6.9298729663779071
254802.1578208626,-5.855607829402132,-114.1362017978665,108.2805939684643,0,-6.8582377183016154
257457.3843334846,-5.765562806890884,-114.2262468203777,108.4606840134868,0,-6.7869080149943972
260140.2802657605,-5.675517784379608,-114.316291842889,108.6407740585094,0,-6.7158875799156847
262851.1339534604,-5.58547276186836,-114.4063368654002,108.8208641035319,0,-6.6451801373389143
265590.2367370273,-5.495427739357112,-114.4963818879115,109.0009541485544,0,-6.5747894107506886
268357.8829928864,-5.40538271684585,-114.5864269104227,109.1810441935769,0,-6.5047191212121271
271154.370165082,-5.315337694334616,-114.676471932934,109.3611342385994,0,-6.4349729856829434
273979.998797246,-5.22529267182334,-114.7665169554453,109.5412242836219,0,-6.3655547153091776
276835.0725648945,-5.135247649312078,-114.8565619779565,109.7213143286444,0,-6.2964680136756339
279719.8983080686,-5.045202626800844,-114.9466070004678,109.9014043736669,0,-6.2277165750237549
282634.786064309,-4.955157604289568,-115.036652022979,110.0814944186895,0,-6.1593040824364200
285580.0491019739,-4.865112581778334,-115.1266970454903,110.2615844637119,0,-6.0912342059906948
288556.0039539133,-4.775067559267072,-115.2167420680015,110.4416745087345,0,-6.0235106008796038
291562.9704514786,-4.68502253675581,-115.3067870905128,110.621764553757,0,-5.9561369055049234
294601.2717589026,-4.594977514244562,-115.396832113024,110.8018545987795,0,-5.8891167395416932
297671.2344080278,-4.5049324917333,-115.4868771355353,110.981944643802,0,-5.8224537019766469
300773.1883333976,-4.414887469222037,-115.5769221580466,111.1620346888245,0,-5.7561513691219490
303907.4669077186,-4.32484244671079,-115.6669671805578,111.342124733847,0,-5.6902132926058604
307074.4069776864,-4.234797424199527,-115.7570122030691,111.5222147788695,0,-5.6246429973424847
310274.348900188,-4.14475240168828,-115.8470572255803,111.702304823892,0,-5.5594439794822073
313507.6365788805,-4.054707379177017,-115.9371022480916,111.8823948689146,0,-5.4946197043450322
316774.6175011495,-3.964662356665741,-116.0271472706028,112.0624849139371,0,-5.4301736043388100
320075.6427754569,-3.874617334154507,-116.1171922931141,112.2425749589596,0,-5.3661090768644870
323411.0671690744,-3.784572311643245,-116.2072373156253,112.4226650039821,0,-5.3024294822107221
326781.2491462083,-3.694527289131983,-116.2972823381366,112.6027550490046,0,-5.2391381414401650
330186.5509065285,-3.604482266620721,-116.3873273606478,112.7828450940271,0,-5.1762383342696792
333627.3384240918,-3.514437244109487,-116.4773723831591,112.9629351390496,0,-5.1137332969471236
337103.9814866751,-3.424392221598239,-116.5674174056704,113.1430251840721,0,-5.0516262201271411
340616.8537355174,-3.334347199086963,-116.6574624281816,113.3231152290947,0,-4.9899202467485120
344166.3327054729,-3.244302176575701,-116.7475074506929,113.5032052741172,0,-4.9286184699158504
347752.7998655898,-3.154257154064467,-116.8375524732041,113.6832953191397,0,-4.8677239307881095
351376.6406601046,-3.064212131553205,-116.9275974957154,113.8633853641622,0,-4.8072396164769140
355038.2445498672,-2.974167109041971,-117.0176425182266,114.0434754091847,0,-4.7471684579573008
358738.0050541975,-2.884122086530695,-117.1076875407379,114.2235654542072,0,-4.6875133279937771
362476.3197931751,-2.794077064019433,-117.1977325632491,114.4036554992297,0,-4.6282770390846011
366253.5905303764,-2.704032041508199,-117.2877775857604,114.5837455442522,0,-4.5694623414269682
370070.2232160507,-2.613987018996923,-117.3778226082717,114.7638355892747,0,-4.5110719209062804
373926.6280307463,-2.523941996485661,-117.4678676307829,114.9439256342973,0,-4.4531083971122358
377823.2194293977,-2.433896973974427,-117.5579126532942,115.1240156793198,0,-4.3955743213846095
381760.4161858648,-2.343851951463165,-117.6479576758054,115.3041057243423,0,-4.3384721748918471
385738.6414379404,-2.253806928951917,-117.7380026983167,115.4841957693648,0,-4.2818043667451526
389758.3227328261,-2.163761906440655,-117.828047720828,115.6642858143873,0,-4.2255732321511523
393819.8920730781,-2.073716883929393,-117.9180927433392,115.8443758594098,0,-4.1697810306059253
397923.7859630409,-1.983671861418145,-118.0081377658504,116.0244659044323,0,-4.1144299441331382
402070.4454557553,-1.893626838906883,-118.0981827883617,116.2045559494548,0,-4.0595220755693493
406260.3162003602,-1.803581816395635,-118.1882278108729,116.3846459944773,0,-4.0050594468989988
410493.8484899887,-1.713536793884373,-118.2782728333842,116.5647360394998,0,-3.9510439976419138
414771.4973101573,-1.623491771373111,-118.3683178558955,116.7448260845224,0,-3.8974775832960349
419093.7223876707,-1.533446748861863,-118.4583628784067,116.9249161295449,0,-3.8443619738377190
423460.9882400257,-1.443401726350601,-118.548407900918,117.1050061745674,0,-3.7916988522824546
427873.7642253316,-1.353356703839339,-118.6384529234292,117.2850962195899,0,-3.7394898133082171
432332.5245927583,-1.263311681328091,-118.7284979459405,117.4651862646124,0,-3.6877363619437857
436837.7485335012,-1.173266658816843,-118.8185429684518,117.6452763096349,0,-3.6364399123244375
441389.9202322814,-1.083221636305595,-118.908587990963,117.8253663546574,0,-3.5856017865170569
445989.5289193831,-0.9931766137943185,-118.9986330134743,118.0054563996799,0,-3.5352232134167139
450637.0689232283,-0.9031315912830706,-119.0886780359855,118.1855464447025,0,-3.4853053277167274
455333.0397235088,-0.8130865687718227,-119.1787230584968,118.3656364897249,0,-3.4358491689538662
460077.9460048631,-0.7230415462605322,-119.268768081008,118.5457265347475,0,-3.3868556806305863
464872.2977111128,-0.6329965237493269,-119.3588131035193,118.72581657977,0,-3.3383257094157566
469716.6101000765,-0.5429515012380222,-119.4488581260305,118.9059066247925,0,-3.2902600044251988
474611.4037989332,-0.4529064787267885,-119.5389031485418,119.085996669815,0,-3.2426592165836619
479557.204860185,-0.3628614562155548,-119.6289481710531,119.2660867148375,0,-3.1955238980689544
484554.5448181893,-0.2728164337042784,-119.7189931935643,119.44617675986,0,-3.1488545018395762
489603.9607462808,-0.1827714111930163,-119.8090382160756,119.6262668048825,0,-3.1026513812466106
494705.9953144976,-0.09272638868178262,-119.8990832385868,119.806356849905,0,-3.0569147897304343
499861.196847899,-0.002681366170520505,-119.9891282610981,119.9864468949276,0,-3.0116448806030411
505070.1193854962,-5.329070518200751e-15,-120.0791732836093,120.16653693995,-0.08736365634073273,-2.9668417069162034
510333.3227397969,1.387778780781446e-15,-120.1692183061206,120.3466269849726,-0.1774086788520023,-2.9225052214157667
515651.3725569646,-2.720046410331634e-15,-120.2592633286318,120.5267170299951,-0.2674537013632544,-2.8786352765821981
521024.8403776169,-6.772360450213455e-15,-120.3493083511431,120.7068070750176,-0.3574987238745063,-2.8352316247571814
526454.3036982463,4.996003610813204e-16,-120.4393533736544,120.8868971200401,-0.4475437463857754,-2.7922939183562292
531940.3460332813,-2.997602166487923e-15,-120.5293983961656,121.0669871650626,-0.5375887688970268,-2.7498217101667839
537483.5569778051,-5.662137425588298e-15,-120.6194434186769,121.2470772100851,-0.6276337914082774,-2.7078144537312299
543084.5322709153,4.440892098500626e-15,-120.7094884411881,121.4271672551076,-0.7176788139195294,-2.6662715038142855
548743.8738597509,2.331468351712829e-15,-120.7995334636994,121.6072573001301,-0.8077238364307794,-2.6251921169537740
554462.189964185,-4.218847493575595e-15,-120.8895784862106,121.7873473451527,-0.8977688589420481,-2.5845754520938331
560240.0951421876,3.552713678800501e-15,-120.9796235087219,121.9674373901752,-0.9878138814533024,-2.5444205712994723
566078.210355879,2.220446049250313e-16,-121.0696685312331,122.1475274351977,-1.077858903964554,-2.5047264405510461
571977.1630382627,-1.998401444325282e-15,-121.1597135537444,122.3276174802202,-1.167903926475804,-2.4654919306173961
577937.5871606568,-5.995204332975845e-15,-121.2497585762556,122.5077075252427,-1.257948948987056,-2.4267158180060013
583960.1233008292,1.110223024625157e-15,-121.3398035987669,122.6877975702652,-1.347993971498325,-2.3883967859884629
590045.4187118377,-2.664535259100376e-15,-121.4298486212782,122.8678876152877,-1.438038994009577,-2.3505334256995485
596194.1273915982,-6.661338147750939e-15,-121.5198936437894,123.0479776603102,-1.528084016520828,-2.3131242373078105
602406.9101531671,1.332267629550188e-15,-121.6099386663007,123.2280677053328,-1.618129039032097,-2.2761676312557908
608684.4346957572,-2.442490654175344e-15,-121.6999836888119,123.4081577503553,-1.708174061543348,-2.2396619295676792
615027.3756765034,-6.217248937900877e-15,-121.7900287113232,123.5882477953778,-1.7982190840546,-2.2036053672220648
621436.4147829645,4.440892098500626e-15,-121.8800737338344,123.7683378404003,-1.888264106565852,-2.1679960935875768
627912.2408063868,-1.310063169057685e-14,-121.9701187563457,123.9484278854228,-1.978309129077103,-2.1328321739189109
634455.5497157308,-5.329070518200751e-15,-122.060163778857,124.1285179304453,-2.068354151588371,-2.0981115909107220
641067.0447324635,4.440892098500626e-15,-122.1502088013682,124.3086079754678,-2.158399174099624,-2.0638322463068675
647747.4364061423,-1.332267629550188e-14,-122.2402538238795,124.4886980204903,-2.248444196610875,-2.0299919625622325
654497.4426907739,-1.77635683940025e-15,-122.3302988463907,124.6687880655128,-2.338489219122126,-1.9965884845545732
661317.7890219757,-5.329070518200751e-15,-122.420343868902,124.8488781105353,-2.428534241633377,-1.9636194813434935
668209.2083949411,-1.287858708565182e-14,-122.5103888914132,125.0289681555579,-2.518579264144647,-1.9310825479738356
675172.4414432098,-2.664535259100376e-15,-122.6004339139245,125.2090582005804,-2.608624286655899,-1.8989752073205981
682208.2365182738,-5.329070518200751e-15,-122.6904789364357,125.3891482456029,-2.698669309167149,-1.8672949119725026
689317.3497700003,-1.332267629550188e-14,-122.780523958947,125.5692382906254,-2.78871433167842,-1.8360390461513436
696500.5452278913,-2.664535259100376e-15,-122.8705689814583,125.7493283356479,-2.878759354189671,-1.8052049276642466
703758.5948832044,-5.773159728050814e-15,-122.9606140039695,125.9294183806704,-2.968804376700922,-1.7747898098857782
711092.2787719148,4.884981308350689e-15,-123.0506590264808,126.1095084256929,-3.058849399212173,-1.7447908837671688
718502.3850585476,8.881784197001252e-16,-123.140704048992,126.2895984707154,-3.148894421723425,-1.7152052798696165
725989.7101208857,-6.217248937900877e-15,-123.2307490715033,126.469688515738,-3.238939444234695,-1.6860300704187969
733555.0586355516,4.440892098500626e-15,-123.3207940940145,126.6497785607605,-3.328984466745946,-1.6572622713777334
741199.2436644966,8.881784197001252e-16,-123.4108391165258,126.829868605783,-3.419029489257198,-1.6288988445350991
748923.0867423773,-5.773159728050814e-15,-123.5008841390371,127.0099586508055,-3.509074511768466,-1.6009366996061911
756727.4179648432,5.329070518200751e-15,-123.5909291615483,127.190048695828,-3.599119534279717,-1.5733726963437955
764613.0760777579,8.881784197001252e-16,-123.6809741840596,127.3701387408505,-3.68916455679097,-1.5462036466560771
772580.9085673338,-2.664535259100376e-15,-123.7710192065708,127.550228785873,-3.779209579302221,-1.5194263167289599
780631.7717512154,-6.217248937900877e-15,-123.8610642290821,127.7303188308955,-3.869254601813473,-1.4930374291502240
788766.5308705105,1.332267629550188e-15,-123.9511092515933,127.9104088759181,-3.959299624324741,-1.4670336650327740
796986.0601827728,-1.77635683940025e-15,-124.0411542741046,128.0904989209406,-4.049344646835992,-1.4414116661345788
805291.2430559697,-6.217248937900877e-15,-124.1311992966158,128.2705889659631,-4.139389669347245,-1.4161680369727185
813682.9720634132,-9.769962616701378e-15,-124.2212443191271,128.4506790109856,-4.229434691858496,-1.3912993469292656
822162.1490796879,1.77635683940025e-15,-124.3112893416383,128.6307690560081,-4.319479714369747,-1.3668021323465973
830729.6853775785,-5.329070518200751e-15,-124.4013343641496,128.8108591010306,-4.409524736881016,-1.3426728986098910
839386.5017259999,-8.881784197001252e-15,-124.4913793866609,128.9909491460531,-4.499569759392267,-1.3189081222146959
848133.5284889633,0,-124.5814244091721,129.1710391910756,-4.589614781903521,-1.2955042528173908
856971.7057255596,-6.217248937900877e-15,-124.6714694316834,129.3511292360982,-4.679659804414789,-1.2724577152666128
865901.9832909841,-8.881784197001252e-15,-124.7615144541946,129.5312192811207,-4.76970482692604,-1.2497649116137082
874925.3209386292,1.77635683940025e-15,-124.8515594767059,129.7113093261432,-4.859749849437291,-1.2274222231003138
884042.6884232241,-1.77635683940025e-15,-124.9416044992171,129.8913993711657,-4.949794871948543,-1.2054260121214235
893255.0656050581,-5.329070518200751e-15,-125.0316495217284,130.0714894161882,-5.039839894459794,-1.1837726241621702
902563.4425552894,1.77635683940025e-15,-125.1216945442397,130.2515794612107,-5.129884916971063,-1.1624583897068532
911968.819662343,-3.552713678800501e-15,-125.2117395667509,130.4316695062332,-5.219929939482316,-1.1414796261186646
921472.2077394348,-7.105427357601002e-15,-125.3017845892622,130.6117595512557,-5.309974961993568,-1.1208326394887198
931074.6281331985,-8.881784197001252e-15,-125.3918296117734,130.7918495962782,-5.400019984504818,-1.1005137264531519
940777.1128334538,1.598721155460225e-14,-125.4818746342847,130.9719396413007,-5.490065007016069,-1.0805191759770103
950580.7045841172,-5.329070518200751e-15,-125.5719196567959,131.1520296863233,-5.580110029527338,-1.0608452711038348
960486.456995261,-1.06581410364015e-14,-125.6619646793072,131.3321197313458,-5.670155052038591,-1.0414882906699241
970495.4346563574,1.598721155460225e-14,-125.7520097018184,131.5122097763683,-5.760200074549841,-1.0224445109822682
980608.7132506869,-5.329070518200751e-15,-125.8420547243297,131.6922998213908,-5.85024509706111,-1.0037102074593733
990827.3796709372,-8.881784197001252e-15,-125.9320997468409,131.8723898664133,-5.940290119572362,-0.9852816562341564
1001152.532136026,1.687538997430238e-14,-126.0221447693522,132.0524799114358,-6.030335142083612,-0.9671551357181939
1011585.280309121,-1.77635683940025e-15,-126.1121897918635,132.2325699564583,-6.120380164594865,-0.9493269281267740
1022126.745416898,-5.329070518200751e-15,-126.2022348143747,132.4126600014808,-6.210425187106116,-0.9317933209641791
1032778.060370045,1.598721155460225e-14,-126.292279836886,132.5927500465034,-6.300470209617385,-0.9145506084687434
1043540.369885009,-3.552713678800501e-15,-126.3823248593972,132.7728400915259,-6.390515232128639,-0.8975950930173384
1054414.830607034,-7.105427357601002e-15,-126.4723698819085,132.9529301365484,-6.48056025463989,-0.8809230864889489
1065402.611234457,-8.881784197001252e-15,-126.5624149044197,133.1330201815709,-6.57060527715114,-0.8645309115871226
1076504.892644318,-3.552713678800501e-15,-126.652459926931,133.3131102265934,-6.660650299662411,-0.8484149031211284
1087722.86801926,-7.993605777301127e-15,-126.7425049494422,133.4932002716159,-6.750695322173663,-0.8325714092457416
1099057.742975776,-8.881784197001252e-15,-126.8325499719535,133.6732903166384,-6.840740344684912,-0.8169967926595743
1110510.735693771,0,-126.9225949944648,133.8533803616609,-6.930785367196165,-0.8016874317620324
1122083.077047485,-5.329070518200751e-15,-127.012640016976,134.0334704066834,-7.020830389707433,-0.7866397217689737
1133776.01073777,-1.06581410364015e-14,-127.1026850394873,134.2135604517059,-7.110875412218686,-0.7718500757871873
1145590.793425766,1.77635683940025e-15,-127.1927300619985,134.3936504967285,-7.200920434729936,-0.7573149258479112
1157528.694867944,-1.77635683940025e-15,-127.2827750845098,134.573740541751,-7.290965457241187,-0.7430307238996464
1169590.998052577,-5.329070518200751e-15,-127.372820107021,134.7538305867735,-7.381010479752439,-0.7289939427605343
1181778.999337626,0,-127.4628651295323,134.933920631796,-7.47105550226371,-0.7152010770306800
1194094.008590048,-1.77635683940025e-15,-127.5529101520436,135.1140106768185,-7.561100524774959,-0.7016486439647851
1206537.349326591,-7.105427357601002e-15,-127.6429551745548,135.294100721841,-7.651145547286212,-0.6883331843055029
1219110.35885602,-8.881784197001252e-15,-127.733000197066,135.4741907668635,-7.741190569797462,-0.6752512630780236
1231814.388422846,-1.77635683940025e-15,-127.8230452195773,135.6542808118861,-7.831235592308731,-0.6623994703463658
1244650.803352538,-5.329070518200751e-15,-127.9130902420886,135.8343708569085,-7.921280614819983,-0.6497744219319088
1257620.983198273,-1.06581410364015e-14,-128.0031352645998,136.014460901931,-8.011325637331236,-0.6373727600947232
1270726.321889186,1.598721155460225e-14,-128.0931802871111,136.1945509469536,-8.101370659842486,-0.6251911541783340
1283968.227880185,-5.329070518200751e-15,-128.1832253096223,136.3746409919761,-8.191415682353755,-0.6132263012184972
1297348.124303309,-1.06581410364015e-14,-128.2732703321336,136.5547310369986,-8.281460704865008,-0.6014749265166437
1310867.449120693,1.4210854715202e-14,-128.3633153546448,136.7348210820211,-8.37150572737626,-0.5899337841786619
1324527.655279094,1.243449787580175e-14,-128.4533603771561,136.9149111270436,-8.461550749887509,-0.5785996576197081
1338330.210866047,8.881784197001252e-15,-128.5434053996673,137.0950011720661,-8.551595772398761,-0.5674693600357488
1352276.599267646,1.598721155460225e-14,-128.6334504221786,137.2750912170887,-8.64164079491003,-0.5565397348425203
1366368.319327953,1.243449787580175e-14,-128.7234954446899,137.4551812621112,-8.731685817421281,-0.5458076560827116
1380606.885510101,8.881784197001252e-15,-128.8135404672011,137.6352713071336,-8.821730839932533,-0.5352700288020139
1394993.828059044,1.598721155460225e-14,-128.9035854897124,137.8153613521562,-8.911775862443802,-0.5249237893948792
1409530.693166013,1.243449787580175e-14,-128.9936305122236,137.9954513971787,-9.001820884955054,-0.5147659059207073
1424219.043134698,7.105427357601002e-15,-129.0836755347349,138.1755414422012,-9.091865907466307,-0.5047933783912082
1439060.456549144,-2.309263891220326e-14,-129.1737205572462,138.3556314872237,-9.181910929977557,-0.4950032390297787
1454056.528443408,1.77635683940025e-15,-129.2637655797574,138.5357215322462,-9.271955952488808,-0.4853925525035890
1469208.87047298,8.881784197001252e-15,-129.3538106022687,138.7158115772687,-9.362000975000077,-0.4759584161292187
1484519.111087983,-2.309263891220326e-14,-129.4438556247799,138.8959016222912,-9.452045997511329,-0.4666979600525823
1499988.895708198,1.77635683940025e-15,-129.5339006472912,139.0759916673138,-9.54209102002258,-0.4576083474039391
1515619.886899894,-3.552713678800501e-15,-129.6239456698024,139.2560817123363,-9.632136042533833,-0.4486867744287559
1531413.764554508,-2.309263891220326e-14,-129.7139906923137,139.4361717573588,-9.722181065045101,-0.4399304705951826
1547372.22606918,1.77635683940025e-15,-129.8040357148249,139.6162618023813,-9.812226087556352,-0.4313366986789492
1563496.986529185,-1.77635683940025e-15,-129.8940807373362,139.7963518474038,-9.902271110067604,-0.4229027548263743
1579789.778892252,-7.105427357601002e-15,-129.9841257598474,139.9764418924263,-9.992316132578857,-0.4146259685963039
1596252.354174813,1.77635683940025e-15,-130.0741707823587,140.1565319374488,-10.08236115509012,-0.4065037029817045
1612886.48164017,-1.77635683940025e-15,-130.16421580487,140.3366219824713,-10.17240617760138,-0.3985333544116516
1629693.948988666,-5.329070518200751e-15,-130.2542608273812,140.5167120274938,-10.26245120011263,-0.3907123527344217
1646676.562549799,-8.881784197001252e-15,-130.3443058498925,140.6968020725163,-10.35249622262388,-0.3830381611824602
1663836.147476349,1.4210854715202e-14,-130.4343508724037,140.8768921175389,-10.44254124513513,-0.3755082763198883
1681174.547940543,-5.329070518200751e-15,-130.524395894915,141.0569821625614,-10.5325862676464,-0.3681202279732640
1698693.627332231,-8.881784197001252e-15,-130.6144409174262,141.2370722075839,-10.62263129015765,-0.3608715791463145
1716395.26845917,1.598721155460225e-14,-130.7044859399375,141.4171622526064,-10.7126763126689,-0.3537599259192554
1734281.373749361,1.243449787580175e-14,-130.7945309624487,141.5972522976289,-10.80272133518015,-0.3467828973334273
1752353.865455511,-1.06581410364015e-14,-130.88457598496,141.7773423426514,-10.89276635769142,-0.3399381552618650
1770614.685861609,1.598721155460225e-14,-130.9746210074713,141.9574323876739,-10.98281138020267,-0.3332233942664442
1789065.797491688,1.243449787580175e-14,-131.0646660299825,142.1375224326964,-11.07285640271393,-0.3266363414422302
1807709.183320723,-2.131628207280301e-14,-131.1547110524938,142.3176124777189,-11.16290142522518,-0.3201747562496617
1826546.846987759,1.598721155460225e-14,-131.244756075005,142.4977025227415,-11.25294644773645,-0.3138364303351360
1845580.813011225,1.243449787580175e-14,-131.3348010975163,142.677792567764,-11.3429914702477,-0.3076191873406099
1864813.127006537,-1.953992523340276e-14,-131.4248461200276,142.8578826127865,-11.43303649275895,-0.3015208827027692
1884245.85590593,-2.486899575160351e-14,-131.5148911425388,143.037972657809,-11.5230815152702,-0.2955394034423230
1903881.0881806,0,-131.60493616505,143.2180627028315,-11.61312653778145,-0.2896726679439908
1923720.934065154,-1.953992523340276e-14,-131.6949811875613,143.398152747854,-11.70317156029272,-0.2839186257276665
1943767.525784392,-2.309263891220326e-14,-131.7850262100726,143.5782427928765,-11.79321658280397,-0.2782752572113227
1964023.017782481,1.77635683940025e-15,-131.8750712325838,143.758332837899,-11.88326160531522,-0.2727405734661164
1984489.586954487,-1.953992523340276e-14,-131.9651162550951,143.9384228829216,-11.97330662782649,-0.2673126159641968
2005169.432880314,-2.309263891220326e-14,-132.0551612776063,144.1185129279441,-12.06335165033775,-0.2619894563196994
2026064.778061128,0,-132.1452063001176,144.2986029729666,-12.153396672849,-0.2567691960233465
2047177.868158189,-1.77635683940025e-15,-132.2352513226288,144.4786930179891,-12.24344169536025,-0.2516499661711433
2068510.972234208,-5.329070518200751e-15,-132.3252963451401,144.6587830630116,-12.3334867178715,-0.2466299271875717
2090066.382997205,1.77635683940025e-15,-132.4153413676514,144.8388731080341,-12.42353174038277,-0.2417072685436890
2111846.4170469,-3.552713678800501e-15,-132.5053863901626,145.0189631530566,-12.51357676289402,-0.2368802084705667
2133853.415123702,-5.329070518200751e-15,-132.5954314126739,145.1990531980791,-12.60362178540527,-0.2321469936684206
2156089.742360259,-8.881784197001252e-15,-132.6854764351851,145.3791432431016,-12.69366680791652,-0.2275058990118312
2178557.788535646,1.4210854715202e-14,-132.7755214576964,145.5592332881241,-12.78371183042778,-0.2229552272514154
2201259.968332204,-7.105427357601002e-15,-132.8655664802076,145.7393233331467,-12.87375685293905,-0.2184933087122852
2224198.721595032,-8.881784197001252e-15,-132.9556115027189,145.9194133781692,-12.9638018754503,-0.2141185009896450
2247376.513594232,1.598721155460225e-14,-133.0456565252301,146.0995034231917,-13.05384689796155,-0.2098291886418323
2270795.835289835,-7.105427357601002e-15,-133.1357015477414,146.2795934682142,-13.14389192047282,-0.2056237828811437
2294459.203599502,-1.06581410364015e-14,-133.2257465702527,146.4596835132367,-13.23393694298407,-0.2015007212627132
2318369.161669049,1.598721155460225e-14,-133.3157915927639,146.6397735582592,-13.32398196549532,-0.1974584673717500
2342528.279145741,1.243449787580175e-14,-133.4058366152751,146.8198636032817,-13.41402698800657,-0.1934955105094152
2366939.152454466,8.881784197001252e-15,-133.4958816377864,146.9999536483042,-13.50407201051782,-0.1896103653775849
2391604.405076776,1.4210854715202e-14,-133.5859266602977,147.1800436933268,-13.59411703302909,-0.1858015717627763
2416526.687832827,1.243449787580175e-14,-133.6759716828089,147.3601337383493,-13.68416205554034,-0.1820676942194631
2441708.679166289,8.881784197001252e-15,-133.7660167053202,147.5402237833718,-13.77420707805159,-0.1784073217530135
2467153.085432187,-2.309263891220326e-14,-133.8560617278314,147.7203138283943,-13.86425210056285,-0.1748190675024883
2492862.641187769,1.06581410364015e-14,-133.9461067503427,147.9004038734168,-13.95429712307412,-0.1713015684235026
2518840.10948637,8.881784197001252e-15,-134.0361517728539,148.0804939184393,-14.04434214558537,-0.1678534849713531
2545088.282174397,-2.309263891220326e-14,-134.1261967953652,148.2605839634618,-14.13438716809662,-0.1644735007845994
2571609.98019135,1.77635683940025e-15,-134.2162418178765,148.4406740084843,-14.22443219060787,-0.1611603223693024
2598408.053873008,8.881784197001252e-15,-134.3062868403877,148.6207640535069,-14.31447721311914,-0.1579126787840775
2625485.383257733,-2.486899575160351e-14,-134.396331862899,148.8008540985294,-14.40452223563039,-0.1547293213261313
2652844.87839603,1.77635683940025e-15,-134.4863768854102,148.9809441435519,-14.49456725814164,-0.1516090232184567
2680489.479663271,-1.77635683940025e-15,-134.5764219079215,149.1610341885744,-14.58461228065289,-0.1485505792983116
2708422.158075713,-5.329070518200751e-15,-134.6664669304327,149.3411242335969,-14.67465730316414,-0.1455528057071417
2736645.915609795,1.77635683940025e-15,-134.756511952944,149.5212142786194,-14.76470232567541,-0.1426145395820753
2765163.785524752,-1.77635683940025e-15,-134.8465569754553,149.7013043236419,-14.85474734818666,-0.1397346387491346
2793978.832688636,-5.329070518200751e-15,-134.9366019979665,149.8813943686644,-14.94479237069792,-0.1369119814182284
2823094.153907679,-1.06581410364015e-14,-135.0266470204778,150.0614844136869,-15.03483739320917,-0.1341454658801260
2852512.878259123,-1.77635683940025e-15,-135.116692042989,150.2415744587095,-15.12488241572044,-0.1314340102054312
2882238.167427491,-5.329070518200751e-15,-135.2067370655003,150.421664503732,-15.21492743823169,-0.1287765519457270
2912273.216044407,-8.881784197001252e-15,-135.2967820880115,150.6017545487545,-15.30497246074294,-0.1261720478369342
2942621.252031906,1.598721155460225e-14,-135.3868271105228,150.781844593777,-15.39501748325419,-0.1236194735049868
2973285.536949363,-5.329070518200751e-15,-135.476872133034,150.9619346387995,-15.48506250576546,-0.1211178231739392
3004269.366343986,-8.881784197001252e-15,-135.5669171555453,151.142024683822,-15.57510752827671,-0.1186661093765134
3035576.070105038,1.598721155460225e-14,-135.6569621780565,151.3221147288445,-15.66515255078796,-0.1162633626672253
3067209.012821679,1.243449787580175e-14,-135.7470072005678,151.502204773867,-15.75519757329922,-0.1139086313381098
3099171.594144569,-1.953992523340276e-14,-135.8370522230791,151.6822948188895,-15.84524259581047,-0.1116009811371242
3131467.249151246,1.4210854715202e-14,-135.9270972455903,151.8623848639121,-15.93528761832174,-0.1093394949892832
3164099.448715268,1.06581410364015e-14,-136.0171422681016,152.0424749089346,-16.02533264083299,-0.1071232727205741
3197071.699879278,-2.131628207280301e-14,-136.1071872906128,152.2225649539571,-16.11537766334424,-0.1049514307847030
3230387.546231887,-2.486899575160351e-14,-136.1972323131241,152.4026549989796,-16.20542268585549,-0.1028231019927008
3264050.568288517,1.06581410364015e-14,-136.2872773356353,152.5827450440021,-16.29546770836676,-0.1007374352454511
3298064.383876184,-2.131628207280301e-14,-136.3773223581466,152.7628350890246,-16.38551273087801,-0.0986935952691506
3332432.648522353,-2.486899575160351e-14,-136.4673673806579,152.9429251340471,-16.47555775338926,-0.0966907623537406
3367159.055847775,0,-136.5574124031691,153.1230151790696,-16.56560277590052,-0.0947281320943493
3402247.337963461,-2.131628207280301e-14,-136.6474574256804,153.3031052240921,-16.65564779841178,-0.0928049151357378
3437701.265871754,-2.486899575160351e-14,-136.7375024481916,153.4831952691146,-16.74569282092304,-0.0909203369198152
3473524.649871642,0,-136.8275474707029,153.6632853141372,-16.83573784343429,-0.0890736374361801
3509721.339968236,-3.552713678800501e-15,-136.9175924932141,153.8433753591597,-16.92578286594554,-0.0872640709757682
3546295.226286548,-2.486899575160351e-14,-137.0076375157254,154.0234654041822,-17.01582788845681,-0.0854909058875535
3583250.23948954,0,-137.0976825382367,154.2035554492047,-17.10587291096806,-0.0837534243383807
3620590.351200606,0,-137.1877275607479,154.3836454942272,-17.19591793347931,-0.0820509220758458
3658319.57443038,-7.105427357601002e-15,-137.2777725832591,154.5637355392497,-17.28596295599056,-0.0803827081943317
3696441.964008032,0,-137.3678176057704,154.7438255842723,-17.37600797850183,-0.0787481049040981
3734961.617017027,-3.552713678800501e-15,-137.4578626282817,154.9239156292948,-17.46605300101308,-0.0771464473035152
3773882.673235481,-7.105427357601002e-15,-137.5479076507929,155.1040056743172,-17.55609802352433,-0.0755770831543598
3813209.315581047,-1.06581410364015e-14,-137.6379526733042,155.2840957193397,-17.64614304603559,-0.0740393726602245
3852945.770560468,1.4210854715202e-14,-137.7279976958154,155.4641857643623,-17.73618806854684,-0.0725326882480074
3893096.308723812,-7.105427357601002e-15,-137.8180427183267,155.6442758093848,-17.82623309105811,-0.0710564143524751
3933665.245123407,-1.06581410364015e-14,-137.9080877408379,155.8243658544073,-17.91627811356936,-0.0696099472038877
3974656.939777636,1.4210854715202e-14,-137.9981327633492,156.0044558994298,-18.00632313608061,-0.0681926946186843
4016075.79813948,1.06581410364015e-14,-138.0881777858604,156.1845459444523,-18.09636815859186,-0.0668040757932010
4057926.271570002,-1.06581410364015e-14,-138.1782228083717,156.3646359894748,-18.18641318110313,-0.0654435211004104
4100212.857816705,1.4210854715202e-14,-138.268267830883,156.5447260344974,-18.27645820361438,-0.0641104718896697
4142940.101496967,1.06581410364015e-14,-138.3583128533942,156.7248160795199,-18.36650322612563,-0.0628043802894548
4186112.594586423,7.105427357601002e-15,-138.4483578759055,156.9049061245424,-18.45654824863689,-0.0615247090130670
4229734.976912492,1.4210854715202e-14,-138.5384028984167,157.0849961695649,-18.54659327114815,-0.0602709311672861
4273811.936652991,1.06581410364015e-14,-138.628447920928,157.2650862145874,-18.63663829365941,-0.0590425300639417
4318348.210840039,7.105427357601002e-15,-138.7184929434392,157.4451762596099,-18.72668331617066,-0.0578389990344031
4363348.585869114,-2.486899575160351e-14,-138.8085379659505,157.6252663046324,-18.81672833868191,-0.0566598412469381
4408817.898013466,0,-138.8985829884618,157.8053563496549,-18.90677336119316,-0.0555045695269385
4454761.033943893,7.105427357601002e-15,-138.988628010973,157.9854463946774,-18.99681838370443,-0.0543727061799684
4501182.93125388,-2.486899575160351e-14,-139.0786730334843,158.1655364396999,-19.08686340621568,-0.0532637828176283
4548088.578990308,0,-139.1687180559955,158.3456264847225,-19.17690842872693,-0.0521773401861880
4595483.018189596,-3.552713678800501e-15,-139.2587630785068,158.525716529745,-19.26695345123818,-0.0511129279979859
4643371.342419496,-2.486899575160351e-14,-139.3488081010181,158.7058065747675,-19.35699847374945,-0.0500701047655393
4691758.698326464,0,-139.4388531235293,158.88589661979,-19.4470434962607,-0.0490484376383731
4740650.286188838,-3.552713678800501e-15,-139.5288981460405,159.0659866648125,-19.53708851877196,-0.0480475022424919
4790051.360475686,-7.105427357601002e-15,-139.6189431685518,159.246076709835,-19.62713354128321,-0.0470668825225144
4839967.23041153,0,-139.7089881910631,159.4261667548575,-19.71717856379448,-0.0461061705864072
4890403.260546901,-3.552713678800501e-15,-139.7990332135743,159.60625679988,-19.80722358630573,-0.0451649665528103
4941364.871334932,-7.105427357601002e-15,-139.8890782360856,159.7863468449025,-19.89726860881698,-0.0442428784009009
4992857.53971387,-1.06581410364015e-14,-139.9791232585968,159.966436889925,-19.98731363132823,-0.0433395218227953
5044886.799695699,1.4210854715202e-14,-140.0691682811081,160.1465269349476,-20.07735865383948,-0.0424545200784292
5097458.242960905,2.486899575160351e-14,-140.1592133036193,160.3266169799701,-20.16740367635075,-0.0415875038529044
5150577.519459376,1.77635683940025e-14,-140.2492583261306,160.5067070249926,-20.257448698862,-0.0407381111162726
5204250.338017679,1.77635683940025e-14,-140.3393033486418,160.6867970700151,-20.34749372137325,-0.0399059869857131
5258482.46695257,2.131628207280301e-14,-140.4293483711531,160.8668871150377,-20.43753874388452,-0.0390907835900699
5313279.734690885,2.131628207280301e-14,-140.5193933936644,161.0469771600602,-20.52758376639577,-0.0382921599367524
5368648.030396006,1.4210854715202e-14,-140.6094384161756,161.2270672050826,-20.61762878890703,-0.0375097817809165
5424593.30460073,3.907985046680551e-14,-140.6994834386869,161.4071572501052,-20.70767381141828,-0.0367433214969413
5481121.569846795,7.105427357601002e-15,-140.7895284611981,161.5872472951277,-20.79771883392953,-0.0359924579521430
5538238.901331076,1.4210854715202e-14,-140.8795734837094,161.7673373401502,-20.8877638564408,-0.0352568763827062
5595951.437558448,3.907985046680551e-14,-140.9696185062206,161.9474273851727,-20.97780887895205,-0.0345362682717961
5654265.381001567,1.06581410364015e-14,-141.0596635287319,162.1275174301952,-21.0678539014633,-0.0338303312298251
5713186.998767422,7.105427357601002e-15,-141.1497085512432,162.3076074752177,-21.15789892397455,-0.0331387688768560
5772722.623270894,4.263256414560601e-14,-141.2397535737544,162.4876975202403,-21.24794394648582,-0.0324612907270616
5832878.652915266,7.105427357601002e-15,-141.3297985962657,162.6677875652628,-21.33798896899707,-0.0317976120752910
5893661.552779937,7.105427357601002e-15,-141.4198436187769,162.8478776102853,-21.42803399150832,-0.0311474538856310
5955077.855315194,0,-141.5098886412882,163.0279676553077,-21.51807901401958,-0.0305105426819939
6017134.161044287,7.105427357601002e-15,-141.5999336637994,163.2080577003303,-21.60812403653085,-0.0298866104406542
6079837.139272755,7.105427357601002e-15,-141.6899786863107,163.3881477453528,-21.69816905904209,-0.0292753944847496
6143193.528805259,0,-141.7800237088219,163.5682377903753,-21.78821408155335,-0.0286766373806786
6207210.138669761,0,-141.8700687313332,163.7483278353978,-21.8782591040646,-0.0280900868363866
6271893.848849325,2.131628207280301e-14,-141.9601137538444,163.9284178804203,-21.96830412657585,-0.0275154956015051
6337251.611021522,3.552713678800501e-15,-142.0501587763557,164.1085079254428,-22.05834914908712,-0.0269526213693161
6403290.449305502,0,-142.140203798867,164.2885979704653,-22.14839417159837,-0.0264012266805132
6470017.461016951,2.131628207280301e-14,-142.2302488213782,164.4686880154879,-22.23843919410962,-0.0258610788287258
6537439.817430814,1.77635683940025e-14,-142.3202938438895,164.6487780605104,-22.32848421662088,-0.0253319497677930
6605564.764552023,0,-142.4103388664007,164.8288681055329,-22.41852923913214,-0.0248136160207408
6674399.623894192,2.131628207280301e-14,-142.500383888912,165.0089581505554,-22.5085742616434,-0.0243058585904426
6743951.793266547,1.77635683940025e-14,-142.5904289114232,165.1890481955779,-22.59861928415465,-0.0238084628719476
6814228.747568932,1.4210854715202e-14,-142.6804739339345,165.3691382406004,-22.6886643066659,-0.0233212185664259
6885238.03959518,2.486899575160351e-14,-142.7705189564458,165.5492282856229,-22.77870932917716,-0.0228439195967240
6956987.300844763,2.131628207280301e-14,-142.860563978957,165.7293183306454,-22.86875435168842,-0.0223763640244947
7029484.242343055,1.77635683940025e-14,-142.9506090014683,165.9094083756679,-22.95879937419967,-0.0219183539688807
7102736.655469988,4.263256414560601e-14,-143.0406540239795,166.0894984206905,-23.04884439671092,-0.0214696955267196
7176752.412797424,3.907985046680551e-14,-143.1306990464907,166.269588465713,-23.13888941922217,-0.0210301986942468
7251539.468935248,1.77635683940025e-14,-143.220744069002,166.4496785107355,-23.22893444173344,-0.0205996772902758
7327105.861386203,4.263256414560601e-14,-143.3107890915133,166.629768555758,-23.31897946424469,-0.0201779488808242
7403459.711409791,3.907985046680551e-14,-143.4008341140245,166.8098586007805,-23.40902448675594,-0.0197648347051677
7480609.224895013,7.105427357601002e-15,-143.4908791365358,166.989948645803,-23.49906950926719,-0.0193601596032850
7558562.693242303,3.907985046680551e-14,-143.580924159047,167.1700386908255,-23.58911453177847,-0.0189637519446924
7637328.494254563,3.552713678800501e-14,-143.6709691815583,167.350128735848,-23.67915955428972,-0.0185754435586159
7716915.093037628,3.552713678800501e-15,-143.7610142040696,167.5302187808705,-23.76920457680097,-0.0181950696655003
7797331.042909967,0,-143.8510592265808,167.710308825893,-23.85924959931222,-0.0178224688098247
7878584.986321956,3.552713678800501e-14,-143.9411042490921,167.8903988709156,-23.94929462182349,-0.0174574827941951
7960685.655784634,3.552713678800501e-15,-144.0311492716033,168.0704889159381,-24.03933964433474,-0.0170999566146979
8043641.874808296,0,-144.1211942941146,168.2505789609606,-24.12938466684599,-0.0167497383974904
8127462.558850708,-3.552713678800501e-15,-144.2112393166258,168.4306690059831,-24.21942968935724,-0.0164066793366206
8212156.716275305,3.552713678800501e-15,-144.3012843391371,168.6107590510056,-24.30947471186851,-0.0160706336330188
8297733.449319266,3.552713678800501e-15,-144.3913293616484,168.7908490960281,-24.39951973437976,-0.0157414584346805
8384201.955071845,-3.552713678800501e-15,-144.4813743841596,168.9709391410506,-24.48956475689102,-0.0154190137779926
8471571.526462739,2.486899575160351e-14,-144.5714194066709,169.1510291860731,-24.57960977940226,-0.0151031625301984
8559851.553260833,1.77635683940025e-14,-144.6614644291821,169.3311192310956,-24.66965480191352,-0.0147937703329616
8649051.523083342,0,-144.7515094516934,169.5112092761182,-24.75969982442479,-0.0144907055470346
8739181.022415409,2.486899575160351e-14,-144.8415544742046,169.6912993211407,-24.84974484693604,-0.0141938391979920
8830249.737640474,2.131628207280301e-14,-144.9315994967159,169.8713893661632,-24.93978986944729,-0.0139030449230183
8922267.456081226,1.77635683940025e-14,-145.0216445192271,170.0514794111857,-25.02983489195854,-0.0136181989187207
9015244.067051498,2.131628207280301e-14,-145.1116895417384,170.2315694562082,-25.11987991446981,-0.0133391798899733
9109189.562919011,2.131628207280301e-14,-145.2017345642496,170.4116595012307,-25.20992493698106,-0.0130658689997409
9204114.040179392,1.4210854715202e-14,-145.2917795867609,170.5917495462532,-25.29996995949232,-0.0127981498198794
9300027.700541178,4.263256414560601e-14,-145.3818246092721,170.7718395912758,-25.39001498200356,-0.0125359082829103
9396940.852022264,1.77635683940025e-14,-145.4718696317834,170.9519296362983,-25.48006000451484,-0.0122790326347273
9494863.910057636,1.4210854715202e-14,-145.5619146542947,171.1320196813208,-25.57010502702609,-0.0120274133882224
9593807.398618856,3.907985046680551e-14,-145.6519596768059,171.3121097263433,-25.66015004953734,-0.0117809432778269
9693781.951345019,7.105427357601002e-15,-145.7420046993172,171.4921997713658,-25.75019507204859,-0.0115395172149482
9794798.312685605,1.4210854715202e-14,-145.8320497218284,171.6722898163883,-25.84024009455986,-0.0113030322442552
9896867.339055123,4.263256414560601e-14,-145.9220947443397,171.8523798614108,-25.93028511707111,-0.0110713875008574
10000000,7.105427357601002e-15,-146.012139766851,172.0324699064333,-26.02033013958236,-0.0108444841682951
