0.9989897815712389,-0.03176787508612065
0.9989804417888691,-0.03191423995938229
0.9989710157462591,-0.03206127641168312
0.99896150264838,-0.03220898748595695
0.998951901692906,-0.03235737623838829
0.9989422120701479,-0.03250644573846231
0.9989324329629863,-0.0326561990690152
0.9989225635468044,-0.03280663932628439
0.998912602989419,-0.03295776961995897
0.9989025504510125,-0.03310959307323014
0.9988924050840627,-0.03326211282284171
0.9988821660332735,-0.03341533201914074
0.9988718324355035,-0.03356925382612816
0.9988614034196953,-0.03372388142150955
0.9988508781068036,-0.03387921799674591
0.998840255609722,-0.0340352667571045
0.9988295350332103,-0.03419203092170982
0.9988187154738208,-0.03434951372359455
0.9988077960198231,-0.0345077184097506
0.9987967757511292,-0.0346666482411802
0.9987856537392182,-0.03482630649294701
0.9987744290470589,-0.03498669645422742
0.9987631007290335,-0.03514782142836168
0.9987516678308583,-0.03530968473290523
0.9987401293895067,-0.03547228969968005
0.9987284844331292,-0.035635639674826
0.9987167319809729,-0.03579973801885226
0.9987048710433019,-0.03596458810668876
0.9986929006213145,-0.03613019332773763
0.9986808197070629,-0.03629655708592479
0.9986686272833685,-0.03646368279975139
0.9986563223237394,-0.03663157390234546
0.9986439037922853,-0.0368002338415134
0.9986313706436336,-0.03696966607979168
0.9986187218228422,-0.03713987409449841
0.9986059562653135,-0.03731086137778496
0.9985930728967075,-0.03748263143668764
0.9985800706328527,-0.03765518779317933
0.9985669483796581,-0.03782853398422114
0.9985537050330228,-0.03800267356181407
0.9985403394787458,-0.03817761009305066
0.9985268505924346,-0.03835334716016663
0.9985132372394141,-0.0385298883605926
0.9984994982746314,-0.03870723730700559
0.9984856325425643,-0.0388853976273807
0.9984716388771262,-0.03906437296504277
0.9984575161015695,-0.03924416697871781
0.9984432630283915,-0.03942478334258467
0.9984288784592351,-0.03960622574632653
0.9984143611847927,-0.03978849789518231
0.9983997099847065,-0.03997160350999823
0.9983849236274687,-0.04015554632727914
0.9983700008703216,-0.04034033009923985
0.9983549404591562,-0.04052595859385658
0.998339741128409,-0.04071243559491804
0.9983244016009599,-0.04089976490207676
0.9983089205880279,-0.04108795033090019
0.9982932967890652,-0.04127699571292173
0.9982775288916527,-0.0414669048956918
0.9982616155713916,-0.0416576817428287
0.9982455554917973,-0.04184933013406952
0.9982293473041896,-0.04204185396532084
0.9982129896475826,-0.04223525714870946
0.9981964811485763,-0.04242954361263294
0.9981798204212418,-0.04262471730181012
0.9981630060670117,-0.04282078217733146
0.9981460366745647,-0.04301774221670931
0.9981289108197119,-0.04321560141392813
0.9981116270652811,-0.04341436377949445
0.9980941839610004,-0.04361403334048679
0.9980765800433803,-0.04381461414060554
0.9980588138355957,-0.04401611024022248
0.9980408838473659,-0.0442185257164304
0.9980227885748341,-0.04442186466309238
0.998004526500446,-0.04462613119089106
0.9979860960928266,-0.04483132942737766
0.997967495806657,-0.04503746351702095
0.9979487240825493,-0.04524453762125581
0.9979297793469203,-0.04545255591853197
0.9979106600118652,-0.04566152260436223
0.9978913644750295,-0.04587144189137076
0.9978718911194786,-0.04608231800934094
0.9978522383135693,-0.04629415520526331
0.9978324044108169,-0.04650695774338299
0.9978123877497634,-0.04672072990524719
0.9977921866538438,-0.04693547598975222
0.9977717994312508,-0.04715120031319053
0.9977512243747989,-0.04736790720929724
0.9977304597617878,-0.04758560102929676
0.9977095038538631,-0.04780428614194882
0.9976883548968782,-0.04802396693359449
0.9976670111207518,-0.04824464780820189
0.9976454707393274,-0.04846633318741141
0.9976237319502296,-0.0486890275105811
0.9976017929347193,-0.04891273523483124
0.9975796518575494,-0.04913746083508907
0.9975573068668167,-0.04936320880413288
0.9975347560938143,-0.04958998365263609
0.9975119976528825,-0.04981778990921073
0.9974890296412579,-0.05004663212045075
0.9974658501389213,-0.05027651485097502
0.9974424572084454,-0.05050744268346988
0.9974188488948393,-0.05073942021873134
0.9973950232253935,-0.05097245207570706
0.9973709782095223,-0.0512065428915378
0.9973467118386057,-0.05144169732159855
0.9973222220858293,-0.0516779200395393
0.9972975069060239,-0.05191521573732532
0.9972725642355023,-0.05215358912527721
0.9972473919918956,-0.05239304493211028
0.9972219880739884,-0.05263358790497363
0.9971963503615517,-0.05287522280948894
0.9971704767151756,-0.05311795442978854
0.9971443649760988,-0.05336178756855316
0.9971180129660392,-0.05360672704704919
0.9970914184870204,-0.05385277770516553
0.9970645793211985,-0.05409994440144978
0.9970374932306874,-0.0543482320131441
0.9970101579573809,-0.05459764543622048
0.9969825712227767,-0.05484818958541541
0.9969547307277948,-0.05509986939426421
0.9969266341525974,-0.05535268981513463
0.9968982791564068,-0.05560665581925994
0.9968696633773201,-0.05586177239677142
0.9968407844321245,-0.05611804455673047
0.9968116399161103,-0.05637547732715982
0.9967822274028818,-0.05663407575507425
0.9967525444441667,-0.05689384490651078
0.9967225885696256,-0.0571547898665582
0.9966923572866571,-0.05741691573938573
0.996661848080204,-0.05768022764827137
0.9966310584125558,-0.05794473073562932
0.9965999857231514,-0.05821043016303674
0.9965686274283788,-0.05847733111126001
0.9965369809213734,-0.05874543878027993
0.9965050435718158,-0.05901475838931655
0.9964728127257256,-0.05928529517685292
0.9964402857052569,-0.05955705440065846
0.9964074598084882,-0.0598300413378111
0.9963743323092142,-0.06010426128471904
0.9963409004567334,-0.06037971955714148
0.9963071614756353,-0.06065642149020856
0.9962731125655846,-0.06093437243844057
0.9962387509011064,-0.06121357777576615
0.9962040736313654,-0.06149404289553968
0.9961690778799478,-0.06177577321055789
0.9961337607446379,-0.06205877415307549
0.9960981192971948,-0.06234305117481968
0.9960621505831275,-0.06262860974700424
0.9960258516214663,-0.06291545536034208
0.9959892194045343,-0.06320359352505711
0.9959522508977172,-0.06349302977089538
0.9959149430392286,-0.06378376964713453
0.9958772927398767,-0.06407581872259287
0.9958392968828276,-0.06436918258563716
0.9958009523233664,-0.06466386684418923
0.9957622558886566,-0.06495987712573169
0.9957232043774989,-0.06525721907731248
0.9956837945600864,-0.0655558983655483
0.9956440231777579,-0.06585592067662686
0.9956038869427513,-0.06615729171630803
0.995563382537952,-0.06646001720992376
0.9955225066166428,-0.06676410290237692
0.9954812558022481,-0.06706955455813871
0.9954396266880793,-0.067376377961245
0.9953976158370765,-0.06768457891529134
0.9953552197815485,-0.06799416324342673
0.9953124350229109,-0.06830513678834602
0.9952692580314224,-0.06861750541228101
0.9952256852459183,-0.0689312749969901
0.9951817130735432,-0.06924645144374691
0.9951373378894799,-0.06956304067332696
0.9950925560366785,-0.0698810486259934
0.9950473638255802,-0.07020048126148107
0.9950017575338432,-0.07052134455897911
0.9949557334060624,-0.07084364451711213
0.9949092876534892,-0.07116738715391972
0.9948624164537494,-0.07149257850683477
0.9948151159505574,-0.07181922463265966
0.9947673822534296,-0.07214733160754142
0.9947192114373954,-0.07247690552694483
0.9946705995427045,-0.07280795250562415
0.9946215425745351,-0.07314047867759313
0.9945720365026962,-0.07347449019609312
0.994522077261331,-0.0738099932335597
0.994471660748616,-0.07414699398158746
0.9944207828264583,-0.07448549865089291
0.994369439320191,-0.07482551347127565
0.994317626018266,-0.0751670446915778
0.9942653386719453,-0.07551009857964132
0.9942125729949886,-0.07585468142226365
0.9941593246633394,-0.07620079952515124
0.9941055893148097,-0.07654845921287126
0.9940513625487604,-0.07689766682880128
0.993996639925781,-0.07724842873507681
0.9939414169673664,-0.07760075131253701
0.9938856891555913,-0.07795464096066802
0.9938294519327818,-0.07831010409754437
0.9937727007011864,-0.07866714715976836
0.9937154308226415,-0.07902577660240678
0.9936576376182381,-0.07938599889892597
0.9935993163679835,-0.07974782054112427
0.9935404623104613,-0.08011124803906226
0.9934810706424896,-0.08047628792099067
0.9934211365187762,-0.08084294673327605
0.993360655051571,-0.08121123104032388
0.9932996213103169,-0.08158114742449932
0.993238030321298,-0.08195270248604547
0.9931758770672842,-0.08232590284299932
0.993113156487175,-0.08270075513110464
0.9930498634756394,-0.08307726600372289
0.9929859928827548,-0.08345544213174123
0.9929215395136417,-0.08383529020347785
0.9928564981280972,-0.08421681692458459
0.9927908634402249,-0.08460002901794697
0.9927246301180644,-0.0849849332235813
0.9926577927832148,-0.08537153629852907
0.9925903460104585,-0.0857598450167484
0.9925222843273825,-0.08614986616900258
0.9924536022139941,-0.08654160656274584
0.9923842941023387,-0.08693507302200593
0.9923143543761103,-0.08733027238726367
0.9922437773702626,-0.08772721151532964
0.9921725573706166,-0.08812589727921752
0.9921006886134652,-0.08852633656801438
0.9920281652851761,-0.08892853628674793
0.991954981521791,-0.08933250335624988
0.9918811314086227,-0.08973824471301703
0.9918066089798503,-0.090145767309068
0.9917314082181109,-0.09055507811179722
0.9916555230540881,-0.09096618410382522
0.9915789473661003,-0.09137909228284546
0.9915016749796833,-0.09179380966146768
0.9914236996671726,-0.09221034326705752
0.9913450151472819,-0.09262870014157272
0.9912656150846794,-0.09304888734139552
0.9911854930895612,-0.09347091193716116
0.9911046427172231,-0.09389478101358301
0.9910230574676272,-0.09432050166927321
0.9909407307849689,-0.0947480810165602
0.9908576560572399,-0.09517752618130162
0.9907738266157878,-0.09560884430269356
0.9906892357348741,-0.09604204253307572
0.9906038766312298,-0.09647712803773233
0.9905177424636072,-0.096914107994689
0.9904308263323301,-0.09735298959450532
0.9903431212788405,-0.09779378004006323
0.9902546202852439,-0.09823648654635091
0.9901653162738502,-0.09868111634024235
0.990075202106714,-0.09912767666027258
0.9899842705851701,-0.0995761747564082
0.9898925144493691,-0.1000266178898134
0.9897999263778067,-0.1004790133326113
0.9897064989868546,-0.1009333683676407
0.9896122248302847,-0.101389690288208
0.9895170963987944,-0.1018479863978344
0.9894211061195263,-0.1023082640099978
0.9893242463555871,-0.1027705304478703
0.9892265094055637,-0.1032347930440506
0.9891278875030353,-0.1037010591402906
0.9890283728160854,-0.1041693360872182
0.9889279574468088,-0.1046396312440534
0.988826633430818,-0.1051119519783202
0.9887243927367453,-0.1055863056655526
0.988621227265744,-0.1060626996889957
0.9885171288509861,-0.1065411414393004
0.9884120892571576,-0.1070216383142136
0.9883061001799515,-0.107504197718262
0.9881991532455586,-0.1079888270624308
0.9880912400101552,-0.1084755337638361
0.9879823519593884,-0.1089643252453914
0.9878724805078606,-0.1094552089354692
0.9877616169986079,-0.1099481922675554
0.9876497527025807,-0.1104432826798979
0.9875368788181185,-0.1109404876151499
0.9874229864704235,-0.111439814520006
0.9873080667110323,-0.111941270844832
0.9871921105172846,-0.1124448640432897
0.9870751087917898,-0.1129506015719533
0.9869570523618914,-0.1134584908899207
0.9868379319791292,-0.1139685394584178
0.9867177383186988,-0.1144807547403955
0.9865964619789105,-0.1149951442001214
0.9864740934806431,-0.1155117153027629
0.9863506232667983,-0.1160304755139646
0.9862260417017522,-0.1165514322994185
0.9861003390708034,-0.1170745931244261
0.9859735055796213,-0.1175999654534553
0.9858455313536899,-0.1181275567496879
0.9857164064377523,-0.1186573744745612
0.9855861207952504,-0.1191894260873016
0.9854546643077657,-0.1197237190444507
0.9853220267744542,-0.1202602607993838
0.9851881979114849,-0.1207990588018211
0.9850531673514702,-0.1213401204973303
0.9849169246429005,-0.1218834533268222
0.9847794592495722,-0.1224290647260377
0.9846407605500177,-0.1229769621250271
0.984500817836931,-0.123527152947621
0.9843596203165932,-0.1240796446108933
0.9842171571082964,-0.1246344445246155
0.9840734172437647,-0.1251915600907027
0.9839283896665764,-0.1257509987026514
0.9837820632315815,-0.1263127677449678
0.9836344267043203,-0.1268768745925888
0.9834854687604399,-0.1274433266102926
0.9833351779851092,-0.1280121311521016
0.9831835428724326,-0.1285832955606761
0.983030551824863,-0.129156827166698
0.9828761931526141,-0.1297327332882464
0.98272045507307,-0.1303110212301636
0.9825633257101957,-0.1308916982834114
0.9824047930939453,-0.1314747717244179
0.9822448451596706,-0.1320602488144154
0.9820834697475277,-0.1326481367987674
0.9819206546018836,-0.1332384429062872
0.9817563873707221,-0.1338311743485455
0.9815906556050484,-0.1344263383191684
0.9814234467582953,-0.1350239419931252
0.9812547481857251,-0.1356239925260064
0.981084547143836,-0.1362264970532906
0.9809128307897639,-0.1368314626896017
0.9807395861806869,-0.1374388965279551
0.9805648002732278,-0.1380488056389937
0.9803884599228584,-0.1386611970702126
0.9802105518833018,-0.1392760778451733
0.9800310628059365,-0.1398934549627072
0.9798499792392004,-0.1405133353961073
0.9796672876279939,-0.1411357260923094
0.9794829743130851,-0.1417606339710618
0.9792970255305147,-0.1423880659240834
0.9791094274110013,-0.1430180288142107
0.9789201659793482,-0.1436505294745328
0.9787292271538496,-0.1442855747075146
0.9785365967457,-0.1449231712841093
0.9783422604584019,-0.145563325942857
0.9781462038871768,-0.1462060453889729
0.9779484125183763,-0.1468513362934229
0.9777488717288954,-0.1474992052919863
0.9775475667855859,-0.1481496589843071
0.9773444828446729,-0.1488027039329318
0.9771396049511727,-0.1494583466623355
0.9769329180383112,-0.1501165936579348
0.9767244069269462,-0.1507774513650878
0.9765140563249904,-0.1514409261880813
0.9763018508268373,-0.1521070244891052
0.9760877749127893,-0.1527757525872129
0.975871812948488,-0.1534471167572701
0.9756539491843477,-0.1541211232288875
0.9754341677549914,-0.1547977781853431
0.9752124526786893,-0.1554770877624886
0.9749887878568008,-0.1561590580476428
0.9747631570732205,-0.1568436950784716
0.9745355439938256,-0.1575310048418535
0.9743059321659285,-0.1582209932727309
0.974074305017733,-0.1589136662529482
0.973840645857793,-0.1596090296100743
0.9736049378744767,-0.1603070891162118
0.9733671641354343,-0.1610078504867908
0.9731273075870702,-0.1617113193793489
0.9728853510540197,-0.1624175013922963
0.97264127723863,-0.1631264020636651
0.9723950687204469,-0.1638380268698456
0.9721467079557061,-0.1645523812243054
0.9718961772768298,-0.165269470476295
0.9716434588919278,-0.1659892999095372
0.9713885348843073,-0.1667118747409017
0.9711313872119842,-0.1674372001190638
0.9708719977072034,-0.1681652811231477
0.9706103480759655,-0.1688961227613547
0.9703464198975573,-0.1696297299695744
0.9700801946240922,-0.1703661076099809
0.9698116535800551,-0.1711052604696134
0.9695407779618558,-0.1718471932589395
0.9692675488373883,-0.1725919106104034
0.9689919471455993,-0.1733394170769574
0.9687139536960635,-0.1740897171305773
0.9684335491685667,-0.1748428151607608
0.9681507141126976,-0.1755987154730103
0.9678654289474483,-0.1763574222872977
0.9675776739608224,-0.1771189397365142
0.9672874293094534,-0.177883271864902
0.9669946750182319,-0.1786504226264691
0.9666993909799414,-0.1794203958833883
0.9664015569549053,-0.180193195404378
0.9661011525706419,-0.1809688248630662
0.9657981573215328,-0.1817472878363375
0.9654925505684983,-0.1825285878026623
0.9651843115386849,-0.1833127281404096
0.9648734193251663,-0.1840997121261413
0.9645598528866514,-0.1848895429328898
0.9642435910472071,-0.1856822236284171
0.9639246124959927,-0.1864777571734575
0.9636028957870049,-0.1872761464199419
0.9632784193388368,-0.188077394109204
0.96295116143445,-0.1888815028701694
0.9626211002209581,-0.1896884752175266
0.9622882137094257,-0.1904983135498798
0.9619524797746797,-0.1913110201478843
0.9616138761551352,-0.1921265971723632
0.9612723804526364,-0.1929450466624066
0.9609279701323111,-0.1937663705334526
0.9605806225224416,-0.1945905705753498
0.9602303148143492,-0.1954176484504025
0.9598770240622966,-0.1962476056913966
0.9595207271834053,-0.197080443699608
0.9591614009575892,-0.1979161637427931
0.9587990220275052,-0.1987547669531597
0.958433566898522,-0.1995962543253215
0.9580650119387046,-0.2004406267142328
0.9576933333788187,-0.2012878848331056
0.9573185073123515,-0.2021380292513082
0.9569405096955527,-0.2029910603922463
0.9565593163474935,-0.2038469785312242
0.9561749029501458,-0.2047057837932897
0.9557872450484806,-0.2055674761510593
0.9553963180505868,-0.2064320554225259
0.9550020972278108,-0.2072995212688483
0.9546045577149175,-0.2081698731921221
0.954203674510271,-0.2090431105331333
0.9537994224760395,-0.2099192324690927
0.9533917763384208,-0.2107982380113538
0.9529807106878911,-0.2116801260031113
0.9525661999794768,-0.2125648951170824
0.9521482185330494,-0.2134525438531706
0.9517267405336459,-0.2143430705361107
0.951301740031811,-0.2152364733130974
0.9508731909439665,-0.2161327501513952
0.9504410670528052,-0.217031898835932
0.9500053420077097,-0.2179339169668736
0.949565989325199,-0.2188388019571828
0.9491229823894001,-0.2197465510301599
0.9486762944525479,-0.2206571612169671
0.9482258986355122,-0.2215706293541351
0.9477717679283529,-0.222486952081054
0.9473138751909035,-0.2234061258374462
0.9468521931533833,-0.224328146860824
0.9463866944170404,-0.2252530111839303
0.9459173514548229,-0.226180714632163
0.945444136612082,-0.2271112528209838
0.9449670221073051,-0.2280446211533107
0.9444859800328808,-0.2289808148168956
0.9440009823558958,-0.2299198287816855
0.9435120009189636,-0.2308616577971691
0.9430190074410877,-0.2318062963897086
0.9425219735185564,-0.232753738859856
0.9420208706258728,-0.233703979279655
0.9415156701167184,-0.2346570114899298
0.941006343224953,-0.2356128290975579
0.9404928610656481,-0.2365714254727305
0.9399751946361586,-0.2375327937461991
0.9394533148172294,-0.2384969268065084
0.9389271923741397,-0.2394638172972172
0.9383967979578844,-0.2404334576141055
0.937862102106395,-0.2414058399023703
0.9373230752457975,-0.2423809560538092
0.9367796876917101,-0.2433587977039914
0.9362319096505816,-0.244339356229419
0.9356797112210682,-0.2453226227446761
0.9351230623954531,-0.2463085880995681
0.9345619330611057,-0.2472972428762502
0.9339962930019843,-0.2482885773863465
0.9334261119001798,-0.2492825816680598
0.932851359337503,-0.250279245483272
0.9322720047971158,-0.2512785583146365
0.9316880176652066,-0.2522805093626623
0.9310993672327079,-0.2532850875427902
0.9305060226970632,-0.2542922814824621
0.9299079531640358,-0.255302079518184
0.9293051276495665,-0.2563144696925818
0.9286975150816756,-0.2573294397514526
0.9280850843024149,-0.2583469771408102
0.9274678040698653,-0.2593670690039259
0.9268456430601841,-0.2603897021783655
0.9262185698697009,-0.261414863193023
0.9255865530170625,-0.2624425382651507
0.9249495609454286,-0.2634727132973877
0.9243075620247175,-0.2645053738747863
0.9236605245539028,-0.2655405052618375
0.9230084167633619,-0.2665780923994955
0.9223512068172766,-0.2676181199022034
0.9216888628160861,-0.2686605720549187
0.9210213527989936,-0.2697054328101409
0.9203486447465257,-0.2707526857849412
0.919670706583147,-0.2718023142579955
0.9189875061799281,-0.2728543011666202
0.9182990113572702,-0.2739086291038133
0.9176051898876838,-0.2749652803153001
0.9169060094986249,-0.2760242366965853
0.9162014378753863,-0.2770854797900116
0.9154914426640481,-0.2781489907818254
0.9147759914744833,-0.2792147504992518
0.9140550518834225,-0.2802827394075781
0.9133285914375781,-0.2813529376072476
0.9125965776568251,-0.2824253248309639
0.9118589780374434,-0.2834998804408084
0.9111157600554183,-0.2845765834253686
0.9103668911698016,-0.285655412396881
0.9096123388261343,-0.286736345588389
0.9088520704599286,-0.2878193608509159
0.9080860535002113,-0.2889044356506535
0.9073142553731318,-0.2899915470661707
0.906536643505628,-0.2910806717856372
0.9057531853291577,-0.2921717861040695
0.9049638482834914,-0.2932648659205964
0.9041685998205684,-0.294359886735746
0.9033674074084176,-0.2954568236487552
0.9025602385351398,-0.2965556513549041
0.9017470607129554,-0.2976563441428738
0.9009278414823172,-0.2987588758921311
0.9001025484160858,-0.2998632200703408
0.8992711491237714,-0.3009693497308041
0.8984336112558396,-0.3020772375099297
0.8975899025080837,-0.3031868556247327
0.8967399906260612,-0.3042981758703671
0.8958838434095969,-0.3054111696176904
0.8950214287173511,-0.3065258078108638
0.8941527144714545,-0.3076420609649859
0.893277668662208,-0.3087598991637653
0.8923962593528507,-0.3098792920572304
0.8915084546843923,-0.3110002088594783
0.8906142228805124,-0.3121226183464655
0.8897135322525269,-0.3132464888538397
0.8888063512044198,-0.3143717882748155
0.8878926482379423,-0.3154984840580948
0.8869723919577784,-0.3166265432058336
0.8860455510767752,-0.3177559322716556
0.8851120944212422,-0.3188866173587161
0.8841719909363147,-0.320018564117815
0.8832252096913844,-0.3211517377455624
0.8822717198855952,-0.3222861029825969
0.8813114908534059,-0.3234216241118595
0.8803444920702178,-0.3245582649569227
0.8793706931580674,-0.3256959888803783
0.8783900638913853,-0.3268347587822834
0.8774025742028194,-0.3279745370986677
0.8764081941891229,-0.3291152858001032
0.8754068941171056,-0.3302569663903371
0.8743986444296515,-0.3313995399049905
0.8733834157517973,-0.3325429669103234
0.8723611788968758,-0.3336872075020689
0.8713319048727214,-0.3348322213043366
0.8702955648879371,-0.335977967468588
0.8692521303582248,-0.3371244046726855
0.8682015729127758,-0.3382714911200142
0.8671438644007212,-0.3394191845386834
0.8660789768976436,-0.3405674421808028
0.8650068827121477,-0.34171622082184
0.863927554392488,-0.3428654767600591
0.8628409647332581,-0.3440151658160415
0.8617470867821326,-0.3451652433322918
0.860645893846669,-0.3463156641729293
0.8595373595011632,-0.3474663827234677
0.8584214575935601,-0.348617352890684
0.8572981622524195,-0.3497685281025777
0.8561674478939315,-0.3509198613084241
0.8550292892289876,-0.3520713049789203
0.8538836612702999,-0.3532228111064284
0.8527305393395719,-0.3543743312053155
0.8515698990747166,-0.3555258163123932
0.8504017164371229,-0.3566772169874579
0.849225967718969,-0.357828483313933
0.8480426295505797,-0.3589795648996165
0.8468516789078286,-0.3601304108775327
0.8456530931195829,-0.3612809699068926
0.8444468498751886,-0.3624311901741615
0.8432329272319972,-0.3635810193942399
0.842011303622929,-0.3647304048117523
0.8407819578640756,-0.3658792932024542
0.8395448691623356,-0.367027630874751
0.8383000171230862,-0.3681753636713347
0.8370473817578863,-0.3693224369709396
0.8357869434922098,-0.3704687956902167
0.8345186831732095,-0.3716143842857295
0.8332425820775067,-0.3727591467560737
0.8319586219190073,-0.37390302664412
0.8306667848567412,-0.3750459670393825
0.8293670535027238,-0.3761879105805154
0.8280594109298375,-0.3773287994579369
0.8267438406797309,-0.3784685754165842
0.8254203267707342,-0.3796071797587983
0.8240888537057884,-0.3807445533473435
0.8227494064803873,-0.3818806366085583
0.8214019705905277,-0.3830153695356435
0.8200465320406681,-0.3841486916920863
0.8186830773516937,-0.3852805422152207
0.8173115935688818,-0.3864108598199289
0.8159320682698717,-0.3875395828024811
0.8145444895726298,-0.3886666490445171
0.8131488461434125,-0.3897919960171697
0.8117451272047228,-0.3909155607853327
0.8103333225432573,-0.3920372800120704
0.8089134225178424,-0.3931570899631761
0.8074854180673567,-0.394274926511873
0.8060493007186366,-0.3953907251436654
0.804605062594363,-0.3965044209613359
0.803152696420926,-0.3976159486900919
0.8016921955362665,-0.398725242682862
0.8002235538976875,-0.3998322369257415
0.7987467660896387,-0.4009368650435911
0.7972618273314661,-0.4020390603057837
0.7957687334851272,-0.4031387556321071
0.7942674810628666,-0.4042358835988159
0.7927580672348503,-0.405330376444839
0.7912404898367561,-0.406422166078139
0.7897147473773155,-0.4075111840822265
0.7881808390458062,-0.4085973617228275
0.7866387647194898,-0.4096806299547063
0.7850885249709934,-0.410760919428642
0.7835301210756318,-0.4118381604985599
0.7819635550186658,-0.4129122832288183
0.7803888295024951,-0.4139832174016487
0.7788059479537813,-0.4150508925247521
0.777214914530499,-0.4161152378390487
0.7756157341289098,-0.4171761823265827
0.7740084123904589,-0.4182336547185798
0.7723929557085881,-0.4192875835036606
0.7707693712354634,-0.4203378969362052
0.7691376668886134,-0.4213845230448714
0.7674978513574761,-0.4224273896412656
0.7658499341098485,-0.4234664243287645
0.7641939253982385,-0.4245015545114882
0.7625298362661141,-0.4255327074034231
0.7608576785540454,-0.4265598100376949
0.7591774649057387,-0.4275827892759887
0.757489208773958,-0.4286015718181176
0.7557929244263289,-0.4296160842117371
0.7540886269510246,-0.4306262528622041
0.7523763322623281,-0.4316320040425813
0.7506560571060679,-0.4326332639037822
0.7489278190649246,-0.4336299584848585
0.747191636563604,-0.4346220137234275
0.7454475288738729,-0.4356093554662358
0.7436955161194568,-0.4365919094798615
0.7419356192807917,-0.4375696014615502
0.7401678601996315,-0.4385423570501831
0.7383922615835041,-0.4395101018373778
0.7366088470100138,-0.4404727613787167
0.7348176409309886,-0.4414302612051029
0.7330186686764645,-0.4423825268342411
0.7312119564585109,-0.4433294837822403
0.7293975313748848,-0.4442710575753374
0.7275754214125184,-0.4452071737617384
0.725745655450832,-0.4461377579235748
0.7239082632648727,-0.4470627356889729
0.7220632755282709,-0.4479820327442331
0.7202107238160181,-0.4488955748461165
0.7183506406070561,-0.4498032878342356
0.7164830592866798,-0.4507050976435477
0.714608014148748,-0.4516009303169456
0.7127255403977002,-0.4524907120179446
0.7108356741503759,-0.4533743690434612
0.7089384524376343,-0.4542518278366818
0.7070339132057717,-0.4551230150000162
0.7051220953177326,-0.4559878573081338
0.7032030385541138,-0.4568462817210788
0.7012767836139561,-0.4576982153974611
0.699343372115326,-0.4585435857077172
0.6974028465956794,-0.4593823202474412
0.6954552505120067,-0.4602143468507785
0.6935006282407603,-0.4610395936038802
0.6915390250775577,-0.4618579888584139
0.6895704872366597,-0.4626694612451262
0.6875950618502231,-0.4634739396874553
0.6856127969673238,-0.4642713534151844
0.6836237415527477,-0.4650616319781387
0.6816279454855535,-0.4658447052599147
0.6796254595573948,-0.4666205034916433
0.6776163354706116,-0.4673889572657778
0.6756006258360813,-0.4681499975499055
0.6735783841708306,-0.4689035557005764
0.6715496648954087,-0.4696495634771452
0.6695145233310159,-0.4703879530556225
0.6674730156963922,-0.4711186570425289
0.6654251991044583,-0.4718416084887494
0.6633711315587152,-0.4725567409033809
0.6613108719493929,-0.4732639882675698
0.659244480049358,-0.4739632850483355
0.6571720165097679,-0.4746545662123701
0.6550935428554813,-0.4753377672398176
0.6530091214802165,-0.4760128241380188
0.6509188156414638,-0.4766796734552229
0.6488226894551453,-0.4773382522942587
0.6467208078900284,-0.4779884983261599
0.6446132367618872,-0.4786303498037399
0.6425000427274157,-0.479263745575111
0.6403812932778916,-0.4798886250971434
0.6382570567325911,-0.4805049284488568
0.6361274022319552,-0.4811125963447428
0.6339923997305079,-0.4817115701480086
0.6318521199895268,-0.4823017918837409
0.6297066345694692,-0.4828832042519829
0.6275560158221487,-0.4834557506407176
0.6254003368826725,-0.4840193751387564
0.6232396716611305,-0.4845740225485233
0.6210740948340451,-0.4851196383987322
0.6189036818355794,-0.4856561689569519
0.6167285088485078,-0.4861835612420517
0.6145486527949461,-0.4867017630365262
0.6123641913268486,-0.4872107228986893
0.610175202816271,-0.4877103901747364
0.6079817663454002,-0.488200715010668
0.6057839616963565,-0.4886816483640692
0.6035818693407665,-0.4891531420157417
0.6013755704291126,-0.489615148581181
0.5991651467798598,-0.4900676215218966
0.5969506808683617,-0.4905105151565673
0.5947322558155517,-0.4909437846720303
0.5925099553764175,-0.4913673861340954
0.5902838639282668,-0.4917812764981829
0.5880540664587836,-0.4921854136197782
0.5858206485538798,-0.4925797562647002
0.5835836963853475,-0.4929642641191774
0.581343296698309,-0.4933388977997283
0.5790995367984785,-0.4937036188628418
0.5768525045392269,-0.494058389814451
0.5746022883084653,-0.4944031741192006
0.5723489770153407,-0.4947379362094984
0.5700926600767566,-0.4950626414943509
0.5678334274037171,-0.4953772563679772
0.5655713693874996,-0.495681748218197
0.5633065768856634,-0.4959760854345899
0.5610391412078944,-0.4962602374164212
0.5587691541016945,-0.4965341745803316
0.5564967077379153,-0.4967978683677866
0.5542218946961465,-0.4970512912522811
0.5519448079499607,-0.4972944167462989
0.5496655408520182,-0.4975272194080205
0.5473841871190392,-0.497749674847777
0.5451008408166491,-0.4979617597342504
0.5428155963440966,-0.4981634518004099
0.5405285484188593,-0.498354729849191
0.5382397920611308,-0.4985355737589058
0.5359494225782039,-0.4987059644883884
0.5336575355487502,-0.4988658840818688
0.5313642268070038,-0.4990153156735762
0.5290695924268527,-0.499154243492066
0.5267737287058449,-0.4992826528642726
0.5244767321491163,-0.4994005302192824
0.5221786994532408,-0.4995078630918264
0.519879727490015,-0.4996046401254924
0.5175799132901781,-0.4996908510756524
0.515279354027075,-0.4997664868121063
0.5129781470002699,-0.4998315393214391
0.5106763896191111,-0.4998860017090906
0.5083741793862592,-0.4999298682011375
0.5060716138811807,-0.4999631341457866
0.5037687907436142,-0.4999857960145777
0.5014658076570137,-0.4999978514032962
0.4991627623319776,-0.4999992990325959
0.4968597524896676,-0.4999901387483296
0.4945568758452231,-0.499970371521589
0.4922542300911783,-0.4999399994484534
0.4899519128808879,-0.4998990257494475
0.4876500218119653,-0.4998474547687075
0.4853486544097431,-0.4997852919728579
0.4830479081107579,-0.4997125439495977
0.480747880246268,-0.4996292184059976
0.4784486680258084,-0.4995353241665079
0.4761503685207903,-0.4994308711706815
0.4738530786481497,-0.4993158704706072
0.4715568951540517,-0.4991903342280601
0.469261914597656,-0.4990542757113681
0.4669682333349492,-0.4989077092919948
0.4646759475026518,-0.4987506504408437
0.4623851530021995,-0.4985831157242813
0.4600959454838137,-0.4984051227998858
0.4578084203306577,-0.4982166904119186
0.4555226726430904,-0.4980178383865244
0.4532387972230187,-0.49780858762666
0.450956888558359,-0.497588960106756
0.4486770408076062,-0.4973589788671115
0.4463993477845233,-0.4971186680080276
0.4441239029429497,-0.496868052683679
0.4418507993617382,-0.4966071590957295
0.4395801297298244,-0.4963360144866934
0.4373119863314314,-0.4960546471330446
0.4350464610314183,-0.4957630863380784
0.4327836452607745,-0.4954613624245291
0.4305236300022653,-0.4951495067269459
0.4282665057762349,-0.4948275515838311
0.4260123626265671,-0.4944955303295445
0.4237612901068153,-0.4941534772859773
0.4215133772664982,-0.493801427754
0.419268712637571,-0.4934394180046878
0.417027384221074,-0.4930674852703256
0.4147894794739633,-0.492685667735202
0.4125550852961264,-0.4922940045261899
0.4103242880175887,-0.4918925357031225
0.4080971733859126,-0.4914813022489676
0.4058738265537929,-0.491060346059804
0.4036543320668545,-0.4906297099346065
0.401438773851652,-0.49018943756484
0.3992272352038773,-0.4897395735238733
0.3970197987767776,-0.4892801632562112
0.3948165465697858,-0.4888112530665532
0.3926175599173684,-0.488332890108684
0.3904229194780913,-0.4878451223741969
0.3882327052239075,-0.4873479986810596
0.3860469964296693,-0.4868415686620239
0.3838658716628672,-0.4863258827528866
0.3816894087735971,-0.4858009921806037
0.3795176848847598,-0.4852669489512674
0.3773507763824925,-0.4847238058379459
0.3751887589068357,-0.4841716163683948
0.3730317073426384,-0.483610434812644
0.3708796958107001,-0.4830403161704648
0.3687327976591542,-0.4824613161587231
0.3665910854550926,-0.4818734911986231
0.3644546309764338,-0.481276898402848
0.3623235052040342,-0.4806715955626008
0.3601977783140463,-0.4800576411345532
0.3580775196705214,-0.4794350942277054
0.3559627978182606,-0.4788040145901627
0.3538536804759126,-0.4781644625958346
0.3517502345293212,-0.4775164992310619
0.3496525260251201,-0.476860186081175
0.3475606201645778,-0.4761955853169912
0.3454745812976917,-0.4755227596812546
0.3433944729175322,-0.474841772475024
0.3413203576548348,-0.474152687544013
0.3392522972728435,-0.4734555692648906
0.3371903526624025,-0.4727504825315435
0.3351345838372963,-0.472037492741306
0.333085049929839,-0.4713166657811663
0.3310418091867108,-0.470588068013948
0.3290049189650417,-0.4698517662644763
0.3269744357287424,-0.4691078278057326
0.3249504150450798,-0.468356320345002
0.3229329115814968,-0.4675973120100178
0.3209219791026761,-0.4668308713351096
0.3189176704678464,-0.4660570672473581
0.3169200376283288,-0.4652759690527627
0.314929131625323,-0.4644876464224242
0.3129450025879323,-0.46369216937875
0.3109676997314242,-0.4628896082816841
0.3089972713557255,-0.4620800338149676
0.3070337648441522,-0.4612635169724331
0.3050772266623694,-0.460440129044338
0.3031277023575803,-0.4596099416037412
0.3011852365579438,-0.4587730264929263
0.2992498729722158,-0.4579294558098754
0.2973216543896156,-0.4570793018947998
0.2954006226799109,-0.4562226373167291
0.2934868187937238,-0.4553595348601627
0.2915802827630514,-0.4544900675117888
0.2896810537020001,-0.4536143084472745
0.2877891698077329,-0.452732331018129
0.2859046683616235,-0.4518442087386466
0.2840275857306175,-0.4509500152729283
0.2821579573687971,-0.4500498244219914
0.280295817819146,-0.4491437101109645
0.2784412007155123,-0.4482317463763762
0.2765941387847665,-0.4473140073535366
0.2747546638491519,-0.4463905672640176
0.2729228068288237,-0.4454615004032338
0.2710985977445746,-0.444526881128127
0.269282065720743,-0.4435867838449568
0.2674732389883027,-0.442641282997202
0.2656721448881273,-0.4416904530535714
0.2638788098744309,-0.4407343684961327
0.2620932595183777,-0.4397731038085549
0.2603155185118593,-0.4388067334644731
0.2585456106714372,-0.4378353319159737
0.2567835589424449,-0.436858973582204
0.2550293854032487,-0.435877732838109
0.2532831112696619,-0.4348916840032952
0.2515447568995108,-0.4339009013310261
0.2498143417973478,-0.4329054589973494
0.2480918846193093,-0.4319054310903587
0.2463774031781138,-0.4309008915995916
0.2446709144481981,-0.4298919144055639
0.2429724345709871,-0.4288785732694448
0.2412819788602954,-0.4278609418228724
0.2395995618078544,-0.4268390935579103
0.2379251970889653,-0.4258131018171497
0.2362588975682703,-0.4247830397839536
0.2346006753056436,-0.4237489804728498
0.2329505415621933,-0.422710996720069
0.2313085068063753,-0.4216691611742319
0.2296745807202137,-0.4206235462871851
0.2280487722056237,-0.4195742243049867
0.2264310893908363,-0.4185212672590432
0.2248215396369174,-0.4174647469573968
0.2232201295443824,-0.4164047349761666
0.2216268649598993,-0.41534130265114
0.2200417509830792,-0.4142745210695195
0.2184647919733495,-0.4132044610618218
0.2168959915569074,-0.4121311931939312
0.2153353526337505,-0.4110547877593069
0.2137828773847799,-0.4099753147713458
0.2122385672789749,-0.4088928439558988
0.2107024230806332,-0.4078074447439416
0.2091744448566764,-0.4067191862644023
0.2076546319840145,-0.4056281373371404
0.2061429831569705,-0.4045343664660834
0.2046394963947564,-0.4034379418325164
0.2031441690490026,-0.4023389312885255
0.2016569978113358,-0.4012374023505967
0.2001779787210002,-0.4001334221933667
0.198707107172524,-0.3990270576435276
0.1972443779234223,-0.3979183751738846
0.1957897851019386,-0.396807440897566
0.1943433222148193,-0.3956943205623834
0.192904982155119,-0.3945790795453457
0.1914747572100333,-0.3934617828473206
0.1900526390687576,-0.3923424950878481
0.1886386188303683,-0.3912212805001018
0.187232687011723,-0.390098202925998
0.1858348335553792,-0.3889733258114542
0.1844450478375262,-0.387846712201791
0.1830633186759304,-0.3867184247372824
0.1816896343378886,-0.3855885256488488
0.1803239825481895,-0.3844570767538943
0.1789663504970795,-0.3833241394522865
0.1776167248482299,-0.3821897747224774
0.176275091746705,-0.3810540431177653
0.1749414368269272,-0.3799170047626947
0.1736157452206368,-0.3787787193495957
0.172298001564846,-0.3776392461352585
0.1709881900097828,-0.3764986439377455
0.1696862942268235,-0.3753569711333352
0.1683922974164128,-0.3742142856536013
0.1671061823159671,-0.3730706449826223
0.1658279312077614,-0.3719261061543211
0.1645575259267962,-0.3707807257499343
0.1632949478686434,-0.3696345598956088
0.1620401779972684,-0.3684876642601241
0.1607931968528282,-0.36734009405274
0.1595539845594414,-0.3661919040211661
0.1583225208329305,-0.3650431484496549
0.1570987849885336,-0.3638938811572133
0.1558827559485847,-0.3627441554959345
0.1546744122501591,-0.3615940243494449
0.1534737320526855,-0.3604435401314692
0.15228069314552,-0.3592927547845071
0.151095272955483,-0.3581417197786249
0.1499174485543558,-0.3569904861103555
0.148747196666337,-0.3558391043017097
0.1475844936754559,-0.3546876243992947
0.1464293156329423,-0.3535360959735377
0.1452816382645528,-0.3523845681180157
0.1441414369778494,-0.3512330894488873
0.1430086868694312,-0.3500817081044255
0.1418833627321179,-0.3489304717446502
0.1407654390620843,-0.3477794275510599
0.1396548900659432,-0.346628622226458
0.1385516896677774,-0.3454781019948751
0.1374558115161187,-0.3443279126015839
0.1363672289908734,-0.3431780993132052
0.135285915210194,-0.342028706917905
0.1342118430372942,-0.3408797797256782
0.1331449850872095,-0.3397313615687199
0.132085313733499,-0.3385834958018806
0.131032801114891,-0.3374362253032067
0.1299874191418696,-0.3362895924745598
0.1289491395032012,-0.3351436392423182
0.1279179336724034,-0.3339984070581565
0.1268937729141513,-0.3328539368999007
0.1258766282906238,-0.3317102692724599
0.1248664706677887,-0.3305674442088316
0.1238632707216251,-0.3294255012711775
0.1228669989442829,-0.328284479551971
0.1218776256501806,-0.3271444176752142
0.1208951209820382,-0.32600535379772
0.1199194549168478,-0.3248673256104619
0.1189505972717779,-0.3237303703399871
0.1179885177100157,-0.3225945247498925
0.1170331857465422,-0.3214598251423614
0.1160845707538442,-0.3203263073597608
0.1151426419675589,-0.3191940067862952
0.1142073684920552,-0.3180629583497191
0.113278719305947,-0.3169331965231024
0.1123566632675421,-0.3158047553266516
0.1114411691202245,-0.3146776683295814
0.1105322054977701,-0.3135519686520383
0.1096297409295967,-0.3124276889670731
0.1087337438459475,-0.3113048615026617
0.1078441825830077,-0.3101835180437713
0.1069610253879554,-0.3090636899344738
0.1060842404239453,-0.3079454080801008
0.1052137957750267,-0.3068287029494432
0.1043496594509944,-0.3057136045769895
0.1034917993921741,-0.3046001425652065
0.1026401834741408,-0.3034883460868563
0.1017947795123712,-0.3023782438873521
0.1009555552668311,-0.3012698642871485
0.1001224784464951,-0.3001632351841681
0.0992955167138023,-0.2990583840562597
0.09847463768904571,-0.2979553379636903
0.09765980895469614,-0.296854123551667
0.09685099805966155,-0.2957547670528896
0.09604817252348097,-0.2946572942901305
0.09525129984045427,-0.293561730678844
0.09446034748370695,-0.2924681012297995
0.0936752829091915,-0.2913764305517426
0.09289607355962426,-0.2902867428540772
0.09212268686835919,-0.2891990619495738
0.09135509026319827,-0.2881134112570971
0.09059325117013925,-0.287029813804356
0.08983713701706031,-0.2859482922306728
0.08908671523734306,-0.2848688687897707
0.0883419532734336,-0.2837915653525807
0.08760281858034177,-0.282716403410063
0.08686927862907992,-0.2816434040760465
0.08614130091004037,-0.280572588090081
0.0854188529363132,-0.2795039758203051
0.08470190224694371,-0.278437587266326
0.08399041641013065,-0.2773734420621115
0.08328436302636572,-0.2763115594788937
0.08258370973151377,-0.2752519584280825
0.08188842419983577,-0.2741946574641883
0.08119847414695344,-0.2731396747877539
0.08051382733275718,-0.2720870282482943
0.07983445156425699,-0.2710367353472428
0.07916031469837709,-0.2699888132409026
0.0784913846446951,-0.2689432787434065
0.07782762936812575,-0.2679001483296778
0.07716901689154972,-0.2668594381383979
0.07651551529838836,-0.2658211639749749
0.07586709273512478,-0.264785341314516
0.07522371741377115,-0.2637519853048015
0.07458535761428375,-0.2627211107692588
0.0739519816869257,-0.2616927322099379
0.07332355805457764,-0.2606668638104863
0.07270005521499789,-0.2596435194391228
0.07208144174303101,-0.2586227126516096
0.07146768629276698,-0.2576044566942227
0.07085875759965062,-0.2565887645067191
0.07025462448254159,-0.2555756487253014
0.06965525584572638,-0.2545651216855773
0.06906062068088169,-0.2535571954255155
0.06847068806899098,-0.2525518816883967
0.06788542718221359,-0.2515491919257583
0.0673048072857078,-0.2505491373003338
0.06672879773940786,-0.2495517286889855
0.06615736799975587,-0.2485569766856299
0.06559048762138867,-0.2475648916041552
0.06502812625878099,-0.2465754834813328
0.06447025366784426,-0.2455887620797175
0.06391683970748295,-0.2446047368905412
0.06336785434110791,-0.2436234171365964
0.06282326763810767,-0.2426448117751096
0.0622830497752787,-0.241668929500606
0.06174717103821404,-0.240695778747762
0.061215601822652,-0.2397253676942483
0.06068831263578476,-0.2387577042635609
0.06016527409752773,-0.2377927961278413
0.05964645694175003,-0.2368306507106839
0.05913183201746659,-0.2358712751899322
0.05862137028999277,-0.2349146765004612
0.05811504284206157,-0.2339608613369487
0.05761282087490401,-0.2330098361566315
0.05711467570929372,-0.2320616071820497
0.05662057878655551,-0.2311161804037765
0.05613050166953903,-0.2301735615831343
0.05564441604355772,-0.2292337562548962
0.05516229371729378,-0.228296769729974
0.05468410662366929,-0.22736260709809
0.05420982682068457,-0.2264312732304351
0.05373942649222389,-0.2255027727823114
0.05327287794882878,-0.2245771101957587
0.05281015362844023,-0.2236542897021668
0.05235122609710965,-0.2227343153248707
0.05189606804967908,-0.2218171908817307
0.05144465231043155,-0.2209029199876958
0.05099695183371155,-0.2199915060573513
0.05055293970451682,-0.2190829523074498
0.05011258913906091,-0.2181772617594249
0.04967587348530809,-0.2172744372418895
0.04924276622348021,-0.216374481393116
0.0488132409665365,-0.2154773966635001
0.04838727146062654,-0.2145831853180071
0.04796483158551687,-0.2136918494386014
0.0475458953549919,-0.2128033909266581
0.04713043691722915,-0.2119178115053575
0.04671843055514977,-0.211035112722062
0.04630985068674445,-0.2101552959506752
0.04590467186537517,-0.2092783623939833
0.04550286878005353,-0.208404313085979
0.04510441625569551,-0.2075331488941669
0.04470928925335394,-0.206664870521852
0.04431746287042779,-0.2057994785104084
0.04392891234085068,-0.2049369732415323
0.04354361303525677,-0.2040773549394753
0.04316154046112606,-0.2032206236732597
0.0427826702629089,-0.2023667793588763
0.04240697822213009,-0.2015158217614634
0.04203444025747313,-0.2006677504974679
0.04166503242484484,-0.1998225650367882
0.04129873091742108,-0.1989802647048986
0.04093551206567323,-0.1981408486849553
0.04057535233737688,-0.1973043160198849
0.040218228337602,-0.1964706656144538
0.03986411680868571,-0.1956398962373196
0.03951299463018781,-0.1948120065230646
0.03916483881882921,-0.1939869949742104
0.038819626528414,-0.193164859963215
0.0384773350497351,-0.1923455997344507
0.0381379418104643,-0.1915292124061652
0.03780142437502655,-0.1907156959724231
0.03746776044445919,-0.1899050483050301
0.03713692785625634,-0.1890972671554392
0.03680890458419874,-0.1882923501566383
0.03648366873816941,-0.18749029482502
0.03616119856395548,-0.1866910985622337
0.03584147244303634,-0.1858947586570192
0.03552446889235889,-0.1851012722870232
0.03521016656409939,-0.1843106365205974
0.03489854424541301,-0.1835228483185785
0.03458958085817112,-0.1827379045360517
0.03428325545868621,-0.1819558019240955
0.03397954723742545,-0.1811765371315089
0.03367843551871262,-0.180400106706522
0.03337989976041884,-0.1796265070984882
0.03308391955364257,-0.1788557346595593
0.03279047462237892,-0.1780877856463436
0.03249954482317865,-0.1773226562215467
0.03221111014479702,-0.1765603424555944
0.03192515070783303,-0.1758008403282396
0.03164164676435897,-0.1750441457301515
0.03136057869754071,-0.1742902544644883
0.03108192702124902,-0.1735391622484526
0.03080567237966202,-0.1727908647148308
0.03053179554685919,-0.1720453574135146
0.03026027742640702,-0.1713026358130076
0.02999109905093664,-0.170562695301914
0.02972424158171355,-0.1698255311904117
0.02945968630819982,-0.1690911387117086
0.02919741464760896,-0.1683595130234836
0.02893740814445355,-0.1676306492093104
0.02867964847008596,-0.1669045422800657
0.02842411742223236,-0.1661811871753223
0.0281707969245203,-0.1654605787647249
0.02791966902599994,-0.1647427118493518
0.02767071590065906,-0.1640275811630595
0.02742391984693247,-0.1633151813738132
0.02717926328720547,-0.1626055070850008
0.02693672876731194,-0.1618985528367323
0.02669629895602704,-0.1611943131071238
0.02645795664455493,-0.1604927823135663
0.02622168474601143,-0.1597939548139798
0.02598746629490194,-0.1590978249080523
0.02575528444659483,-0.1584043868384642
0.0255251224767905,-0.1577136347920982
0.02529696378098598,-0.1570255629012342
0.02507079187393573,-0.1563401652447302
0.0248465903891084,-0.1556574358491886
0.02462434307813992,-0.154977368690109
0.02440403381028293,-0.1542999576930256
0.02418564657185297,-0.153625196734632
0.02396916546567122,-0.1529530796438911
0.02375457471050424,-0.1522836002031319
0.02354185864050075,-0.1516167521491323
0.02333100170462552,-0.1509525291741887
0.02312198846609067,-0.1502909249271713
0.02291480360178441,-0.1496319330145676
0.02270943190169738,-0.1489755470015114
0.02250585826834668,-0.1483217604127991
0.02230406771619789,-0.147670566733893
0.02210404537108498,-0.1470219594119123
0.02190577646962838,-0.1463759318566104
0.0217092463586513,-0.1457324774413401
0.02151444049459451,-0.1450915895040063
0.02132134444292941,-0.1444532613480062
0.02112994387756992,-0.1438174862431571
0.02094022458028299,-0.143184257426612
0.02075217244009789,-0.1425535681037635
0.02056577345271463,-0.1419254114491349
0.02038101371991123,-0.1412997806072608
0.02019787944895024,-0.1406766686935539
0.0200163569519846,-0.1400560687951626
0.01983643264546264,-0.1394379739718154
0.01965809304953278,-0.1388223772566537
0.01948132478744764,-0.138209271657055
0.01930611458496788,-0.1375986501554429
0.01913244926976568,-0.1369905057100876
0.01896031577082818,-0.1363848312558939
0.01878970111786075,-0.1357816197051803
0.0186205924406903,-0.135180863948445
0.01845297696866867,-0.1345825568551231
0.01828684203007623,-0.1339866912743324
0.01812217505152573,-0.133393260035609
0.01795896355736634,-0.1328022559496319
0.01779719516908833,-0.1322136718089386
0.01763685760472816,-0.1316275003886296
0.01747793867827391,-0.1310437344470632
0.01732042629907173,-0.1304623667265398
0.01716430847123264,-0.1298833899539776
0.01700957329304031,-0.1293067968415775
0.01685620895635955,-0.1287325800874786
0.01670420374604577,-0.1281607323764045
0.0165535460393554,-0.1275912463802997
0.01640422430535724,-0.1270241147589574
0.01625622710434505,-0.126459330160637
0.01610954308725115,-0.125896885222674
0.01596416099506116,-0.1253367725720785
0.01582006965823031,-0.1247789848261279
0.01567725799610064,-0.1242235145929479
0.01553571501631985,-0.1236703544720866
0.01539542981426145,-0.123119497055079
0.01525639157244637,-0.1225709349260034
0.01511858955996607,-0.1220246606620291
0.01498201313190732,-0.1214806668339562
0.01484665172877834,-0.1209389460067463
0.01471249487593688,-0.120399490740046
0.01457953218301973,-0.1198622935887013
0.01444775334337414,-0.1193273471032653
0.01431714813349086,-0.1187946438304966
0.01418770641243913,-0.1182641763138507
0.01405941812130346,-0.1177359370939639
0.01393227328262217,-0.1172099187091285
0.01380626199982814,-0.1166861136957618
0.01368137445669122,-0.1161645145888666
0.01355760091676276,-0.1156451139224851
0.01343493172282219,-0.1151279042301444
0.01331335729632559,-0.1146128780452963
0.01319286813685636,-0.1141000279017489
0.01307345482157801,-0.1135893463340914
0.01295510800468909,-0.1130808258781122
0.01283781841688027,-0.1125744590712098
0.01272157686479364,-0.112070238452797
0.0126063742304842,-0.111568156564699
0.01249220147088365,-0.1110682059515436
0.01237904961726637,-0.1105703791611462
0.01226690977471773,-0.1100746687448873
0.01215577312160472,-0.1095810672580843
0.01204563090904893,-0.1090895672603567
0.01193647446040181,-0.1086001613159851
0.01182829517072239,-0.1081128419942638
0.01172108450625734,-0.107627601869848
0.01161483400392342,-0.1071444335230941
0.01150953527079244,-0.1066633295403947
0.01140517998357858,-0.1061842825145076
0.01130175988812819,-0.105707285044879
0.01119926679891209,-0.1052323297379606
0.01109769259852031,-0.1047594092075221
0.01099702923715937,-0.1042885160749563
0.01089726873215204,-0.1038196429695812
0.0107984031674397,-0.103352782528934
0.01070042469308707,-0.1028879273990619
0.01060332552478967,-0.1024250702348064
0.01050709794338376,-0.1019642037000824
0.01041173429435878,-0.1015053204681531
0.0103172269873725,-0.1010484132218984
0.0102235684957686,-0.1005934746540795
0.01013075135609701,-0.1001404974675977
0.01003876816763665,-0.09968947437574886
0.009947611591920966,-0.09924039810247259
0.009857274352265941,-0.09879326138259685
0.009767749233300777,-0.09834805696207796
0.009679029080501176,-0.09790477759823567
0.009591106799725267,-0.09746341605998392
0.009503975356752134,-0.0970239651280568
0.009417627776822994,-0.09658641759523028
0.009332057144185007,-0.0961507662665393
0.009247256601637711,-0.09571700395949082
0.009163219350082085,-0.09528512350427198
0.009079938648072309,-0.09485511774395491
0.008997407811370079,-0.09442697953469642
0.008915620212501649,-0.09400070174593421
0.008834569280317436,-0.09357627726057875
0.008754248499554336,-0.09315369897520111
0.008674651410400618,-0.09273295980021695
0.00859577160806353,-0.09231405266006655
0.008517602742339472,-0.09189697049339092
0.008440138517186856,-0.09148170625320429
0.008363372690301558,-0.09106825290706239
0.00828729907269507,-0.09065660343722777
0.008211911528275204,-0.09024675084083074
0.008137203973429475,-0.08983868813002713
0.008063170376611103,-0.08943240833215241
0.007989804757927613,-0.08902790448987222
0.007917101188732062,-0.08862516966132951
0.007845053791216892,-0.08822419692028828
0.00777365673801037,-0.08782497935627402
0.007702904251775652,-0.08742751007471063
0.007632790604812422,-0.08703178219705436
0.00756331011866114,-0.0866377888609243
0.007494457163709877,-0.08624552322022978
0.007426226158803719,-0.08585497844529472
0.007358611570856749,-0.08546614772297861
0.007291607914466626,-0.08507902425679502
0.007225209751531675,-0.08469360126702635
0.00715941169087058,-0.08430987199083631
0.007094208387844592,-0.08392782968237907
0.007029594543982299,-0.08354746761290562
0.006965564906606928,-0.08316877907086753
0.006902114268466162,-0.08279175736201762
0.006839237467364483,-0.08241639580950795
0.006776929385798027,-0.08204268775398532
0.006715184950591933,-0.08167062655368378
0.006653999132540205,-0.08130020558451473
0.00659336694604804,-0.08093141824015444
0.00653328344877663,-0.08056425793212876
0.006473743741290459,-0.08019871808989569
0.006414742966707041,-0.07983479216092519
0.006356276310349094,-0.07947247361077663
0.006298338999399192,-0.0791117559231739
0.006240926302556806,-0.07875263260007795
0.0061840335296978,-0.07839509716175734
0.006127656031536331,-0.07803914314685617
0.006071789199289133,-0.07768476411245985
0.006016428464342228,-0.07733195363415876
0.005961569297919973,-0.07698070530610948
0.005907207210756536,-0.07663101274109407
0.00585333775276968,-0.07628286957057712
0.005799956512736937,-0.0759362694447607
0.00574705911797411,-0.07559120603263729
0.005694641234016105,-0.07524767302204068
0.00564269856430005,-0.07490566411969456
0.005591226849850824,-0.07456517305125987
0.005540221868968768,-0.07422619356137945
0.005489679436919752,-0.07388871941372115
0.005439595405627494,-0.07355274439101896
0.005389965663368161,-0.07321826229511236
0.005340786134467208,-0.07288526694698381
0.005292052778998476,-0.07255375218679438
0.005243761592485518,-0.07222371187391778
0.005195908605605125,-0.07189513988697235
0.005148489883893112,-0.07156803012385182
0.005101501527452248,-0.07124237650175386
0.005054939670662402,-0.07091817295720727
0.005008800481892874,-0.07059541344609764
0.004963080163216857,-0.07027409194369102
0.004917774950128082,-0.06995420244465642
0.004872881111259599,-0.06963573896308653
0.004828394948104661,-0.06931869553251691
0.004784312794739776,-0.06900306620594381
0.004740631017549816,-0.06868884505584047
0.004697346014955246,-0.06837602617417182
0.004654454217141434,-0.06806460367240794
0.004611952085790028,-0.06775457168153604
0.004569836113812393,-0.06744592435207104
0.004528102825085096,-0.06713865585406482
0.004486748774187432,-0.06683276037711415
0.004445770546140954,-0.06652823213036718
0.004405164756151055,-0.06622506534252888
0.004364928049350504,-0.06592325426186496
0.004325057100545003,-0.06562279315620471
0.00428554861396071,-0.06532367631294252
0.004246399322993721,-0.06502589803903826
0.004207605989961515,-0.06472945266101633
0.004169165405856344,-0.0644343345249639
0.004131074390100525,-0.06414053799652744
0.004093329790303691,-0.06384805746090873
0.004055928482021915,-0.06355688732285934
0.004018867368518738,-0.06326702200667417
0.003982143380528081,-0.06297845595618393
0.003945753476019039,-0.06269118363474663
0.003909694639962498,-0.06240519952523785
0.003873963884099639,-0.06212049813004022
0.003838558246712257,-0.06183707397103177
0.003803474792394906,-0.06155492158957334
0.00376871061182885,-0.06127403554649505
0.00373426282155783,-0.06099441042208181
0.003700128563765598,-0.06071604081605786
0.003666305006055247,-0.06043892134757057
0.0036327893412303,-0.06016304665517317
0.003599578787077537,-0.05988841139680662
0.003566670586151594,-0.05961501024978084
0.003534062005561261,-0.05934283791075473
0.003501750336757521,-0.05907188909571573
0.003469732895323285,-0.05880215853995835
0.00343800702076483,-0.05853364099806198
0.00340657007630491,-0.05826633124386787
0.00337541944867756,-0.05800022407045552
0.003344552547924535,-0.05773531429011802
0.003313966807193423,-0.0574715967343369
0.003283659682537382,-0.05720906625375615
0.003253628652716521,-0.05694771771815568
0.003223871219000868,-0.05668754601642381
0.003194384904974981,-0.0564285460565293
0.003165167256344126,-0.05617071276549278
0.003136215840742044,-0.05591404108935718
0.003107528247540301,-0.05565852599315796
0.003079102087659184,-0.05540416246089238
0.003050934993380155,-0.05515094549548832
0.003023024618159847,-0.05489887011877244
0.002995368636445581,-0.05464793137143784
0.002967964743492404,-0.05439812431301092
0.002940810655181635,-0.05414944402181804
0.002913904107840901,-0.05390188559495121
0.002887242858065671,-0.05365544414823363
0.002860824682542243,-0.0534101148161844
0.002834647377872223,-0.05316589275198288
0.002808708760398427,-0.05292277312743247
0.002783006666032251,-0.05268075113292397
0.002757538950082458,-0.0524398219773984
0.002732303487085392,-0.05219998088830927
0.002707298170636607,-0.05196122311158461
0.002682520913223884,-0.05172354391158827
0.002657969646061658,-0.05148693857108104
0.002633642318926811,-0.05125140239118114
0.002609536899995835,-0.05101693069132438
0.002585651375683368,-0.05078351880922388
0.002561983750482068,-0.05055116210082943
0.002538532046803829,-0.05031985594028642
0.002515294304822331,-0.05008959571989435
0.002492268582316911,-0.0498603768500651
0.002469452954517735,-0.04963219475928057
0.002446845513952282,-0.04940504489405038
0.002424444370293111,-0.04917892271886876
0.002402247650206912,-0.04895382371617141
0.002380253497204823,-0.04872974338629198
0.002358460071494023,-0.04850667724741813
0.002336865549830555,-0.04828462083554733
0.002315468125373412,-0.04806356970444238
0.002294266007539839,-0.04784351942558664
0.002273257421861878,-0.04762446558813892
0.002252440609844105,-0.04740640379888807
0.002231813828822588,-0.04718932968220744
0.002211375351825035,-0.04697323888000886
0.002191123467432128,-0.04675812705169655
0.002171056479640034,-0.04654398987412066
0.002151172707724091,-0.04633082304153072
0.002131470486103633,-0.04611862226552851
0.002111948164207999,-0.04590738327502121
0.002092604106343647,-0.04569710181617386
0.002073436691562423,-0.04548777365236186
0.002054444313530949,-0.04527939456412321
0.002035625380401123,-0.04507196034911051
0.002016978314681716,-0.04486546682204277
0.001998501553111098,-0.04465990981465716
0.001980193546530997,-0.0444552851756602
0.001962052759761405,-0.04425158877067939
0.001944077671476505,-0.04404881648221404
0.001926266774081681,-0.04384696420958639
0.001908618573591576,-0.04364602786889223
0.001891131589509206,-0.04344600339295165
0.001873804354706107,-0.04324688673125954
0.0018566354153035,-0.04304867384993574
0.001839623330554503,-0.04285136073167552
0.001822766672727329,-0.04265494337569942
0.001806064026989511,-0.04245941779770332
0.00178951399129311,-0.04226478002980822
0.00177311517626092,-0.04207102612050998
0.001756866205073653,-0.04187815213462891
0.001740765713358094,-0.04168615415325921
0.001724812349076223,-0.04149502827371849
0.001709004772415303,-0.04130477060949696
0.001693341655678903,-0.04111537729020671
0.001677821683178876,-0.04092684446153076
0.001662443551128268,-0.04073916828517219
0.00164720596753515,-0.04055234493880307
0.001632107652097381,-0.04036637061601335
0.001617147336098265,-0.04018124152625968
0.001602323762303136,-0.03999695389481422
0.001587635684856819,-0.0398135039627133
0.001573081869181996,-0.03963088798670611
0.001558661091878447,-0.03944910223920325
0.001544372140623169,-0.03926814300822534
0.001530213814071368,-0.03908800659735149
0.001516184921758304,-0.03890868932566782
0.001502284284001996,-0.03873018752771586
0.001488510731806773,-0.03855249755344093
0.001474863106767669,-0.03837561576814064
0.001461340260975641,-0.03819953855241307
0.001447941056923631,-0.0380242623021053
0.001434664367413427,-0.03784978342826154
0.001421509075463356,-0.03767609835707157
0.001408474074216771,-0.03750320352981903
0.001395558266851343,-0.0373310954028296
0.001382760566489145,-0.03715977044741945
0.001370079896107522,-0.03698922514984335
0.001357515188450744,-0.03681945601124315
0.001345065385942423,-0.03665045954759588
0.001332729440598714,-0.03648223228966226
0.001320506313942257,-0.0363147707829348
0.001308394976916891,-0.03614807158758639
0.001296394409803103,-0.03598213127841837
0.001284503602134226,-0.03581694644480918
0.001272721552613367,-0.03565251369066254
0.001261047269031075,-0.035488829634356
0.001249479768183721,-0.03532589090868934
0.001238018075792599,-0.03516369416083313
0.001226661226423737,-0.03500223605227708
0.001215408263408422,-0.03484151325877882
0.001204258238764413,-0.03468152247031236
0.001193210213117853,-0.03452226039101675
0.001182263255625866,-0.03436372373914479
0.001171416443899844,-0.03420590924701176
0.001160668863929392,-0.03404881366094414
0.00115001961000697,-0.03389243374122858
0.001139467784653172,-0.03373676626206058
0.001129012498542686,-0.03358180801149367
0.001118652870430895,-0.03342755579138821
0.001108388027081129,-0.03327400641736057
0.001098217103192563,-0.03312115671873218
0.001088139241328747,-0.03296900353847879
0.001078153591846771,-0.03281754373317965
0.001068259312827057,-0.03266677417296687
0.001058455570003768,-0.03251669174147481
0.001048741536695837,-0.03236729333578955
0.001039116393738603,-0.03221857586639836
0.001029579329416054,-0.03207053625713941
0.001020129539393674,-0.03192317144515142
0.001010766226651876,-0.03177647838082338
0.001001488601420031,-0.03163045402774448
0.0009922958811110852,-0.03148509536265398
0.0009831872902567474,-0.03134039937539126
0.0009741620604432584,-0.03119636306884589
0.0009652194302477304,-0.03105298345890782
0.0009563586451750491,-0.03091025757441772
0.0009475789575953361,-0.03076818245711727
0.000938879626681966,-0.03062675516159959
0.000930259918350141,-0.03048597275525995
0.000921719105195999,-0.0303458323182462
0.0009132564664362784,-0.03020633094340971
0.0009048712878485023,-0.03006746573625602
0.0008965628617117105,-0.02992923381489593
0.0008883304867477105,-0.02979163230999646
0.0008801734680628514,-0.029654658364732
0.0008720911170903191,-0.02951830913473553
0.0008640827515329439,-0.02938258178804999
0.0008561476953065184,-0.02924747350507972
0.0008482852784836184,-0.02911298147854195
0.0008404948372379275,-0.02897910291341856
0.000832775713789055,-0.02884583502690775
0.0008251272563478493,-0.02871317504837598
0.0008175488190621959,-0.02858112021930991
0.0008100397619633,-0.02844966779326849
0.0008025994509124508,-0.0283188150358352
0.0007952272575482565,-0.02818855922457032
0.0007879225592343559,-0.02805889764896343
0.000780684739007591,-0.02792982761038585
0.0007735131855266487,-0.02780134642204339
0.0007664072930211555,-0.02767345140892909
0.000759366461241234,-0.02754613990777612
0.000752390095407503,-0.02741940926701076
0.0007454776061615296,-0.02729325684670558
0.0007386284095167233,-0.02716768001853265
0.0007318419268096699,-0.02704267616571691
0.000725117584651898,-0.02691824268298967
0.0007184548148820824,-0.02679437697654221
0.0007118530545186701,-0.02667107646397952
0.0007053117457129359,-0.0265483385742742
0.0006988303357024489,-0.02642616074772026
0.0006924082767649711,-0.02630454043588746
0.0006860450261727554,-0.0261834751015754
0.000679740046147258,-0.02606296221876788
0.0006734928038142601,-0.0259429992725874
0.0006673027711593853,-0.02582358375924977
0.0006611694249840226,-0.0257047131860188
0.0006550922468616397,-0.02558638507116121
0.0006490707230944909,-0.02546859694390157
0.0006431043446707144,-0.02535134634437745
0.0006371926072218102,-0.02523463082359463
0.0006313350109805059,-0.02511844794338249
0.0006255310607389953,-0.02500279527634953
0.000619780265807555,-0.02488767040583892
0.0006140821399735334,-0.0247730709258844
0.000608436201460705,-0.02465899444116603
0.000602841972888994,-0.02454543856696631
0.0005972989812345551,-0.02443240092912629
0.0005918067577902189,-0.02431987916400188
0.0005863648381262873,-0.02420787091842024
0.0005809727620516851,-0.02409637384963636
0.0005756300735754614,-0.02398538562528977
0.0005703363208686321,-0.02387490392336124
0.0005650910562263743,-0.02376492643212992
0.0005598938360305522,-0.02365545085013024
0.0005547442207125868,-0.02354647488610923
0.000549641774716656,-0.02343799625898388
0.0005445860664632282,-0.02333001269779856
0.000539576668312923,-0.02322252194168272
0.0005346131565306979,-0.02311552173980856
0.0005296951112503588,-0.02300900985134902
0.000524822116439387,-0.02290298404543572
0.0005199937598640871,-0.02279744210111717
0.0005152096330550467,-0.02269238180731706
0.0005104693312729077,-0.02258780096279267
0.000505772453474447,-0.02248369737609349
0.0005011186022789616,-0.02238006886551986
0.0004965073839349591,-0.02227691325908186
0.0004919384082871458,-0.02217422839445823
0.0004874112887437167,-0.02207201211895558
0.0004829256422439353,-0.02197026228946752
0.0004784810892260104,-0.02186897677243413
0.0004740772535952619,-0.02176815344380146
0.0004697137626925708,-0.02166779018898116
0.0004653902472631193,-0.02156788490281028
0.0004611063414254092,-0.02146843548951126
0.0004568616826405613,-0.0213694398626519
0.0004526559116818921,-0.02127089594510564
0.0004484886726047657,-0.02117280166901185
0.0004443596127167179,-0.02107515497573634
0.0004402683825478494,-0.02097795381583195
0.0004362146358214878,-0.02088119614899929
0.0004321980294251137,-0.02078487994404766
0.0004282182233815514,-0.02068900317885604
0.0004242748808204177,-0.02059356384033425
0.0004203676679498294,-0.02049855992438425
0.0004164962540283696,-0.02040398943586156
0.0004126603113373026,-0.02030985038853683
0.0004088595151530446,-0.02021614080505756
0.0004050935437198798,-0.02012285871690989
0.000401362078222928,-0.02003000216438063
0.0003976648027613503,-0.01993756919651929
0.0003940014043218038,-0.01984555787110043
0.0003903715727521328,-0.01975396625458594
0.0003867750007352989,-0.01966279242208759
0.0003832113837635473,-0.0195720344573297
0.0003796804201128073,-0.01948169045261192
0.0003761818108173244,-0.01939175850877209
0.0003727152596445221,-0.01930223673514938
0.0003692804730700905,-0.01921312324954742
0.0003658771602533033,-0.01912441617819766
0.0003625050330125544,-0.01903611365572277
0.0003591638058011202,-0.01894821382510032
0.0003558531956831386,-0.0188607148376264
0.000352572922309807,-0.01877361485287958
0.0003493227078957959,-0.01868691203868484
0.0003461022771958765,-0.01860060457107769
0.0003429113574817593,-0.01851469063426849
0.0003397496785191439,-0.01842916842060677
0.0003366169725449759,-0.01834403613054583
0.0003335129742449105,-0.01825929197260729
0.0003304374207309809,-0.018174934163346
0.0003273900515194684,-0.0180909609273149
0.0003243706085089735,-0.01800737049703007
0.0003213788359586866,-0.01792416111293593
0.0003184144804668555,-0.01784133102337055
0.0003154772909494469,-0.01775887848453112
0.000312567018619005,-0.01767680176043949
0.0003096834169636972,-0.01759509912290792
0.000306826241726555,-0.01751376885150489
0.0003039952508848989,-0.01743280923352109
0.0003011902046299539,-0.01735221856393553
0.000298410865346647,-0.01727199514538173
0.00029565699759359,-0.01719213728811412
0.0002929283680832433,-0.01711264330997451
0.0002902247456622605,-0.01703351153635872
0.0002875459012920104,-0.01695474030018333
0.000284891608029277,-0.0168763279418525
0.000282261641007135,-0.01679827280922509
0.0002796557774159974,-0.01672057325758167
0.0002770737964848368,-0.01664322764959184
0.0002745154794625776,-0.01656623435528162
0.0002719806095996558,-0.01648959175200094
0.0002694689721297474,-0.0164132982243913
0.0002669803542516629,-0.01633735216435352
0.0002645145451114062,-0.01626175197101563
0.0002620713357843961,-0.01618649605070091
0.0002596505192578501,-0.01611158281689603
0.0002572518904133287,-0.01603701069021928
0.0002548752460094371,-0.01596277809838904
0.0002525203846646849,-0.01588888347619221
0.0002501871068405023,-0.01581532526545291
0.0002478752148244103,-0.01574210191500125
0.0002455845127133436,-0.01566921188064221
0.0002433148063971241,-0.01559665362512459
0.0002410659035420888,-0.01552442561811027
0.000238837613574862,-0.01545252633614335
0.000236629747666278,-0.01538095426261964
0.0002344421187154487,-0.01530970788775609
0.0002322745413339767,-0.0152387857085604
0.0002301268318303121,-0.01516818622880085
0.0002279988081942521,-0.01509790795897611
0.0002258902900815802,-0.01502794941628521
0.0002238010987988469,-0.01495830912459772
0.0002217310572882883,-0.01488898561442391
0.0002196799901128809,-0.01481997742288513
0.0002176477234415351,-0.01475128309368428
0.0002156340850344206,-0.01468290117707641
0.0002136389042284269,-0.01461483022983938
0.0002116620119227564,-0.01454706881524471
0.0002097032405646484,-0.01447961550302856
0.0002077624241352322,-0.01441246886936272
0.0002058393981355105,-0.01434562749682584
0.0002039339995724699,-0.01427908997437471
0.0002020460669453174,-0.01421285489731565
0.0002001754402318429,-0.01414692086727606
0.0001983219608749057,-0.01408128649217608
0.0001964854717690442,-0.01401595038620029
0.0001946658172472078,-0.01395091116976964
0.000192862843067609,-0.01388616746951343
0.000191076396400696,-0.01382171791824137
0.0001893063258162437,-0.01375756115491585
0.0001875524812705627,-0.01369369582462426
0.0001858147140938242,-0.0136301205785514
0.0001840928769775008,-0.01356683407395207
0.0001823868239619222,-0.01350383497412373
0.0001806964104239437,-0.0134411219483793
0.0001790214930647272,-0.01337869367202
0.0001773619298976339,-0.01331654882630845
0.0001757175802362272,-0.01325468609844168
0.0001740883046823849,-0.01319310418152444
0.00017247396511452,-0.0131318017745425
0.0001708744246759087,-0.01307077758233612
0.0001692895477631249,-0.01301003031557356
0.0001677192000145805,-0.01294955869072483
0.0001661632482991696,-0.0128893614300354
0.0001646215607050162,-0.0128294372615001
0.000163094006528326,-0.01276978491883714
0.0001615804562623378,-0.01271040314146219
0.0001600807815863771,-0.01265129067446258
0.0001585948553550091,-0.01259244626857165
0.0001571225515872906,-0.01253386868014315
0.00015566374545612,-0.01247555667112576
0.0001542183132776845,-0.01241750900903778
0.0001527861325010042,-0.01235972446694179
0.0001513670816975697,-0.01230220182341958
0.0001499610405510769,-0.01224493986254705
0.0001485678898472532,-0.01218793737386928
0.0001471875114637779,-0.0121311931523757
0.0001458197883602943,-0.01207470599847536
0.0001444646045685121,-0.01201847471797229
0.0001431218451824016,-0.01196249812204095
0.0001417913963484763,-0.01190677502720186
0.0001404731452561645,-0.01185130425529723
0.0001391669801282691,-0.01179608463346678
0.0001378727902115139,-0.01174111499412356
0.0001365904657671767,-0.01168639417493001
0.0001353198980618077,-0.011631921018774
0.000134060979358033,-0.011577694373745
0.0001328136029054409,-0.01152371309311041
0.0001315776629315534,-0.01146997603529192
0.000130353054632878,-0.01141648206384199
0.0001291396741660429,-0.01136323004742046
0.000127937418639012,-0.01131021885977119
0.0001267461861023808,-0.01125744737969889
0.0001255658755407518,-0.01120491449104595
0.0001243963868641877,-0.01115261908266945
0.0001232376208997445,-0.01110056004841825
0.00012208947938308,-0.01104873628711012
0.0001209518649501401,-0.01099714670250903
0.0001198246811289204,-0.01094579020330249
0.0001187078323313041,-0.01089466570307907
0.0001176012238449732,-0.01084377212030589
0.000116504761825394,-0.01079310837830632
0.0001154183532878766,-0.01074267340523768
0.0001143419060997055,-0.01069246613406912
0.0001132753289723438,-0.01064248550255954
0.0001122185314537069,-0.01059273045323562
0.0001111714239205083,-0.01054319993336993
0.000110133917570674,-0.01049389289495917
0.0001091059244158277,-0.01044480829470245
0.0001080873572738432,-0.0103959450939797
0.0001070781297614655,-0.01034730225883019
0.0001060781562870002,-0.01029887875993105
0.0001050873520430677,-0.01025067357257601
0.0001041056329994256,-0.01020268567665414
0.0001031329158958557,-0.01015491405662867
0.000102169118235116,-0.01010735770151601
0.0001012141582759577,-0.01006001560486475
0.000100267955026205,-0.01001288676473473
9.933042823589993e-05,-0.00996597018367637
9.840149839050745e-05,-0.009919264868709875
9.748108670418491e-05,-0.009872769831304681
9.656911511311158e-05,-0.009826484087358908
9.566550626887985e-05,-0.009780406657178942
9.477018353194663e-05,-0.009734536565459086
9.388307096514471e-05,-0.009688872841261303
9.300409332725329e-05,-0.009643414517995049
9.213317606662735e-05,-0.009598160633397173
9.127024531488566e-05,-0.009553110229511949
9.041522788065581e-05,-0.009508262352671128
8.956805124337695e-05,-0.009463616053474139
8.872864354715901e-05,-0.009419170386768322
8.78969335946982e-05,-0.009374924411629293
8.707285084124804e-05,-0.009330877191341361
8.625632538864544e-05,-0.009287027793378025
8.544728797939184e-05,-0.009243375289382598
8.464566999078801e-05,-0.009199918755148863
8.385140342912212e-05,-0.009156657270601816
8.306442092391278e-05,-0.009113589919778559
8.228465572220224e-05,-0.009070715790809175
8.15120416829039e-05,-0.009028033975897774
8.074651327120003e-05,-0.00898554357130355
7.998800555299183e-05,-0.008943243677321976
7.923645418939945e-05,-0.008901133398266028
7.849179543131293e-05,-0.008859211842447548
7.775396611399256e-05,-0.008817478122158631
7.702290365171892e-05,-0.008775931353653125
7.629854603249172e-05,-0.008734570657128207
7.558083181277716e-05,-0.008693395156706018
7.48697001123035e-05,-0.00865240398041542
7.416509060890386e-05,-0.008611596260173767
7.346694353340685e-05,-0.008570971131768832
7.277519966457324e-05,-0.008530527734840736
7.208980032407945e-05,-0.008490265212864006
7.141068737154679e-05,-0.008450182713129693
7.073780319961622e-05,-0.008410279386727573
7.007109072906806e-05,-0.008370554388528403
6.94104934039866e-05,-0.008331006877166289
6.87559551869688e-05,-0.008291636015021107
6.810742055437671e-05,-0.008252440968200993
6.746483449163368e-05,-0.008213420906524922
6.682814248856337e-05,-0.008174575003505375
6.619729053477163e-05,-0.008135902436331048
6.557222511507015e-05,-0.008097402385849651
6.495289320494292e-05,-0.008059074036550802
6.433924226605312e-05,-0.00802091657654895
6.37312202417919e-05,-0.007982929197566416
6.312877555286779e-05,-0.007945111094916484
6.253185709293607e-05,-0.007907461467486551
6.194041422426868e-05,-0.007869979517721403
6.135439677346338e-05,-0.007832664451606486
6.077375502719252e-05,-0.007795515478651326
6.019843972799043e-05,-0.007758531811872963
5.962840207007952e-05,-0.00772171266777948
5.90635936952348e-05,-0.007685057266353621
5.850396668868568e-05,-0.007648564831036432
5.794947357505607e-05,-0.007612234588711021
5.7400067314341e-05,-0.007576065769686355
5.685570129792044e-05,-0.007540057607681148
5.631632934460959e-05,-0.007504209339807809
5.578190569674514e-05,-0.007468520206556449
5.525238501630764e-05,-0.007432989451778985
5.472772238107911e-05,-0.007397616322673276
5.420787328083618e-05,-0.007362400069767369
5.369279361357771e-05,-0.007327339946903765
5.318243968178728e-05,-0.007292435211223804
5.267676818872972e-05,-0.007257685123152072
5.217573623478162e-05,-0.007223088946380903
5.167930131379553e-05,-0.00718864594785494
5.118742130949721e-05,-0.007154355397755755
5.070005449191644e-05,-0.00712021656948656
5.021715951384967e-05,-0.007086228739656942
4.973869540735583e-05,-0.007052391188067705
4.9264621580284e-05,-0.007018703197695751
4.879489781283279e-05,-0.006985164054679047
4.83294842541412e-05,-0.00695177304830163
4.786834141891098e-05,-0.006918529470978698
4.741143018405976e-05,-0.006885432618241766
4.695871178540475e-05,-0.006852481788723864
4.651014781437706e-05,-0.006819676284144823
4.606570021476602e-05,-0.006787015409296618
4.562533127949317e-05,-0.006754498472028756
4.518900364741609e-05,-0.006722124783233753
4.475668030016144e-05,-0.006689893656832668
4.432832455898681e-05,-0.006657804409760668
4.390390008167159e-05,-0.00662585636195271
4.348337085943621e-05,-0.006594048836329233
4.30667012138897e-05,-0.006562381158781944
4.265385579400507e-05,-0.006530852658159651
4.224479957312259e-05,-0.006499462666254158
4.183949784598043e-05,-0.006468210517786232
4.143791622577249e-05,-0.006437095550391602
4.104002064123337e-05,-0.00640611710460706
4.064577733374977e-05,-0.006375274523856577
4.025515285449877e-05,-0.006344567154437521
3.986811406161189e-05,-0.006313994345506896
3.948462811736554e-05,-0.006283555449067667
3.910466248539695e-05,-0.00625324981995513
3.872818492794581e-05,-0.006223076815823342
3.835516350312113e-05,-0.006193035797131628
3.798556656219304e-05,-0.0061631261271311
3.761936274690975e-05,-0.006133347171851294
3.725652098683866e-05,-0.00610369830008681
3.689701049673228e-05,-0.006074178883384049
3.654080077391801e-05,-0.006044788296027977
3.6187861595712e-05,-0.00601552591502897
3.583816301685669e-05,-0.0059863911201097
3.549167536698182e-05,-0.005957383293692078
3.514836924808879e-05,-0.005928501820884261
3.480821553205802e-05,-0.005899746089467706
3.447118535817925e-05,-0.00587111548988429
3.413725013070442e-05,-0.00584260941522347
3.380638151642308e-05,-0.005814227261209511
3.347855144225984e-05,-0.005785968426188754
3.315373209289428e-05,-0.005757832311116971
3.283189590840212e-05,-0.005729818319546718
3.251301558191851e-05,-0.0057019258576148
3.219706405732263e-05,-0.00567415433402976
3.188401452694328e-05,-0.005646503160059412
3.157384042928594e-05,-0.005618971749518455
3.126651544678033e-05,-0.005591559518756118
3.096201350354884e-05,-0.005564265886643866
3.066030876319537e-05,-0.005537090274563159
3.036137562661451e-05,-0.005510032106393262
3.006518872982065e-05,-0.005483090808499098
2.977172294179729e-05,-0.005456265809719169
2.948095336236594e-05,-0.005429556541353519
2.91928553200745e-05,-0.005402962437151749
2.890740437010512e-05,-0.005376482933301073
2.862457629220136e-05,-0.005350117468414451
2.834434708861418e-05,-0.005323865483518746
2.80666929820668e-05,-0.005297726422042936
2.779159041373851e-05,-0.005271699729806392
2.751901604126674e-05,-0.005245784855007195
2.72489467367674e-05,-0.00521998124821049
2.698135958487374e-05,-0.005194288362336913
2.671623188079281e-05,-0.005168705652651049
2.645354112838014e-05,-0.005143232576749948
2.619326503823179e-05,-0.005117868594551684
2.593538152579413e-05,-0.005092613168283964
2.567986870949097e-05,-0.005067465762472799
2.542670490886767e-05,-0.005042425843931187
2.517586864275258e-05,-0.005017492881747882
2.492733862743527e-05,-0.004992666347276195
2.468109377486135e-05,-0.004967945714122833
2.443711319084411e-05,-0.004943330458136802
2.419537617329243e-05,-0.004918820057398346
2.395586221045502e-05,-0.004894413992207932
2.371855097918081e-05,-0.004870111745075287
2.348342234319529e-05,-0.004845912800708484
2.325045635139267e-05,-0.004821816646003053
2.301963323614387e-05,-0.004797822770031168
2.279093341161989e-05,-0.00477393066403086
2.256433747213065e-05,-0.004750139821395271
2.233982619047918e-05,-0.004726449737661976
2.21173805163308e-05,-0.004702859910502322
2.189698157459743e-05,-0.00467936983971083
2.167861066383661e-05,-0.004655979027194635
2.146224925466541e-05,-0.004632686976962975
2.124787898818878e-05,-0.004609493195116712
2.103548167444238e-05,-0.004586397189837913
2.082503929084981e-05,-0.004563398471379455
2.061653398069398e-05,-0.004540496552054699
2.040994805160246e-05,-0.004517690946227176
2.020526397404692e-05,-0.004494981170300345
2.000246437985625e-05,-0.004472366742707376
1.98015320607434e-05,-0.004449847183900975
1.96024499668458e-05,-0.00442742201634327
1.940520120527916e-05,-0.004405090764495704
1.92097690387046e-05,-0.004382852954809011
1.901613688390903e-05,-0.004360708115713209
1.882428831039845e-05,-0.004338655777607629
1.863420703900433e-05,-0.004316695472851004
1.844587694050277e-05,-0.004294826735751591
1.825928203424639e-05,-0.004273049102557328
1.807440648680877e-05,-0.004251362111446039
1.789123461064143e-05,-0.004229765302515676
1.770975086274314e-05,-0.004208258217774608
1.75299398433415e-05,-0.004186840401131931
1.735178629458666e-05,-0.004165511398387844
1.717527509925708e-05,-0.004144270757224044
1.70003912794772e-05,-0.00412311802719417
1.682711999544692e-05,-0.004102052759714284
1.665544654418283e-05,-0.004081074508053393
1.648535635827099e-05,-0.004060182827324003
1.631683500463122e-05,-0.004039377274472719
1.614986818329278e-05,-0.004018657408270882
1.598444172618136e-05,-0.003998022789305241
1.582054159591723e-05,-0.00397747297996867
1.565815388462446e-05,-0.003957007544450906
1.549726481275115e-05,-0.003936626048729353
1.533786072790049e-05,-0.003916328060559889
1.517992810367274e-05,-0.003896113149467749
1.502345353851765e-05,-0.003875980886738405
1.486842375459775e-05,-0.003855930845408513
1.471482559666188e-05,-0.003835962600256883
1.456264603092929e-05,-0.003816075727795489
1.441187214398395e-05,-0.003796269806260516
1.426249114167911e-05,-0.003776544415603442
1.411449034805191e-05,-0.00375689913748215
1.396785720424813e-05,-0.003737333555252093
1.382257926745672e-05,-0.003717847253957472
1.367864420985433e-05,-0.00369843982032247
1.353603981755942e-05,-0.003679110842742506
1.33947539895962e-05,-0.003659859911275533
1.325477473686802e-05,-0.003640686617633369
1.311609018114033e-05,-0.003621590555173057
1.297868855403294e-05,-0.003602571318888269
1.284255819602175e-05,-0.003583628505400739
1.270768755544956e-05,-0.00356476171295173
1.257406518754611e-05,-0.003545970541393536
1.244167975345715e-05,-0.003527254592181016
1.231052001928256e-05,-0.003508613468363167
1.218057485512324e-05,-0.003490046774574724
1.205183323413695e-05,-0.003471554117027797
1.192428423160283e-05,-0.003453135103503539
1.179791702399459e-05,-0.003434789343343851
1.167272088806226e-05,-0.003416516447443117
1.15486851999225e-05,-0.003398316028239965
1.142579943415724e-05,-0.003380187699709076
1.130405316292083e-05,-0.003362131077353012
1.118343605505529e-05,-0.003344145778194081
1.106393787521385e-05,-0.003326231420766231
1.094554848299262e-05,-0.003308387625106984
1.082825783207032e-05,-0.00329061401274939
1.071205596935592e-05,-0.003272910206714023
1.059693303414424e-05,-0.003255275831500997
1.04828792572794e-05,-0.003237710513082026
1.036988496032603e-05,-0.003220213878892509
1.025794055474809e-05,-0.003202785557823637
1.014703654109545e-05,-0.003185425180214548
1.003716350819794e-05,-0.0031681323778445
9.928312132366859e-06,-0.003150906783925076
9.820473176604042e-06,-0.003133748033092423
9.7136374898181e-06,-0.003116655761399519
9.60779600604809e-06,-0.003099629606308469
9.502939743694318e-06,-0.003082669206682829
9.399059804756348e-06,-0.003065774202779965
9.296147374078089e-06,-0.003048944236243439
9.194193718599877e-06,-0.003032178950095416
9.093190186617581e-06,-0.003015477988729118
8.993128207048537e-06,-0.002998840997901287
8.893999288704394e-06,-0.002982267624724691
8.795795019570679e-06,-0.002965757517660649
8.698507066093124e-06,-0.002949310326511597
8.60212717247054e-06,-0.002932925702413657
8.506647159954516e-06,-0.002916603297829277
8.412058926155388e-06,-0.002900342766539847
8.318354444354847e-06,-0.002884143763638384
8.225525762824933e-06,-0.002868005945522229
8.133565004153347e-06,-0.002851928969885763
8.042464364575137e-06,-0.002835912495713167
7.952216113310567e-06,-0.002819956183271197
7.862812591909227e-06,-0.002804059694101995
7.774246213600225e-06,-0.002788222691015916
7.68650946264852e-06,-0.002772444838084394
7.599594893717231e-06,-0.002756725800632824
7.513495131235947e-06,-0.002741065245233476
7.428202868774941e-06,-0.002725462839698439
7.343710868425248e-06,-0.002709918253072577
7.260011960184558e-06,-0.002694431155626526
7.177099041348904e-06,-0.002679001218849714
7.094965075909967e-06,-0.002663628115443396
7.013603093958159e-06,-0.002648311519313731
6.933006191091201e-06,-0.002633051105564864
6.853167527828347e-06,-0.002617846550492061
6.774080329030066e-06,-0.002602697531574839
6.69573788332317e-06,-0.002587603727470141
6.61813354253141e-06,-0.002572564818005529
6.541260721111375e-06,-0.002557580484172405
6.465112895593735e-06,-0.002542650408119248
6.389683604029736e-06,-0.00252777427314489
6.314966445442925e-06,-0.002512951763691798
6.240955079286042e-06,-0.002498182565339399
6.167643224903019e-06,-0.002483466364797412
6.095024660996115e-06,-0.002468802849899217
6.023093225098016e-06,-0.002454191709595242
5.951842813048979e-06,-0.002439632633946371
5.881267378478896e-06,-0.002425125314117379
5.811360932294269e-06,-0.002410669442370394
5.742117542170043e-06,-0.002396264712058368
5.673531332046251e-06,-0.002381910817618593
5.605596481629451e-06,-0.00236760745456622
5.538307225898851e-06,-0.002353354319487808
5.471657854617179e-06,-0.002339151110034899
5.405642711846153e-06,-0.002324997524917613
5.340256195466588e-06,-0.00231089326389826
5.275492756703054e-06,-0.002296838027784986
5.211346899653058e-06,-0.002282831518425429
5.147813180820722e-06,-0.0022688734387004
5.084886208654903e-06,-0.002254963492517595
5.022560643091716e-06,-0.002241101384805316
4.960831195101424e-06,-0.00222728682150622
4.899692626239666e-06,-0.002213519509571089
4.839139748202973e-06,-0.002199799156952623
4.779167422388525e-06,-0.002186125472599245
4.719770559458154e-06,-0.002172498166448943
4.660944118906488e-06,-0.002158916949423115
4.602683108633272e-06,-0.002145381533420448
4.544982584519783e-06,-0.002131891631310816
4.487837650009306e-06,-0.002118446956929187
4.43124345569166e-06,-0.00210504722506957
4.375195198891709e-06,-0.00209169215147896
4.319688123261861e-06,-0.002078381452851324
4.264717518378471e-06,-0.00206511484682159
4.210278719342156e-06,-0.002051892051959669
4.156367106381971e-06,-0.002038712787764488
4.102978104463409e-06,-0.002025576774658044
4.05010718290019e-06,-0.002012483733979482
3.997749854969845e-06,-0.00199943338797919
3.945901677532978e-06,-0.001986425459812909
3.894558250656276e-06,-0.001973459673535871
3.843715217239147e-06,-0.001960535754096945
3.793368262644021e-06,-0.001947653427332811
3.74351311433023e-06,-0.001934812419962151
3.694145541491471e-06,-0.001922012459579851
3.645261354696816e-06,-0.001909253274651237
3.596856405535217e-06,-0.00189653459450631
3.548926586263505e-06,-0.001883856149334017
3.501467829457829e-06,-0.001871217670176527
3.454476107668525e-06,-0.001858618888923532
3.407947433078368e-06,-0.001846059538306569
3.361877857164195e-06,-0.001833539351893345
3.31626347036186e-06,-0.001821058064082102
3.271100401734475e-06,-0.001808615410095976
3.226384818643972e-06,-0.001796211125977393
3.182112926425866e-06,-0.001783844948582469
3.13828096806727e-06,-0.001771516615575433
3.094885223888102e-06,-0.001759225865423071
3.051922011225439e-06,-0.001746972437389176
3.009387684121043e-06,-0.001734756071529023
2.96727863301197e-06,-0.001722576508683862
2.925591284424295e-06,-0.001710433490475421
2.884322100669877e-06,-0.001698326759300429
2.843467579546168e-06,-0.001686256058325156
2.803024254039045e-06,-0.001674221131479972
2.762988692028604e-06,-0.001662221723453912
2.723357495997932e-06,-0.001650257579689268
2.684127302744813e-06,-0.001638328446376195
2.645294783096337e-06,-0.001626434070447323
2.606856641626409e-06,-0.001614574199572401
2.568809616376104e-06,-0.00160274858215294
2.531150478576885e-06,-0.001590956967316885
2.493876032376613e-06,-0.001579199104913294
2.456983114568363e-06,-0.001567474745507033
2.420468594322015e-06,-0.001555783640373493
2.384329372918579e-06,-0.001544125541493314
2.348562383487246e-06,-0.001532500201547124
2.31316459074516e-06,-0.001520907373910303
2.278132990739835e-06,-0.001509346812647747
2.243464610594275e-06,-0.001497818272508657
2.20915650825469e-06,-0.001486321508921341
2.17520577224085e-06,-0.001474856277988028
2.141609521399027e-06,-0.001463422336479693
2.108364904657514e-06,-0.001452019441830908
2.075469100784688e-06,-0.001440647352134692
2.042919318149613e-06,-0.001429305826137385
2.010712794485152e-06,-0.001417994623233533
1.978846796653569e-06,-0.001406713503460788
1.947318620414604e-06,-0.001395462227494816
1.916125590196002e-06,-0.001384240556644229
1.885265058866469e-06,-0.001373048252845517
1.854734407511049e-06,-0.001361885078658007
1.824531045208885e-06,-0.001350750797258824
1.794652408813367e-06,-0.001339645172437873
1.765095962734629e-06,-0.001328567968592827
1.735859198724381e-06,-0.001317518950724134
1.706939635663077e-06,-0.001306497884430035
1.678334819349362e-06,-0.001295504535901591
1.650042322291822e-06,-0.001284538671917726
1.622059743502993e-06,-0.001273600059840287
1.594384708295617e-06,-0.001262688467609101
1.567014868081133e-06,-0.001251803663737064
1.539947900170383e-06,-0.001240945417305229
1.513181507576514e-06,-0.001230113497957907
1.486713418820054e-06,-0.001219307675897787
1.460541387736172e-06,-0.001208527721881061
1.434663193284064e-06,-0.00119777340721256
1.409076639358482e-06,-0.001187044503740912
1.383779554603381e-06,-0.001176340783853695
1.358769792227655e-06,-0.001165662020472618
1.334045229822973e-06,-0.001155007987048703
1.30960376918367e-06,-0.00114437845755748
1.2854433361287e-06,-0.001133773206494195
1.261561880325621e-06,-0.001123192008869028
1.237957375116613e-06,-0.001112634640202322
1.214627817346495e-06,-0.001102100876519822
1.191571227192744e-06,-0.001091590494347928
1.168785647997486e-06,-0.001081103270708953
1.146269146101462e-06,-0.001070638983116394
1.124019810679939e-06,-0.001060197409570219
1.102035753580558e-06,-0.001049778328552155
1.080315109163114e-06,-0.001039381519020989
1.058856034141231e-06,-0.001029006760407885
1.037656707425954e-06,-0.001018653832611703
1.016715329971207e-06,-0.001008322515994335
9.960301246211291e-07,-0.0009980125913760407
9.755993359592691e-07,-0.0009877238400308075
9.554212301596218e-07,-0.0009774560436817069
9.354940948394988e-07,-0.0009672089844962657
9.158162389142156e-07,-0.0009569824450818478
8.9638599245359e-07,-0.0009467762084810447
8.772017065402322e-07,-0.0009365900581670714
8.582617531296192e-07,-0.0009264237780391769
8.395645249119431e-07,-0.0009162771524180615
8.21108435175713e-07,-0.0009061499660413009
8.028919176731092e-07,-0.0008960420040587816
7.849134264870741e-07,-0.0008859530520281462
7.671714359001246e-07,-0.0008758828959102423
7.496644402648828e-07,-0.0008658313220645865
7.323909538763076e-07,-0.0008557981172448315
7.153495108456175e-07,-0.0008457830685942436
6.985386649758979e-07,-0.0008357859636411893
6.819569896393782e-07,-0.0008258065902946297
6.656030776563716e-07,-0.0008158447368396236
6.494755411758413e-07,-0.0008059001919328241
6.335730115576653e-07,-0.0007959727445980197
6.178941392564681e-07,-0.0007860621842216433
6.024375937071059e-07,-0.0007761683005483099
5.872020632117548e-07,-0.0007662908836763567
5.721862548286017e-07,-0.0007564297240533925
5.573888942621239e-07,-0.0007465846124718512
5.428087257549547e-07,-0.0007367553400645576
5.284445119813204e-07,-0.0007269416983002957
5.142950339420393e-07,-0.0007171434789793862
5.00359090861079e-07,-0.0007073604742292711
4.866355000836578e-07,-0.0006975924765001038
4.731230969758875e-07,-0.00068783927856035
4.598207348259392e-07,-0.0006781006734923887
4.467272847467362e-07,-0.0006683764546881265
4.338416355801551e-07,-0.0006586664158446143
4.211626938027342e-07,-0.0006489703509596718
4.086893834328765e-07,-0.0006392880543275186
3.964206459395423e-07,-0.0006296193205344114
3.843554401524214e-07,-0.000619963944454286
3.724927421735814e-07,-0.0006103217212444093
3.608315452905764e-07,-0.000600692446341031
3.493708598910213e-07,-0.0005910759154550484
3.381097133786091e-07,-0.0005814719245676705
3.270471500905802e-07,-0.0005718802699260937
3.161822312166222e-07,-0.0005623007480391778
3.055140347192019e-07,-0.0005527331556731299
2.950416552553236e-07,-0.0005431772898471964
2.847642040996992e-07,-0.0005336329478293552
2.746808090693319e-07,-0.0005240999271320165
2.64790614449502e-07,-0.0005145780255077285
2.550927809211508e-07,-0.0005050670409448868
2.455864854896564e-07,-0.0004955667716634506
2.362709214149929e-07,-0.0004860770161106618
2.271452981432714e-07,-0.0004765975729567713
2.18208841239653e-07,-0.0004671282410907679
2.094607923226291e-07,-0.0004576688196161124
2.009004089996662e-07,-0.0004482191078464771
1.925269648042051e-07,-0.0004387789053014888
1.843397491340129e-07,-0.0004293480117024764
1.763380671908818e-07,-0.0004199262269682234
1.685212399216669e-07,-0.0004105133512107232
1.608886039606629e-07,-0.0004011091847309407
1.534395115733086e-07,-0.0003917135280145746
1.46173330601222e-07,-0.0003823261817278271
1.390894444085535e-07,-0.0003729469467131752
1.321872518296582e-07,-0.0003635756239851465
1.254661671180818e-07,-0.0003542120147260998
1.189256198968514e-07,-0.0003448559202820047
1.125650551100756e-07,-0.0003355071421582319
1.0638393297584e-07,-0.0003261654820153396
1.003817289404028e-07,-0.0003168307416648694
9.455793363367948e-08,-0.0003075027230651408
8.891205282601777e-08,-0.0002981812283170499
8.344360738625737e-08,-0.0002888660596598738
7.815213324107011e-08,-0.0002795570194670743
7.303718133557851e-08,-0.0002702539102421067
6.809831759524903e-08,-0.0002609565346142307
6.333512288905564e-08,-0.0002516646953343235
5.874719299391216e-08,-0.0002423781952706957
5.433413856037001e-08,-0.0002330968374049108
5.009558507957747e-08,-0.0002238204248276055
4.603117285149877e-08,-0.000214548760734314
4.214055695438931e-08,-0.0002052816484212916
3.84234072155255e-08,-0.0001960188912813438
3.487940818318637e-08,-0.0001867602927996561
3.150825909988379e-08,-0.0001775056565496249
2.830967387683998e-08,-0.0001682547861886917
2.52833810697099e-08,-0.0001590074854541777
2.242912385554612e-08,-0.0001497635581591213
1.974666001100487e-08,-0.0001405228081881169
1.723576189179061e-08,-0.0001312850394931545
1.489621641333785e-08,-0.000122050056089461
1.272782503272878e-08,-0.0001128176620513439
1.073040373184489e-08,-0.0001035876615080354
8.903783001750685e-09,-9.435985863953662e-05
7.247807828309317e-09,-8.5134057672465e-05
5.76233767902784e-09,-7.591006287590141e-05
4.44724649113156e-09,-6.668767855723844e-05
3.302422660866149e-09,-5.746670905802902e-05
2.327769034026966e-09,-4.824695874983684e-05
1.523202897714415e-09,-3.902823203008648e-05
8.886559733148325e-10,-2.981033331791382e-05
4.240744107064215e-10,-2.05930670500191e-05
1.294187836893515e-10,-1.137623767651689e-05
4.664086640090686e-12,-2.15964965678902e-06
4.97997323893956e-11,7.056892544662672e-06
2.648295513238763e-10,1.627358446236543e-05
6.497717917110353e-10,2.549062163402125e-05
1.204659121247832e-09,3.470819960465579e-05
1.929538629832936e-09,4.392651393076643e-05
2.824471833562699e-09,5.31457601844687e-05
3.889534679951624e-09,6.236613395764678e-05
5.124817554377214e-09,7.158783086610083e-05
6.530425287750173e-09,8.08110465536966e-05
8.106477165410448e-09,9.003597669651547e-05
9.853106937249922e-09,9.926281700700523e-05
1.177046282906249e-08,0.0001084917632381311
1.385870755512262e-08,0.000117723011187528
1.611801833199349e-08,0.0001269567567016541
1.854858689356564e-08,0.0001361931956799442
2.115061950732769e-08,0.0001454325240789659
2.392433699187031e-08,0.0001546749379165752
2.686997473562531e-08,0.0001639206332760759
2.998778271684056e-08,0.0001731698063103769
3.327802552479329e-08,0.0001824226532461534
3.674098238224412e-08,0.0001916793703880111
4.037694716913094e-08,0.0002009401541226469
4.418622844750867e-08,0.0002102052009230169
4.816914948773362e-08,0.0002194747073525026
5.232604829589677e-08,0.0002287488700690813
5.665727764250692e-08,0.0002380278858294965
6.116320509242738e-08,0.0002473119514934321
6.584421303606744e-08,0.0002566012640276876
7.070069872183246e-08,0.000265896020510356
7.573307428983454e-08,0.0002751964181350041
8.094176680686763e-08,0.0002845026542148562
8.632721830264754e-08,0.0002938149261869773
9.188988580732385e-08,0.0003031334316164628
9.76302413902637e-08,0.0003124583682006288
1.035487722001114e-07,0.0003217899337732043
1.096459805061282e-07,0.0003311283263085283
1.159223837408164e-07,0.0003404737439257502
1.223785145438268e-07,0.0003498263848930295
1.290149208071611e-07,0.0003591864476317437
1.358321657216646e-07,0.0003685541307206954
1.4283082782482e-07,0.0003779296329003253
1.500115010498418e-07,0.0003873131530769274
1.573747947760783e-07,0.0003967048903268678
1.649213338807231e-07,0.0004061050439008075
1.726517587918433e-07,0.000415513813227928
1.805667255427264e-07,0.0004249313979201631
1.886669058275512e-07,0.0004343579977764308
1.969529870583879e-07,0.0004437938127868717
2.054256724235334e-07,0.0004532390431370917
2.140856809471834e-07,0.0004626938892124086
2.22933747550448e-07,0.0004721585516020993
2.319706231137198e-07,0.0004816332311036582
2.411970745403917e-07,0.0004911181287270538
2.506138848219383e-07,0.0005006134456989933
2.602218531043594e-07,0.0005101193834671906
2.700217947559962e-07,0.0005196361437046374
2.800145414367252e-07,0.0005291639283138843
2.902009411685303e-07,0.0005387029394313196
3.005818584074691e-07,0.0005482533794314591
3.111581741170285e-07,0.0005578154509312369
3.219307858428847e-07,0.0005673893567943039
3.329006077890698e-07,0.0005769753001353308
3.44068570895549e-07,0.0005865734843243151
3.554356229172218e-07,0.0005961841129908946
3.670027285043504e-07,0.0006058073900286688
3.787708692844153e-07,0.0006154435195995194
3.907410439454222e-07,0.0006250927061379447
4.029142683206456e-07,0.0006347551543553924
4.152915754748356e-07,0.0006444310692446035
4.278740157918815e-07,0.0006541206560839583
4.406626570639511e-07,0.0006638241204418333
4.536585845820984e-07,0.0006735416681809574
4.668629012283657e-07,0.0006832735054627811
4.80276727569372e-07,0.0006930198387518477
4.939012019514045e-07,0.0007027808748201728
5.077374805970188e-07,0.0007125568207516292
5.217867377031556e-07,0.0007223478839463405
5.36050165540782e-07,0.0007321542721250776
5.505289745560695e-07,0.000741976193333666
5.652243934731094e-07,0.0007518138559473976
5.80137669398185e-07,0.0007616674686754513
5.952700679255977e-07,0.0007715372405653171
6.106228732450668e-07,0.0007814233810072318
6.261973882507052e-07,0.0007913260997386199
6.419949346515822e-07,0.0008012456068485407
6.580168530838821e-07,0.0008111821127821441
6.742645032246716e-07,0.0008211358283451352
6.907392639072816e-07,0.0008311069647082442
7.074425332383122e-07,0.0008410957334117053
7.243757287162764e-07,0.0008511023463697419
7.415402873518899e-07,0.0008611270158750636
7.589376657900118e-07,0.0008711699546033663
7.765693404332556e-07,0.0008812313756178425
7.94436807567277e-07,0.000891311492373702
8.12541583487748e-07,0.0009014105187226977
8.308852046290237e-07,0.0009115286689176596
8.494692276945296e-07,0.0009216661576170413
8.682952297888576e-07,0.0009318231998894701
8.873648085516012e-07,0.0009420000112183109
9.066795822929242e-07,0.0009521968075062315
9.262411901308953e-07,0.0009624138050797863
9.460512921305781e-07,0.0009726512206940013
9.661115694449041e-07,0.0009829092715369712
9.86423724457332e-07,0.0009931881752344659
1.006989480926312e-06,0.001003488149854545
1.027810584131561e-06,0.001013809413912183
1.048888801022164e-06,0.001024152186373904
1.070225920366517e-06,0.001034516686662423
1.09182375290412e-06,0.001044903134661301
1.113684131499231e-06,0.001055311750719609
1.135808911296401e-06,0.001065742755656598
1.158199969877904e-06,0.001076196370766383
1.180859207423058e-06,0.001086672817822637
1.203788546869479e-06,0.001097172319083294
1.226989934076249e-06,0.001107695097295258
1.250465337989053e-06,0.001118241375699134
1.274216750807243e-06,0.001128811378033954
1.298246188152907e-06,0.00113940532854193
1.322555689241903e-06,0.001150023451973199
1.347147317056909e-06,0.0011606659735906
1.372023158522478e-06,0.001171333119174443
1.397185324682134e-06,0.0011820251150273
1.422635950877511e-06,0.001192742187978803
1.448377196929552e-06,0.001203484565390453
1.47441124732179e-06,0.001214252475160443
1.500740311385715e-06,0.001225046145728492
1.527366623488257e-06,0.001235865806080682
1.554292443221386e-06,0.001246711685754324
1.581520055593861e-06,0.001257584014842816
1.60905177122512e-06,0.001268483024000525
1.636889926541367e-06,0.001279408944447683
1.665036883973827e-06,0.001290362007975282
1.693495032159219e-06,0.001301342446949993
1.722266786142448e-06,0.001312350494319092
1.751354587581541e-06,0.001323386383615401
1.780760904954839e-06,0.001334450348962238
1.810488233770465e-06,0.001345542625078381
1.840539096778089e-06,0.001356663447283047
1.870916044182994e-06,0.00136781305150088
1.90162165386249e-06,0.001378991674266954
1.932658531584651e-06,0.001390199552731784
1.964029311229436e-06,0.001401436924666358
1.995736655012233e-06,0.001412704028467194
2.027783253709687e-06,0.001424001103161357
2.060171826888089e-06,0.001435328388411562
2.092905123134138e-06,0.00144668612452124
2.125985920288167e-06,0.001458074552439632
2.159417025679867e-06,0.001469493913766905
2.193201276366513e-06,0.00148094445075927
2.227341539373698e-06,0.001492426406334117
2.261840711938621e-06,0.001503940024075167
2.296701721755936e-06,0.001515485548237639
2.331927527226187e-06,0.001527063223753422
2.367521117706845e-06,0.001538673296236274
2.403485513765973e-06,0.001550316011987027
2.439823767438538e-06,0.001561991617998804
2.476538962485404e-06,0.001573700361962267
2.51363421465499e-06,0.001585442492270856
2.551112671947674e-06,0.001597218258026062
2.588977514882915e-06,0.001609027909042706
2.627231956769135e-06,0.001620871695854234
2.665879243976393e-06,0.001632749869718032
2.704922656211843e-06,0.001644662682620746
2.744365506798054e-06,0.00165661038728363
2.78421114295415e-06,0.001668593237167903
2.824462946079847e-06,0.001680611486480118
2.865124332042375e-06,0.001692665390177556
2.906198751466334e-06,0.001704755203973624
2.947689690026504e-06,0.001716881184343283
2.989600668743611e-06,0.001729043588528482
3.031935244283111e-06,0.00174124267454361
3.074697009256986e-06,0.001753478701180966
3.117889592528594e-06,0.001765751928016244
3.161516659520597e-06,0.001778062615414038
3.205581912525989e-06,0.001790411024533359
3.250089091022248e-06,0.00180279741733317
3.295041971988648e-06,0.001815222056577941
3.340444370226758e-06,0.001827685205843218
3.386300138684138e-06,0.00184018712952121
3.432613168781276e-06,0.001852728092826389
3.479387390741794e-06,0.00186530836180112
3.52662677392594e-06,0.001877928203321292
3.574335327167407e-06,0.00189058788510198
3.6225170991135e-06,0.001903287675703115
3.671176178568663e-06,0.00191602784453518
3.720316694841448e-06,0.001928808661864919
3.769942818094884e-06,0.001941630398821061
3.820058759700347e-06,0.001954493327400076
3.870668772594891e-06,0.001967397720471929
3.921777151642132e-06,0.001980343851785872
3.973388233996681e-06,0.00199333199597624
4.025506399472156e-06,0.002006362428568274
4.078136070912834e-06,0.002019435425983961
4.131281714568928e-06,0.002032551265547888
4.184947840475569e-06,0.002045710225493127
4.239139002835489e-06,0.002058912584967124
4.293859800405464e-06,0.002072158624037619
4.349114876886511e-06,0.002085448623698579
4.404908921317939e-06,0.002098782865876157
4.461246668475203e-06,0.002112161633434659
4.518132899271674e-06,0.002125585210182546
4.575572441164299e-06,0.002139053880878445
4.633570168563219e-06,0.00215256793123718
4.692131003245378e-06,0.002166127647935833
4.751259914772141e-06,0.002179733318619818
4.810961920910954e-06,0.002193385231908966
4.871242088061126e-06,0.002207083677403656
4.932105531683712e-06,0.002220828945690941
4.993557416735562e-06,0.002234621328350709
5.055602958107571e-06,0.002248461117961861
5.118247421067179e-06,0.002262348608108511
5.181496121705112e-06,0.002276284093386204
5.245354427386469e-06,0.002290267869408161
5.30982775720614e-06,0.002304300232811543
5.374921582448621e-06,0.002318381481263729
5.440641427052251e-06,0.002332511913468635
5.506992868077913e-06,0.002346691829173031
5.573981536182254e-06,0.002360921529172897
5.641613116095439e-06,0.002375201315319795
5.709893347103501e-06,0.002389531490527268
5.778828023535316e-06,0.002403912358777247
5.848422995254246e-06,0.002418344225126504
5.9186841681545e-06,0.002432827395713107
5.989617504662231e-06,0.002447362177762903
6.061229024241452e-06,0.002461948879596034
6.13352480390478e-06,0.002476587810633465
6.206510978729052e-06,0.002491279281403537
6.280193742375888e-06,0.002506023603548547
6.354579347617205e-06,0.002520821089831351
6.429674106865748e-06,0.002535672054141984
6.505484392710721e-06,0.002550576811504319
6.582016638458414e-06,0.002565535678082724
6.659277338678132e-06,0.002580548971188778
6.737273049753205e-06,0.002595617009287976
6.81601039043728e-06,0.002610740112006486
6.895496042415904e-06,0.002625918600137909
6.975736750873457e-06,0.002641152795650081
7.056739325065444e-06,0.002656443021691891
7.138510638896264e-06,0.002671789602600123
7.221057631502397e-06,0.002687192863906325
7.30438730784119e-06,0.002702653132343706
7.388506739285225e-06,0.002718170735854058
7.473423064222227e-06,0.002733746003594688
7.559143488660813e-06,0.002749379265945412
7.645675286841809e-06,0.002765070854515525
7.733025801855497e-06,0.002780821102150846
7.821202446264619e-06,0.002796630342940754
7.910212702733296e-06,0.002812498912225264
8.000064124661889e-06,0.002828427146602134
8.090764336827893e-06,0.002844415383933988
8.182321036032816e-06,0.002860463963355469
8.274741991755243e-06,0.002876573225280422
8.36803504681004e-06,0.002892743511409108
8.462208118013718e-06,0.002908975164735423
8.557269196856187e-06,0.00292526852955418
8.65322635017874e-06,0.002941623951468385
8.75008772085851e-06,0.002958041777396558
8.847861528499289e-06,0.002974522355580079
8.946556070128969e-06,0.002991066035590564
9.046179720903418e-06,0.003007673168337257
9.146740934817104e-06,0.003024344106074469
9.248248245420324e-06,0.003041079202409026
9.350710266543216e-06,0.003057878812307761
9.454135693026593e-06,0.003074743292105032
9.558533301459595e-06,0.003091672999510252
9.663911950924343e-06,0.003108668293615475
9.770280583747528e-06,0.003125729534902987
9.877648226259114e-06,0.003142857085252944
9.986023989558123e-06,0.003160051307951028
1.009541707028566e-05,0.003177312567696139
1.020583675140509e-05,0.00319464123060811
1.03172924029897e-05,0.003212037664235457
1.04297934830176e-05,0.003229502237563167
1.054334953817415e-05,0.003247035321020494
1.065797020466187e-05,0.003264637286488805
1.077366520901805e-05,0.003282308507309454
1.089044436893986e-05,0.003300049358291676
1.10083175941173e-05,0.003317860215720525
1.112729488707395e-05,0.003335741457364831
1.124738634401552e-05,0.003353693462485196
1.136860215568646e-05,0.003371716611842028
1.149095260823448e-05,0.003389811287703584
1.161444808408318e-05,0.003407977873854066
1.173909906281293e-05,0.003426216755601741
1.18649161220499e-05,0.003444528319787097
1.199190993836344e-05,0.00346291295479102
1.212009128817181e-05,0.003481371050543015
1.224947104865646e-05,0.003499902998529458
1.238006019868482e-05,0.003518509191801877
1.251186981974165e-05,0.003537190024985266
1.264491109686919e-05,0.003555945894286433
1.2779195319616e-05,0.003574777197502382
1.291473388299479e-05,0.00359368433402873
1.305153828844902e-05,0.003612667704868153
1.318962014482873e-05,0.003631727712638871
1.332899116937526e-05,0.00365086476158316
1.346966318871533e-05,0.003670079257575906
1.361164813986435e-05,0.003689371608133188
1.375495807123905e-05,0.003708742222420898
1.389960514367956e-05,0.003728191511263391
1.404560163148116e-05,0.003747719887152182
1.41929599234354e-05,0.00376732776425466
1.434169252388115e-05,0.003787015558422846
1.44918120537654e-05,0.003806783687202202
1.464333125171381e-05,0.003826632569840441
1.479626297511145e-05,0.003846562627296405
1.495062020119347e-05,0.003866574282248961
1.510641602814593e-05,0.003886667959105937
1.5263663676217e-05,0.003906844084013103
1.542237648883839e-05,0.003927103084863171
1.558256793375728e-05,0.003947445391304846
1.574425160417877e-05,0.003967871434751912
1.590744121991901e-05,0.003988381648392346
1.607215062856905e-05,0.004008976467197484
1.623839380666942e-05,0.004029656327931204
1.640618486089587e-05,0.004050421669159173
1.657553802925589e-05,0.004071272931258101
1.674646768229658e-05,0.004092210556425066
1.691898832432358e-05,0.004113234988686845
1.709311459463151e-05,0.004134346673909308
1.726886126874567e-05,0.00415554605980684
1.744624325967551e-05,0.004176833595951799
1.762527561917954e-05,0.00419820973378402
1.780597353904214e-05,0.004219674926620351
1.798835235236224e-05,0.004241229629664243
1.817242753485385e-05,0.004262874300015348
1.835821470615892e-05,0.004284609396679202
1.854572963117209e-05,0.004306435380576903
1.873498822137809e-05,0.004328352714554861
1.892600653620129e-05,0.00435036186339457
1.911880078436793e-05,0.004372463293822431
1.931338732528107e-05,0.004394657474519612
1.950978267040809e-05,0.004416944876131945
1.97080034846813e-05,0.004439325971279868
1.99080665879115e-05,0.004461801234568415
2.010998895621459e-05,0.004484371142597229
2.031378772345156e-05,0.004507036173970638
2.05194801826817e-05,0.004529796809307757
2.072708378762951e-05,0.004552653531252644
2.093661615416496e-05,0.004575606824484484
2.11480950617978e-05,0.00459865717572783
2.136153845518548e-05,0.00462180507376288
2.157696444565523e-05,0.0046450510094358
2.179439131274023e-05,0.00466839547566908
2.201383750572997e-05,0.004691838967471949
2.223532164523512e-05,0.004715381981950821
2.245886252476681e-05,0.004739025018319792
2.268447911233065e-05,0.004762768577911176
2.291219055203549e-05,0.004786613164186093
2.314201616571714e-05,0.004810559282745088
2.337397545457713e-05,0.004834607441338808
2.360808810083665e-05,0.004858758149878718
2.384437396940595e-05,0.004883011920447866
2.408285310956909e-05,0.004907369267311681
2.432354575668432e-05,0.004931830706928832
2.45664723339004e-05,0.004956396757962125
2.48116534538886e-05,0.004981067941289447
2.505910992059098e-05,0.005005844780014755
2.530886273098472e-05,0.005030727799479115
2.556093307686287e-05,0.005055717527271784
2.58153423466317e-05,0.005080814493241337
2.607211212712441e-05,0.005106019229506841
2.633126420543239e-05,0.005131332270469116
2.659282057075224e-05,0.005156754152821941
2.685680341625108e-05,0.005182285415563421
2.71232351409486e-05,0.005207926600007347
2.739213835161656e-05,0.005233678249794601
2.766353586469607e-05,0.005259540910904633
2.793745070823248e-05,0.00528551513166696
2.821390612382829e-05,0.005311601462772742
2.849292556861414e-05,0.00533780045728638
2.877453271723807e-05,0.005364112670657186
2.905875146387315e-05,0.005390538660731088
2.934560592424385e-05,0.005417078987762389
2.963512043767102e-05,0.005443734214425578
2.992731956913593e-05,0.005470504905827189
3.022222811136347e-05,0.005497391629517717
3.051987108692442e-05,0.005524394955503566
3.08202737503575e-05,0.005551515456259079
3.112346159031085e-05,0.005578753706738583
3.142946033170342e-05,0.005606110284388515
3.173829593790646e-05,0.005633585769159588
3.204999461294512e-05,0.005661180743519009
3.236458280372029e-05,0.005688895792462737
3.268208720225151e-05,0.005716731503527834
3.300253474794003e-05,0.005744688466804813
3.332595262985326e-05,0.005772767274950081
3.365236828903022e-05,0.005800968523198412
3.398180942080839e-05,0.005829292809375498
3.431430397717202e-05,0.005857740733910522
3.464988016912221e-05,0.005886312899848808
3.498856646906903e-05,0.005915009912864515
3.533039161324569e-05,0.005943832381273394
3.567538460414504e-05,0.005972780916045589
3.602357471297869e-05,0.006001856130818498
3.637499148215896e-05,0.006031058641909696
3.672966472780353e-05,0.006060389068329897
3.708762454226365e-05,0.006089848031795988
3.744890129667544e-05,0.006119436156744109
3.781352564353502e-05,0.0061491540703428
3.818152851929726e-05,0.006179002402506183
3.855294114699885e-05,0.006208981785907232
3.892779503890533e-05,0.006239092855991064
3.930612199918295e-05,0.006269336250988323
3.968795412659495e-05,0.006299712611928594
4.007332381722303e-05,0.006330222582653889
4.046226376721386e-05,0.006360866809832186
4.085480697555104e-05,0.00639164594297103
4.125098674685272e-05,0.006422560634431186
4.165083669419511e-05,0.00645361153944036
4.20543907419621e-05,0.00648479931610697
4.246168312872123e-05,0.006516124625433978
4.287274841012632e-05,0.006547588131332794
4.32876214618469e-05,0.006579190500637222
4.370633748252473e-05,0.006610932403117475
4.412893199675769e-05,0.006642814511494244
4.455544085811141e-05,0.006674837501452852
4.498590025215844e-05,0.006707002051657428
4.542034669954583e-05,0.006739308843765177
4.585881705909098e-05,0.006771758562440699
4.630134853090603e-05,0.006804351895370362
4.674797865955134e-05,0.006837089533276756
4.719874533721795e-05,0.00686997216993319
4.765368680693961e-05,0.006903000502178259
4.811284166583434e-05,0.006936175229930483
4.85762488683763e-05,0.006969497056202992
4.90439477296975e-05,0.007002966687118294
4.951597792892033e-05,0.007036584831923088
4.99923795125208e-05,0.007070352203003148
5.047319289772287e-05,0.00710426951589828
5.09584588759243e-05,0.007138337489317334
5.144821861615394e-05,0.007172556845153279
5.19425136685612e-05,0.007206928308498358
5.244138596793765e-05,0.007241452607659282
5.294487783727116e-05,0.007276130474172515
5.345303199133326e-05,0.007310962642819631
5.396589154029895e-05,0.007345949851642687
5.448349999340069e-05,0.00738109284195973
5.500590126261571e-05,0.007416392358380318
5.553313966638775e-05,0.007451849148821153
5.606525993338279e-05,0.007487463964521725
5.660230720627994e-05,0.007523237560060088
5.714432704559692e-05,0.007559170693368646
5.769136543355144e-05,0.007595264125750063
5.824346877795765e-05,0.007631518621893179
5.880068391615912e-05,0.007667934949889058
5.936305811899788e-05,0.007704513881247061
5.993063909482034e-05,0.007741256190911009
6.050347499351997e-05,0.00777816265727541
6.10816144106175e-05,0.007815234062201753
6.166510639137897e-05,0.007852471191034877
6.225400043497148e-05,0.007889874832619419
6.284834649865776e-05,0.007927445779316322
6.344819500202911e-05,0.007965184827019403
6.405359683127767e-05,0.008003092775172024
6.466460334350802e-05,0.008041170426783806
6.52812663710891e-05,0.008079418588447443
6.590363822604541e-05,0.008117838070355553
6.653177170448974e-05,0.008156429686317634
6.716572009109621e-05,0.008195194253777079
6.780553716361505e-05,0.008234132593828266
6.845127719742873e-05,0.008273245531233724
6.910299497015046e-05,0.00831253389444137
6.9760745766265e-05,0.008351998515601826
7.042458538181244e-05,0.008391640230585808
7.109457012911529e-05,0.008431459879001586
7.17707568415489e-05,0.008471458304212521
7.245320287835648e-05,0.008511636353354692
7.314196612950812e-05,0.008551994877354571
7.383710502060502e-05,0.008592534730946811
7.453867851782868e-05,0.008633256772692071
7.524674613293626e-05,0.00867416186499495
7.596136792830149e-05,0.00871525087412198
7.668260452200272e-05,0.008756524670219713
7.74105170929576e-05,0.008797984127332863
7.814516738610512e-05,0.008839630123422548
7.888661771763589e-05,0.008881463540384601
7.963493098027036e-05,0.008923485264067966
8.03901706485857e-05,0.008965696184293152
8.115240078439247e-05,0.009008097194870814
8.192168604216023e-05,0.009050689193620353
8.269809167449345e-05,0.009093473082388646
8.348168353765838e-05,0.00913644976706883
8.427252809716037e-05,0.009179620157619186
8.507069243337309e-05,0.009222985168082079
8.587624424721942e-05,0.009266545716603
8.668925186590505e-05,0.009310302725449693
8.750978424870481e-05,0.009354257121031341
8.833791099280262e-05,0.009398409833917867
8.917370233918507e-05,0.009442761798859282
9.001722917858961e-05,0.009487313954805156
9.086856305750761e-05,0.009532067244924128
9.172777618424272e-05,0.00957702261662355
9.259494143502526e-05,0.009622181021569169
9.347013236018316e-05,0.009667543415704929
9.435342319036938e-05,0.009713110759272833
9.524488884284734e-05,0.0097588840168329
9.614460492783422e-05,0.009804864157283235
9.705264775490235e-05,0.009851052153880116
9.796909433944044e-05,0.009897448984258254
9.889402240917374e-05,0.009944055630451063
9.982751041074472e-05,0.009990873078911068
0.0001007696375163544,0.01003790232053038
0.000101720483630465,0.01008514435066127
0.0001026801293965643,0.01013260016913682
0.0001036486562039924,0.01018027078029163
0.0001046261461948319,0.01022815719298273
0.0001056126822708607,0.01027626042061042
0.0001066083481005701,0.01032458148113934
0.0001076132281262468,0.01037312139711953
0.0001086274075711204,0.01042188119570765
0.0001096509724465772,0.01047086190868826
0.0001106840095594399,0.01052006457249516
0.0001117266065193153,0.01056949022823291
0.0001127788517460086,0.01061913992169834
0.0001138408344770074,0.01066901470340223
0.0001149126447750336,0.01071911562859103
0.0001159943735356658,0.0107694437572687
0.0001170861124950311,0.01082000015421866
0.0001181879542375687,0.01087078588902577
0.0001192999922038649,0.01092180203609849
0.0001204223206985597,0.01097304967469104
0.0001215550348983268,0.01102452988892577
0.0001226982308599276,0.01107624376781549
0.0001238520055283384,0.011128192405286
0.0001250164567449534,0.01118037690019869
0.0001261916832558635,0.0112327983563732
0.0001273777847202099,0.01128545788261024
0.0001285748617186164,0.01133835659271442
0.0001297830157616991,0.01139149560551725
0.0001310023492986535,0.01144487604490026
0.0001322329657259219,0.01149849903981808
0.0001334749693959401,0.01155236572432179
0.0001347284656259651,0.01160647723758226
0.0001359935607069833,0.01166083472391362
0.0001372703619127024,0.01171543933279682
0.0001385589775086241,0.01177029221890331
0.0001398595167612022,0.01182539454211882
0.000141172089947084,0.01188074746756718
0.0001424968083624374,0.01193635216563435
0.0001438337843323635,0.01199220981199245
0.0001451831312203966,0.01204832158762396
0.0001465449634380903,0.01210468867884595
0.0001479193964546944,0.0121613122773345
0.0001493065468069178,0.01221819358014917
0.0001507065321087843,0.01227533378975757
0.0001521194710615767,0.01233273411406006
0.0001535454834638746,0.0123903957664145
0.0001549846902216828,0.01244831996566122
0.0001564372133586545,0.01250650793614793
0.0001579031760264077,0.01256496090775489
0.0001593827025149372,0.01262368011592009
0.0001608759182631212,0.01268266680166455
0.0001623829498693268,0.01274192221161778
0.0001639039251021117,0.01280144759804327
0.0001654389729110238,0.01286124421886413
0.0001669882234375022,0.01292131333768884
0.0001685518080258771,0.01298165622383709
0.0001701298592344709,0.01304227415236575
0.0001717225108468023,0.0131031684040949
0.0001733298978828934,0.01316434026563403
0.0001749521566106801,0.01322579102940831
0.0001765894245575282,0.013287521993685
0.0001782418405218552,0.01334953446259991
0.0001799095445848596,0.01341182974618403
0.0001815926781223572,0.01347440916039028
0.000183291383816727,0.01353727402712029
0.0001850058056689667,0.01360042567425136
0.0001867360890108593,0.01366386543566352
0.0001884823805172518,0.01372759465126671
0.0001902448282184464,0.01379161466702802
0.0001920235815127056,0.01385592683499912
0.0001938187911788732,0.0139205325133437
0.0001956306093891103,0.01398543306636517
0.0001974591897217499,0.01405062986453434
0.0001993046871742673,0.01411612428451725
0.0002011672581763725,0.01418191770920316
0.0002030470606032212,0.01424801152773262
0.0002049442537887481,0.01431440713552563
0.000206858998539122,0.01438110593430997
0.0002087914571463259,0.01444810933214961
0.0002107417934018604,0.01451541874347323
0.0002127101726105746,0.01458303558910293
0.0002146967616046226,0.01465096129628289
0.0002167017287575497,0.01471919729870835
0.0002187252439985072,0.01478774503655459
0.0002207674788265975,0.01485660595650602
0.0002228286063253532,0.01492578151178545
0.0002249088011773455,0.01499527316218343
0.00022700823967893,0.0150650823740877
0.0002291270997551296,0.01513521062051293
0.0002312655609746459,0.0152056593811302
0.0002334238045650183,0.01527643014229701
0.0002356020134279171,0.01534752439708716
0.0002378003721545779,0.01541894364532088
0.0002400190670413782,0.01549068939359494
0.0002422582861055568,0.01556276315531307
0.0002445182191010776,0.01563516645071632
0.0002467990575346389,0.01570790080691366
0.0002491009946818304,0.01578096775791266
0.0002514242256034376,0.01585436884465027
0.000253768947161896,0.01592810561502379
0.0002561353580378973,0.01600217962392186
0.0002585236587471474,0.01607659243325573
0.0002609340516572772,0.01615134561199044
0.0002633667410049114,0.01622644073617636
0.0002658219329128901,0.01630187938898066
0.0002682998354076519,0.01637766316071899
0.000270800658436775,0.01645379364888734
0.0002733246138866782,0.01653027245819385
0.0002758719156004869,0.01660710120059096
0.0002784427793960605,0.01668428149530757
0.0002810374230841867,0.01676181496888129
0.0002836560664869416,0.01683970325519089
0.0002862989314562196,0.01691794799548889
0.0002889662418924314,0.01699655083843419
0.0002916582237633746,0.01707551344012489
0.000294375105123278,0.01715483746413127
0.0002971171161320187,0.01723452458152879
0.0002998844890745165,0.01731457647093134
0.000302677458380306,0.01739499481852451
0.0003054962606432878,0.01747578131809908
0.0003083411346416613,0.01755693767108459
0.0003112123213580385,0.01763846558658302
0.0003141100639997455,0.01772036678140268
0.0003170346080193056,0.01780264298009213
0.0003199862011351134,0.0178852959149743
0.0003229650933522972,0.01796832732618073
0.0003259715369837719,0.01805173896168589
0.0003290057866714861,0.01813553257734172
0.0003320680994078621,0.01821970993691222
0.0003351587345574333,0.01830427281210819
0.0003382779538786799,0.01838922298262217
0.0003414260215460635,0.0184745622361634
0.0003446032041722646,0.01856029236849298
0.0003478097708306221,0.01864641518345917
0.0003510459930777801,0.0187329324930328
0.0003543121449765402,0.01881984611734278
0.0003576085031189244,0.01890715788471185
0.0003609353466494469,0.01899486963169229
0.0003642929572886019,0.01908298320310197
0.000367681619356563,0.01917150045206036
0.0003711016197971015,0.01926042324002475
0.0003745532482017232,0.01934975343682665
0.0003780367968340243,0.01943949292070819
0.0003815525606542722,0.01952964357835878
0.0003851008373442096,0.01962020730495186
0.0003886819273320864,0.01971118600418178
0.0003922961338179182,0.0198025815883008
0.0003959437627989787,0.01989439597815624
0.0003996251230955229,0.01998663110322782
0.0004033405263767458,0.02007928890166501
0.0004070902871869788,0.02017237132032466
0.0004108747229721241,0.0202658803148086
0.000414694154106333,0.02035981784950158
0.0004185489039189243,0.02045418589760914
0.000422439298721552,0.02054898644119577
0.0004263656678356188,0.02064422147122313
0.0004303283436199405,0.02073989298758839
0.0004343276614986628,0.02083600299916277
0.0004383639599894341,0.02093255352383021
0.0004424375807318324,0.02102954658852607
0.0004465488685160556,0.02112698422927613
0.0004506981713118696,0.0212248684912356
0.0004548858402978231,0.02132320142872828
0.0004591122298907281,0.02142198510528594
0.0004633776977754091,0.02152122159368779
0.0004676826049347231,0.02162091297599998
0.0004720273156798541,0.02172106134361547
0.0004764121976808838,0.02182166879729377
0.0004808376219976398,0.02192273744720106
0.000485303963110826,0.02202426941295023
0.0004898115989534364,0.02212626682364124
0.0004943609109424545,0.02222873181790151
0.0004989522840108424,0.02233166654392642
0.0005035861066398201,0.02243507315952011
0.0005082627708914403,0.02253895383213618
0.000512982672441458,0.02264331073891874
0.0005177462106125,0.02274814606674347
0.0005225537884075371,0.02285346201225884
0.0005274058125436597,0.02295926078192751
0.0005323026934861623,0.02306554459206783
0.0005372448454829347,0.02317231566889543
0.000542232686599171,0.02327957624856506
0.0005472666387523903,0.02338732857721247
0.0005523471277477767,0.02349557491099644
0.0005574745833138416,0.02360431751614099
0.0005626494391384106,0.02371355866897771
0.0005678721329049335,0.02382330065598811
0.0005731431063291306,0.02393354577384634
0.0005784628051959665,0.02404429632946182
0.0005838316793969618,0.02415555464002212
0.0005892501829678447,0.02426732303303595
0.0005947187741265419,0.02437960384637625
0.0006002379153115175,0.02449239942832347
0.0006058080732204578,0.024605712137609
0.000611429718849306,0.02471954434345856
0.0006171033275316557,0.02483389842563597
0.000622829378978497,0.02494877677448692
0.000628608357318325,0.02506418179098282
0.0006344407511376131,0.02518011588676488
0.00064032705352165,0.0252965814841883
0.0006462677620957529,0.0254135810163666
0.0006522633790668456,0.02553111692721597
0.0006583144112654214,0.02564919167149994
0.0006644213701878826,0.025767807714874
0.0006705847720392617,0.02588696753393048
0.0006768051377763351,0.02600667361624348
0.0006830829931511197,0.02612692846041393
0.0006894188687547702,0.02624773457611485
0.0006958133000618695,0.02636909448413666
0.0007022668274751213,0.02649101071643265
0.0007087799963704457,0.02661348581616453
0.0007153533571424852,0.02673652233774823
0.0007219874652505206,0.02686012284689967
0.000728682881264801,0.02698428992068075
0.0007354401709132943,0.02710902614754543
0.0007422599051288597,0.02723433412738592
0.0007491426600968459,0.02736021647157911
0.0007560890173031202,0.02748667580303289
0.0007630995635825298,0.02761371475623281
0.0007701748911678018,0.02774133597728877
0.0007773155977388841,0.0278695421239818
0.0007845222864727326,0.02799833586581103
0.0007917955660935461,0.02812771988404074
0.0007991360509234539,0.0282576968717475
0.0008065443609336635,0.0283882695338675
0.000814021121796065,0.0285194405872439
0.0008215669649353059,0.02865121276067443
0.000829182527581329,0.02878358879495889
0.0008368684528223898,0.02891657144294704
0.0008446253896585456,0.02905016346958636
0.000852453993055631,0.02918436765197003
0.0008603549239997171,0.02931918677938504
0.0008683288495520597,0.02945462365336035
0.0008763764429045438,0.02959068108771519
0.0008844983834356263,0.02972736190860746
0.0008926953567667803,0.02986466895458223
0.0009009680548194499,0.03000260507662034
0.0009093171758725136,0.03014117313818719
0.0009177434246202651,0.03028037601528144
0.0009262475122309147,0.030420216596484
0.0009348301564056196,0.03056069778300709
0.0009434920814380354,0.03070182248874322
0.0009522340182744112,0.03084359364031455
0.0009610567045742208,0.03098601417712213
0.0009699608847713322,0.03112908705139529
0.0009789473101357356,0.03127281522824119
0.0009880167388358178,0.03141720168569438
0.0009971699360011926,0.0315622494147665
0.001006407673786103,0.03170796141949601
0.001015730731433383,0.03185434071699812
0.001025139895338992,0.03200139033751465
0.001034635959117138,0.03214911332446417
0.001044219723665964,0.03229751273449197
0.001053891997233841,0.03244659163752039
0.001063653595486244,0.03259635311679902
0.001073505341573222,0.03274680026895507
0.00108344806619748,0.03289793620404376
0.001093482607683065,0.03304976404559886
0.001103609812044673,0.03320228693068342
0.001113830533057549,0.03335550800994009
0.001124145632328042,0.03350943044764205
0.001134555979364773,0.03366405742174375
0.001145062451650438,0.03381939212393178
0.001155665934714259,0.03397543775967574
0.001166367322205069,0.03413219754827927
0.001177167515965056,0.03428967472293099
0.001188067426104161,0.03444787253075567
0.00119906797107514,0.03460679423286533
0.001210170077749291,0.03476644310441048
0.001221374681492857,0.03492682243463131
0.001232682726244103,0.03508793552690899
0.001244095164591087,0.03524978569881706
0.001255612957850113,0.03541237628217276
0.001267237076144888,0.03557571062308849
0.001278968498486373,0.03573979208202326
0.00129080821285335,0.03590462403383415
0.001302757216273701,0.03607020986782788
0.001314816514906405,0.03623655298781239
0.001326987124124268,0.03640365681214838
0.001339270068597378,0.03657152477380096
0.001351666382377302,0.03674016032039126
0.001364177108982032,0.03690956691424814
0.001376803301481676,0.03707974803245977
0.001389546022584911,0.03725070716692543
0.0014024063447262,0.0374224478244071
0.001415385350153775,0.03759497352658125
0.001428484131018403,0.03776828781009051
0.001441703789462931,0.03794239422659539
0.001455045437712625,0.038117296342826
0.0014685101981663,0.03829299774063376
0.001482099203488259,0.03846950201704304
0.001495813596701036,0.03864681278430294
0.001509654531278966,0.03882493366993889
0.001523623171242563,0.03900386831680436
0.001537720691253742,0.03918362038313244
0.001551948276711872,0.03936419354258745
0.001566307123850675,0.03954559148431655
0.001580798439835973,0.03972781791300128
0.001595423442864297,0.03991087654890902
0.001610183362262359,0.04009477112794451
0.001625079438587399,0.04027950540170124
0.001640112923728407,0.04046508313751284
0.001655285081008235,0.04065150811850437
0.001670597185286606,0.04083878414364364
0.001686050523064015,0.04102691502779231
0.001701646392586549,0.04121590460175716
0.001717386103951621,0.04140575671234104
0.001733270979214619,0.04159647522239392
0.001749302352496502,0.04178806401086382
0.001765481570092316,0.04198052697284754
0.001781809990580678,0.04217386801964156
0.001798288984934195,0.04236809107879253
0.001814919936630852,0.04256320009414789
0.001831704241766379,0.04275919902590639
0.001848643309167581,0.0429560918506683
0.001865738560506659,0.04315388256148568
0.00188299143041653,0.04335257516791254
0.001900403366607142,0.04355217369605482
0.0019179758299828,0.04375268218862018
0.001935710294760514,0.04395410470496779
0.001953608248589363,0.04415644532115788
0.001971671192670903,0.0443597081300012
0.001989900641880619,0.04456389724110832
0.002008298124890413,0.04476901678093874
0.002026865184292167,0.04497507089284987
0.002045603376722364,0.0451820637371458
0.002064514272987792,0.04538999949112604
0.002083599458192329,0.04559888234913384
0.002102860531864813,0.04580871652260449
0.002122299108088033,0.04601950624011346
0.002141916815628813,0.04623125574742416
0.002161715298069223,0.04644396930753568
0.002181696213938917,0.04665765120073021
0.002201861236848611,0.04687230572462033
0.002222212055624694,0.04708793719419582
0.002242750374445018,0.04730454994187076
0.002263477912975825,0.04752214831752975
0.002284396406509865,0.04774073668857436
0.002305507606105692,0.04796031943996912
0.002326813278728146,0.04818090097428732
0.002348315207390038,0.04840248571175636
0.002370015191295055,0.04862507809030321
0.002391915045981866,0.04884868256559916
0.002414016603469466,0.04907330361110448
0.002436321712403765,0.04929894571811282
0.002458832238205415,0.04952561339579527
0.002481550063218885,0.0497533111712439
0.002504477086862833,0.04998204358951535
0.002527615225781721,0.05021181521367374
0.002550966413998734,0.05044263062483344
0.002574532603069994,0.05067449442220143
0.002598315762240073,0.05090741122311926
0.002622317878598829,0.05114138566310469
0.002646540957239557,0.05137642239589296
0.002670987021418489,0.05161252609347756
0.002695658112715629,0.05184970144615086
0.002720556291196944,0.05208795316254396
0.002745683635577933,0.05232728596966646
0.002771042243388544,0.05256770461294558
0.002796634231139517,0.05280921385626504
0.002822461734490083,0.05305181848200326
0.002848526908417099,0.0532955232910713
0.002874831927385581,0.05354033310295021
0.002901378985520678,0.053786252755728
0.002928170296781073,0.05403328710613599
0.002955208095133841,0.05428144102958484
0.002982494634730758,0.05453071942019985
0.003010032190086089,0.05478112719085593
0.00303782305625584,0.05503266927321189
0.003065869549018524,0.05528535061774435
0.003094174005057409,0.05553917619378086
0.003122738782144281,0.05579415098953271
0.003151566259324744,0.05605028001212688
0.003180658837105041,0.05630756828763774
0.003210018937640417,0.05656602086111774
0.003239649004925054,0.05682564279662785
0.003269551504983553,0.05708643917726706
0.003299728926064015,0.05734841510520156
0.003330183778832688,0.05761157570169287
0.003360918596570242,0.05787592610712567
0.003391935935369622,0.05814147148103468
0.003423238374335555,0.05840821700213105
0.003454828515785668,0.05867616786832778
0.003486708985453268,0.0589453292967647
0.003518882432691764,0.05921570652383248
0.003551351530680762,0.05948730480519598
0.003584118976633847,0.05976012941581686
0.003617187492008045,0.06003418564997534
0.003650559822714983,0.06030947882129113
0.003684238739333785,0.06058601426274365
0.003718227037325666,0.06086379732669139
0.003752527537250278,0.06114283338489031
0.003787143084983798,0.06142312782851145
0.003822076551938777,0.06170468606815772
0.003857330835285769,0.06198751353387973
0.003892908858176725,0.0622716156751907
0.003928813569970197,0.06255699796108039
0.003965047946458333,0.0628436658800282
0.004001614990095716,0.06313162494001527
0.004038517730229993,0.06342088066853542
0.004075759223334393,0.06371143861260549
0.004113342553242051,0.06400330433877409
0.004151270831382234,0.06429648343312991
0.004189547197018416,0.06459098150130846
0.004228174817488267,0.06488680416849812
0.00426715688844552,0.06518395707944488
0.004306496634103758,0.06548244589845595
0.004346197307482137,0.06578227630940245
0.00438626219065302,0.06608345401572066
0.004426694594991578,0.06638598474041225
0.004467497861427348,0.06668987422604342
0.004508675360697754,0.0669951282347425
0.004550230493603619,0.06730175254819667
0.004592166691266661,0.06760975296764722
0.004634487415389021,0.06791913531388354
0.004677196158514766,0.0682299054272358
0.004720296444293471,0.06854206916756643
0.00476379182774581,0.06885563241426014
0.004807685895531209,0.06917060106621251
0.004851982266217573,0.06948698104181734
0.004896684590553083,0.06980477827895254
0.004941796551740081,0.07012399873496442
0.004987321865711052,0.07044464838665074
0.005033264281406741,0.07076673323024213
0.005079627581056363,0.0710902592813821
0.005126415580459977,0.07141523257510539
0.005173632129272973,0.07174165916581472
0.005221281111292763,0.07206954512725622
0.005269366444747604,0.07239889655249293
0.005317892082587624,0.07272971955387683
0.005366862012778028,0.07306202026301921
0.005416280258594522,0.0733958048307591
0.005466150878920943,0.07373107942713042
0.00551647796854913,0.07406785024132699
0.005567265658480999,0.07440612348166578
0.005618518116232921,0.07474590537554872
0.005670239546142315,0.07508720216942218
0.005722434189676534,0.07543002012873493
0.005775106325744037,0.07577436553789406
0.005828260271007832,0.07612024470021904
0.005881900380201257,0.07646766393789367
0.005936031046446044,0.07681662959191631
0.005990656701572733,0.07716714802204779
0.006045781816443416,0.07751922560675757
0.006101410901276808,0.07787286874316746
0.006157548505975712,0.07822808384699365
0.00621419922045682,0.07858487735248618
0.00627136767498291,0.07894325571236652
0.006329058540497424,0.07930322539776287
0.006387276528961436,0.07966479289814299
0.006446026393693059,0.08002796472124524
0.006505312929709222,0.08039274739300667
0.006565140974069899,0.08075914745748922
0.006625515406224806,0.08112717147680353
0.006686441148362473,0.08149682603102992
0.006747923165761837,0.08186811771813744
0.006809966467146255,0.08224105315389997
0.006872576105040019,0.08261563897181
0.006935757176127335,0.08299188182298997
0.006999514821613795,0.08336978837610064
0.007063854227590352,0.08374936531724707
0.007128780625399816,0.084130619349882
0.007194299292005824,0.08451355719470616
0.007260415550364357,0.08489818558956597
0.007327134769797823,0.08528451128934869
0.007394462366371604,0.0856725410658743
0.007462403803273216,0.08606228170778479
0.007530964591193966,0.0864537400204303
0.007600150288713217,0.08684692282575239
0.007669966502685191,0.08724183696216442
0.007740418888628338,0.08763848928442859
0.007811513151117315,0.08803688666353006
0.007883255044177511,0.08843703598654785
0.00795565037168219,0.08883894415652262
0.008028704987752227,0.08924261809232105
0.008102424797158414,0.08964806472849711
0.008176815755726432,0.09005529101514989
0.008251883870744357,0.090464303917778
0.008327635201372844,0.09087511041713071
0.008404075859057914,0.09128771750905547
0.008481212007946319,0.09170213220434184
0.008559049865303616,0.09211836152856205
0.008637595701934789,0.09253641252190786
0.008716855842607542,0.09295629223902351
0.008796836666478229,0.09337800774883523
0.008877544607520427,0.09380156613437705
0.008958986154956092,0.09422697449261225
0.009041167853689438,0.0946542399342515
0.009124096304743392,0.09508336958356682
0.009207778165698718,0.09551437057820149
0.009292220151135785,0.09594725006897598
0.009377429033078937,0.09638201521968974
0.009463411641443594,0.09681867320691903
0.009550174864485885,0.09725723121981021
0.009637725649254993,0.09769769645986892
0.009726071002048111,0.09814007614074501
0.009815217988868032,0.09858437748801294
0.009905173735883375,0.09903060773894777
0.009995945429891465,0.09947877414229681
0.01008754031878378,0.09992888395804636
0.01017996571201408,0.1003809444571842
0.0102732289810691,0.1008349629214571
0.0103673375599419,0.1012909466431236
0.0104622989456078,0.1017489029247025
0.01055812069850293,0.1022088390787156
0.01065481044300532,0.102670762427426
0.01075237586791864,0.1031346803025716
0.01085082472695852,0.1036006000450931
0.01095016483924134,0.1040685290048571
0.01105040408977574,0.1045384745403739
0.01115155042995651,0.1050104440185101
0.01125361187806117,0.1054844448141958
0.01135659651974897,0.1059604843101267
0.01146051250856248,0.1064385698964598
0.01156536806643161,0.1069187089705051
0.01167117148418024,0.1074009089364103
0.01177793112203517,0.1078851772048402
0.01188565541013771,0.1083715211926509
0.01199435284905755,0.1088599483225574
0.01210403201030922,0.1093504660227959
0.01221470153687082,0.1098430817267796
0.01232637014370526,0.1103378028727491
0.01243904661828385,0.1108346369034158
0.01255273982111222,0.1113335912656
0.01266745868625864,0.1118346734098623
0.01278321222188457,0.1123378907901285
0.01290000951077764,0.1128432508633081
0.01301785971088683,0.1133507610889071
0.01313677205585984,0.1138604289286327
0.01325675585558285,0.1143722618459928
0.01337782049672239,0.1148862673058877
0.01349997544326935,0.1154024527741957
0.01362323023708526,0.1159208257173517
0.01374759449845056,0.1164413936019177
0.01387307792661511,0.1169641638941483
0.01399969030035065,0.1174891440595467
0.01412744147850535,0.1180163415624157
0.01425634140056033,0.1185457638653993
0.01438640008718821,0.1190774184290185
0.01451762764081355,0.119611312711199
0.01465003424617517,0.1201474541667907
0.01478363017089038,0.1206858502470804
0.01491842576602104,0.1212265083992967
0.01505443146664137,0.1217694360661064
0.01519165779240755,0.1223146406851033
0.01533011534812893,0.1228621296882892
0.0154698148243411,0.1234119105015464
0.01561076699788035,0.1239639905441021
0.01575298273245987,0.1245183772279847
0.01589647297924742,0.1250750779574711
0.01604124877744447,0.1256341001285264
0.01618732125486681,0.1261954511282342
0.01633470162852652,0.1267591383342185
0.01648340120521525,0.1273251691140568
0.01663343138208884,0.1278935508246846
0.01678480364725309,0.1284642908117904
0.01693752958035075,0.1290373964092018
0.01709162085314961,0.1296128749382629
0.01724708923013159,0.1301907337072015
0.01740394656908293,0.130770980010488
0.01756220482168515,0.1313536211281833
0.01772187603410704,0.1319386643252795
0.01788297234759737,0.1325261168510284
0.01804550599907823,0.1331159859382616
0.01820948932173924,0.1337082788027006
0.01837493474563221,0.1343030026422565
0.01854185479826634,0.1349001646363204
0.01871026210520389,0.1354997719450423
0.01888016939065621,0.136101831708601
0.01905158947808003,0.1367063510464629
0.01922453529077403,0.1373133370566305
0.01939901985247546,0.1379227968148802
0.0195750562879569,0.1385347373739894
0.01975265782362288,0.1391491657629529
0.01993183778810644,0.1397660889861881
0.02011260961286546,0.1403855140227293
0.0202949868327787,0.1410074478254111
0.02047898308674139,0.14163189732004
0.0206646121182604,0.142258869404555
0.02085188777604873,0.1428883709481769
0.02104082401461939,0.1435204087905452
0.02123143489487844,0.1441549897408445
0.02142373458471715,0.1447921205769179
0.02161773735960313,0.1454318080443696
0.0218134576031704,0.1460740588556541
0.02201090980780813,0.1467188796891547
0.02221010857524823,0.1473662771882493
0.02241106861715126,0.1480162579603626
0.02261380475569093,0.1486688285760079
0.02281833192413688,0.1493239955678148
0.02302466516743555,0.1499817654295449
0.02323281964278929,0.1506421446150941
0.0234428106202332,0.1513051395374826
0.0236546534832099,0.1519707565678317
0.02386836372914198,0.1526390020343273
0.02408395697000185,0.1533098822211698
0.02430144893287915,0.1539834033675117
0.02452085546054529,0.1546595716663807
0.02474219251201514,0.1553383932635893
0.02496547616310561,0.1560198742566312
0.02519072260699146,0.1567040206935644
0.0254179481547569,0.1573908385718781
0.02564716923594455,0.1580803338373479
0.02587840239910032,0.1587725123828762
0.02611166431231459,0.1594673800473175
0.02634697176375937,0.1601649426142907
0.02658434166222131,0.1608652058109758
0.02682379103763046,0.1615681753068963
0.02706533704158441,0.1622738567126875
0.02730899694786793,0.1629822555788491
0.02755478815296755,0.1636933773944829
0.02780272817658135,0.1644072275860173
0.02805283466212336,0.1651238115159135
0.02830512537722259,0.1658431344813595
0.02855961821421647,0.1665652017129468
0.02881633119063857,0.1672900183733327
0.02907528244970017,0.1680175895558865
0.02933649026076576,0.1687479202833201
0.02959997301982206,0.1694810155063034
0.02986574924994051,0.1702168801020633
0.03013383760173282,0.1709555188729665
0.03040425685379956,0.1716969365450873
0.03067702591317147,0.1724411377667582
0.03095216381574319,0.1731881271071045
0.03122968972669946,0.1739379090545633
0.03150962294093322,0.1746904880153852
0.0317919828834555,0.1754458683121195
0.03207678910979701,0.1762040541820835
0.03236406130640105,0.1769650497758146
0.03265381929100733,0.1777288591555057
0.03294608301302689,0.1784954862934232
0.0332408725539074,0.1792649350703096
0.03353820812748887,0.1800372092737668
0.03383811008034941,0.1808123125966248
0.03414059889214074,0.1815902486352907
0.0344456951759134,0.1823710208880826
0.03475341967843091,0.1831546327535445
0.03506379328047316,0.183941087528745
0.03537683699712844,0.1847303884075575
0.03569257197807373,0.1855225384789238
0.03601101950784333,0.1863175407250993
0.03633220100608516,0.1871153980198813
0.03665613802780454,0.1879161131268181
0.03698285226359538,0.1887196886974024
0.03731236553985806,0.1895261272692451
0.03764469981900415,0.1903354312642321
0.03797987719964712,0.1911476029866628
0.03831791991677932,0.1919626446213706
0.03865885034193428,0.1927805582318254
0.03900269098333477,0.1936013457582185
0.03934946448602526,0.1944250090155284
0.03969919363198957,0.1952515496915693
0.04005190134025242,0.1960809693450211
0.04040761066696522,0.1969132694034411
0.04076634480547525,0.1977484511612578
0.04112812708637821,0.1985865157777459
0.04149298097755365,0.199427464274984
0.04186093008418287,0.2002712975357928
0.04223199814874909,0.2011180163016559
0.04260620905101931,0.2019676211706226
0.04298358680800755,0.2028201125951912
0.04336415557391929,0.2036754908801749
0.04374793964007639,0.2045337561805499
0.04413496343482233,0.205394908499284
0.04452525152340739,0.2062589476851482
0.04491882860785305,0.2071258734305093
0.04531571952679581,0.207995685269105
0.04571594925530937,0.2088683825738002
0.04611954290470522,0.2097439645543258
0.04652652572231084,0.2106224302549992
0.04693692309122573,0.211503778552427
0.04735076053005393,0.2123880081531898
0.04776806369261349,0.2132751175915088
0.04818885836762174,0.2141651052268951
0.04861317047835659,0.215057969241781
0.04904102608229277,0.2159537076391342
0.04947245137071302,0.2168523182400535
0.0499074726682936,0.2177537986813482
0.05034611643266378,0.2186581464130994
0.05078840925393863,0.2195653586962048
0.0512343778542249,0.2204754325999054
0.05168404908709927,0.2213883649992962
0.05213744993705888,0.2223041525728199
0.05259460751894327,0.2232227917997434
0.05305554907732742,0.2241442789576185
0.05352030198588537,0.2250686101197255
0.05398889374672431,0.2259957811525012
0.05446135198968772,0.2269257877129504
0.05493770447162812,0.2278586252460419
0.05541797907564848,0.2287942889820886
0.05590220381031151,0.2297327739341122
0.05639040680881675,0.2306740748951926
0.05688261632814506,0.2316181864358024
0.05737886074816926,0.2325651029011263
0.05787916857073136,0.2335148184083661
0.05838356841868524,0.2344673268440316
0.05889208903490441,0.2354226218612164
0.05940475928125448,0.2363806968768615
0.05992160813752948,0.2373415450690035
0.06044266470035209,0.2383051593740113
0.06096795818203658,0.239271532483808
0.0614975179094143,0.2402406568430822
0.06203137332262138,0.2412125246464846
0.06256955397384745,0.2421871278358147
0.06311208952604565,0.243164458097194
0.06365900975160284,0.2441445068582297
0.06421034453096958,0.2451272652851652
0.06476612385124957,0.2461127242800221
0.06532637780474757,0.2471008744777302
0.0658911365874759,0.2480917062432489
0.06646043049761825,0.2490852096686784
0.06703428993395105,0.2500813745703627
0.06761274539422071,0.251080190485982
0.06819582747347758,0.2520816466716394
0.06878356686236582,0.2530857320989397
0.0693759943453664,0.2540924354520576
0.06997314079899647,0.2551017451248037
0.0705750371899616,0.2561136492176806
0.07118171457326182,0.2571281355349362
0.07179320409024989,0.258145191581609
0.0724095369666425,0.2591648045605709
0.07303074451048258,0.2601869613695644
0.0736568581100531,0.2612116485982365
0.07428790923174157,0.2622388525251704
0.07492392941785436,0.2632685591149136
0.07556495028438105,0.2643007540150048
0.07621100351870715,0.2653354225529994
0.07686212087727622,0.2663725497334948
0.07751833418319912,0.2674121202351549
0.07817967532381145,0.2684541184077363
0.07884617624817761,0.2694985282691149
0.07951786896454126,0.2705453335023159
0.08019478553772207,0.2715945174525451
0.08087695808645752,0.272646063124225
0.08156441878069,0.2736999531780344
0.08225719983879831,0.2747561699279533
0.08295533352477281,0.2758146953383132
0.08365885214533465,0.2768755110208552
0.08436778804699752,0.2779385982317936
0.08508217361307219,0.2790039378688896
0.08580204126061329,0.2800715104685325
0.08652742343730736,0.2811412962028316
0.08725835261830248,0.2822132748767188
0.0879948613029785,0.283287425925063
0.08873698201165754,0.2843637284097962
0.08948474728225467,0.2854421610170538
0.09023818966686784,0.2865227020543297
0.09099734172830697,0.2876053294476455
0.09176223603656201,0.2886900207387368
0.09253290516520904,0.2897767530822572
0.09330938168775438,0.2908655032429995
0.09409169817391648,0.291956247593137
0.09487988718584518,0.2930489621094852
0.09567398127427736,0.2941436223707843
0.09647401297462987,0.2952402035550051
0.09728001480302842,0.296338680436677
0.09809201925227244,0.2974390273842427
0.09891005878773593,0.2985412183574365
0.09973416584320341,0.2996452269046911
0.1005643728166417,0.3007510261605722
0.1014007120659058,0.3018585888432414
0.1022432159043806,0.3029678872519508
0.103091916596556,0.3040788932645683
0.1039468463535373,0.305191578335136
0.1048080373284898,0.306305913491463
0.1056755216120164,0.3074218693327536
0.1065493312274705,0.3085394160272708
0.107429498126202,0.3096585233100397
0.108316054182737,0.3107791604805885
0.1092090311898911,0.3119012964007308
0.1101084608538169,0.3130248994923893
0.1110143747889842,0.3141499377354628
0.1119268045130945,0.3152763786657384
0.1128457814419286,0.316404189372848
0.1137713368841277,0.3175333364982739
0.1147035020359091,0.3186637862334019
0.115642307975714,0.319795504317625
0.1165877856587911,0.3209284560364987
0.1175399659117122,0.3220626062199488
0.1184988794268238,0.3231979192405343
0.1194645567566314,0.3243343590117659
0.1204370283081194,0.3254718889864817
0.1214163243370057,0.3266104721552827
0.12240247494193,0.327750071045027
0.1233955100585801,0.3288906477173879
0.1243954594537504,0.330032163767474
0.1254023527193399,0.3311745803225152
0.1264162192662833,0.3323178580406149
0.1274370883184217,0.3334619571095697
0.1284649889063087,0.3346068372457602
0.1294999498609546,0.3357524576931119
0.1305419998075097,0.3368987772221291
0.1315911671588845,0.338045754129004
0.1326474801093115,0.3391933462348006
0.133710966627845,0.3403415108847175
0.1347816544518022,0.3414902049474292
0.1358595710801461,0.3426393848145085
0.136944743766809,0.3437890063999314
0.1380371995139601,0.3449390251396662
0.1391369650652153,0.3460893959913485
0.1402440668987924,0.3472400734340428
0.1413585312206104,0.3483910114680947
0.1424803839573359,0.3495421636150724
0.1436096507493751,0.3506934829178005
0.1447463569438155,0.3518449219404893
0.1458905275873143,0.3529964327689579
0.1470421874189392,0.3541479670109554
0.148201360862958,0.3552994757965811
0.1493680720215823,0.3564509097788049
0.150542344667663,0.3576022191340897
0.1517242022373414,0.3587533535631182
0.1529136678226557,0.3599042622916241
0.1541107641641044,0.3610548940713312
0.1553155136431687,0.3622051971810004
0.1565279382747943,0.3633551194275876
0.1577480596998341,0.3645046081475125
0.1589758991774545,0.3656536102080415
0.160211477577505,0.3668020720087847
0.1614548153728541,0.3679499394833103
0.162705932631692,0.3690971581008763
0.1639648490098027,0.3702436728682819
0.1652315837428067,0.3713894283318395
0.1665061556383756,0.3725343685794704
0.1677885830684215,0.3736784372429227
0.1690788839612613,0.3748215775001163
0.1703770757937602,0.3759637320776135
0.1716831755834535,0.3771048432532186
0.1729971998806507,0.378244852858707
0.1743191647605233,0.3793837022826848
0.1756490858151774,0.3805213324735814
0.1769869781457153,0.3816576839427754
0.1783328563542861,0.3827926967678558
0.1796867345361275,0.3839263105960189
0.1810486262716041,0.3850584646476027
0.1824185446182392,0.3861890977197604
0.1837965021027479,0.3873181481902732
0.1851825107130698,0.3884455540215046
0.1865765818904052,0.389571252764495
0.187978726521258,0.3906951815632029
0.1893889549294858,0.3918172771588856
0.190807276868362,0.3929374758946291
0.1922337015126502,0.3940557137200214
0.1936682374506949,0.3951719261959737
0.1951108926765315,0.3962860484996898
0.1965616745820162,0.3973980154297827
0.1980205899489815,0.3985077614115424
0.1994876449414164,0.3996152205023524
0.2009628450976777,0.4007203263972574
0.2024461953227335,0.4018230124346827
0.2039376998804404,0.4029232116023049
0.2054373623858607,0.4040208565430766
0.2069451857976192,0.4051158795614016
0.2084611724103042,0.4062082126294662
0.2099853238469158,0.4072977873937221
0.2115176410513643,0.4083845351815253
0.2130581242810201,0.4094683870079271
0.2146067730993226,0.4105492735826218
0.2161635863684448,0.411627125317048
0.2177285622420229,0.4127018723316439
0.2193016981579509,0.4137734444632593
0.2208829908312424,0.41484177127272
0.2224724362469671,0.4159067820525487
0.2240700296532593,0.4169684058348387
0.2256757655544079,0.418026571399283
0.2272896377040257,0.4190812072813555
0.2289116390983056,0.4201322417806478
0.2305417619693638,0.4211796029693567
0.2321799977786758,0.4222232187009258
0.2338263372106067,0.4232630166188376
0.2354807701660406,0.4242989241655568
0.2371432857561111,0.4253308685916254
0.2388138722960376,0.4263587769649048
0.2404925172990706,0.4273825761799688
0.2421792074705477,0.4284021929676423
0.2438739287020661,0.4294175539046881
0.2455766660657742,0.4304285854236374
0.2472874038087846,0.4314352138227659
0.2490061253477131,0.4324373652762121
0.2507328132633472,0.4334349658442368
0.2524674492954467,0.4344279414836226
0.2542100143376805,0.4354162180582123
0.2559604884327021,0.4363997213495842
0.2577188507673692,0.4373783770678606
0.2594850796681067,0.4383521108626524
0.2612591525964235,0.4393208483341329
0.2630410461445765,0.440284515044242
0.2648307360313959,0.4412430365280171
0.2666281970982664,0.4421963383050502
0.2684334033052723,0.4431443458910667
0.2702463277275092,0.4440869848096259
0.2720669425515636,0.4450241806039394
0.273895219072165,0.4459558588488055
0.2757311276890145,0.4468819451626558
0.2775746379037914,0.4478023652197144
0.2794257183173408,0.4487170447622633
0.2812843366270473,0.4496259096130129
0.2831504596243956,0.4505288856875762
0.2850240531927221,0.4514258990070402
0.2869050823051602,0.4523168757106343
0.2887935110227822,0.4532017420684925
0.2906893024929403,0.4540804244945031
0.2925924189478099,0.4549528495592474
0.294502821703138,0.4558189440030194
0.2964204711571987,0.4566786347489261
0.298345326789959,0.4575318489160635
0.3002773471624571,0.458378513832765
0.3022164899163961,0.4592185570499182
0.3041627117739551,0.4600519063543472
0.3061159685378196,0.4608784897822552
0.3080762150914352,0.4616982356327247
0.3100434053994843,0.4625110724812708
0.31201749250859,0.4633169291934431
0.3139984285482479,0.4641157349384729
0.3159861647319894,0.4649074192029607
0.3179806513587756,0.4656919118046011
0.3199818378146267,0.4664691429059382
0.3219896725744859,0.4672390430281498
0.3240041032043221,0.4680015430648548
0.3260250763634702,0.4687565742959384
0.3280525378072126,0.469504068401393
0.3300864323896011,0.4702439574751667
0.3321267040665231,0.4709761740390179
0.3341732958990113,0.4717006510563698
0.336226150056798,0.4724173219461598
0.3382852078221152,0.4731261205966793
0.3403504095937433,0.4738269813794002
0.3424216948913045,0.4745198391627803
0.3444990023598065,0.4752046293260457
0.3465822697744341,0.475881287772944
0.3486714340455895,0.4765497509454618
0.3507664312241828,0.477209955837505
0.352867196507171,0.4778618400085328
0.3549736642433471,0.4785053415971431
0.3570857679393784,0.479140399334603
0.3592034402660947,0.4797669525583196
0.3613266130650244,0.4803849412252454
0.3634552173551805,0.4809943059252147
0.3655891833400934,0.4815949878942024
0.3677284404150923,0.482186929027505
0.3698729171748322,0.4827700718928338
0.3720225414210674,0.4833443597433176
0.3741772401706694,0.4839097365304098
0.3763369396638878,0.4844661469166933
0.3785015653728557,0.4850135362885798
0.3806710420103323,0.4855518507688958
0.382845293538689,0.4860810372293535
0.38502424317913,0.4866010433028973
0.3872078134211513,0.4871118173959262
0.3893959260322321,0.4876133087003804
0.3915885020677596,0.488105467205693
0.3937854618811826,0.4885882437105976
0.3959867251343943,0.4890615898347896
0.3981922108083392,0.4895254580304342
0.4004018372138438,0.489979801593517
0.4026155220026663,0.4904245746750329
0.4048331821787655,0.4908597322920061
0.4070547341097833,0.4912852303383412
0.409280093538739,0.4917010255954934
0.4115091755959318,0.492107075742961
0.4137418948110504,0.4925033393685895
0.4159781651254818,0.4928897759786859
0.4182178999048214,0.4932663460079373
0.4204610119515766,0.4936330108291309
0.4227074135180622,0.493989732762668
0.4249570163194832,0.4943364750858727
0.4272097315472018,0.4946732020420851
0.4294654698821835,0.4949998788495396
0.4317241415086191,0.4953164717100219
0.4339856561277186,0.4956229478173021
0.4362499229716708,0.4959192753653381
0.4385168508177675,0.4962054235562479
0.4407863480026842,0.4964813626080447
0.4430583224369166,0.4967470637621343
0.4453326816193622,0.4970024992905669
0.4476093326520514,0.4972476425030455
0.4498881822550136,0.497482467753682
0.452169136781279,0.4977069504475018
0.4544521022320112,0.4979210670466925
0.4567369842717622,0.4981247950765935
0.4590236882438477,0.4983181131314239
0.4613121191858356,0.4985010008797466
0.4636021818451432,0.498673439069664
0.4658937806947384,0.4988354095337473
0.4681868199489382,0.4989868951936902
0.4704812035792982,0.4991278800646917
0.4727768353305913,0.4992583492595615
0.4750736187368652,0.4993782889925481
0.4773714571375772,0.4994876865828862
0.4796702536937971,0.4995865304580633
0.4819699114044758,0.4996748101568035
0.48427033312277,0.4997525163317654
0.4865714215724221,0.4998196407519561
0.4888730793641834,0.4998761763048568
0.4911752090122812,0.4999221169982612
0.4934777129509183,0.4999574579618244
0.4957804935508017,0.4999821954483231
0.4980834531356961,0.4999963268346247
0.5003864939989914,0.4999998506223664
0.5026895184202831,0.4999927664383425
0.5049924286819578,0.4999750750346016
0.507295127085776,0.4999467782882517
0.5095975159694496,0.4999078792009745
0.5118994977232056,0.4998583818982487
0.5142009748063319,0.4997982916282827
0.5165018497636962,0.4997276147606578
0.5188020252422355,0.4996463587846812
0.5211014040074097,0.4995545323074509
0.5233998889596101,0.4994521450516335
0.5256973831505219,0.4993392078529537
0.5279937897994303,0.4992157326574005
0.5302890123094679,0.4990817325181486
0.5325829542837951,0.498937221592196
0.53487551954171,0.4987822151367226
0.5371666121346791,0.4986167295051685
0.5394561363622875,0.4984407821430351
0.5417439967880984,0.4982543915834111
0.5440300982554185,0.4980575774422252
0.5463143459029657,0.4978503604132274
0.5485966451804303,0.4976327622627025
0.5508769018639252,0.497404805823917
0.5531550220713222,0.4971665149913027
0.5554309122774667,0.49691791471438
0.5577044793292647,0.4966590309914221
0.5599756304606421,0.4963898908628666
0.5622442733073648,0.4961105224044719
0.5645103159217194,0.4958209547202296
0.5667736667870474,0.4955212179350269
0.5690342348321298,0.4952113431870703
0.5712919294454152,0.4948913626200703
0.5735466604890891,0.4945613093751903
0.5757983383129784,0.4942212175827656
0.5780468737682884,0.4938711223537947
0.5802921782211652,0.4935110597712079
0.5825341635660822,0.493141066880915
0.5847727422390463,0.4927611816826405
0.5870078272306171,0.492371443120544
0.5892393320987385,0.4919718910736375
0.5914671709813781,0.4915625663459977
0.5936912586089692,0.4911435106567806
0.5959115103166536,0.4907147666300439
0.598127842056321,0.4902763777843775
0.6003401704084426,0.4898283885223524
0.6025484125936945,0.4893708441197875
0.6047524864843683,0.4889037907148422
0.6069523106155663,0.4884272752969386
0.609147804196178,0.4879413456955178
0.6113388871196362,0.4874460505686357
0.613525479974449,0.4869414393914026
0.6157075040545037,0.4864275624442729
0.6178848813691468,0.4859044708011876
0.6200575346530274,0.4853722163175773
0.6222253873757133,0.4848308516182287
0.6243883637510678,0.4842804300850202
0.6265463887463928,0.483721005844533
0.6286993880913321,0.4831526337555418
0.6308472882865376,0.4825753693963873
0.6329900166120875,0.4819892690522443
0.6351275011356691,0.4813943897022792
0.6372596707205128,0.4807907890067117
0.6393864550330851,0.4801785252937805
0.6415077845505298,0.4795576575466196
0.6436235905678691,0.4789282453900512
0.6457338052049504,0.4782903490773
0.6478383614131507,0.477644029476633
0.6499371929818282,0.476989348057931
0.6520302345445261,0.476326366879198
0.654117421584928,0.4756551485730115
0.6561986904425622,0.4749757563329192
0.6582739783182572,0.4742882538997902
0.660343223279348,0.4735927055481209
0.6624063642646327,0.472889176072305
0.6644633410890809,0.4721777307728697
0.6665140944482921,0.471458435442686
0.668558565922708,0.4707313563531541
0.6705966979815768,0.469996560240373
0.6726284339866706,0.4692541142912971
0.674653718195757,0.4685040861298832
0.6766724957658272,0.4677465438032374
0.6786847127560794,0.4669815557677598
0.6806903161306601,0.4662091908753002
0.6826892537611639,0.4654295183593206
0.6846814744288944,0.4646426078210754
0.686666927826885,0.4638485292158125
0.688645564561685,0.4630473528389976
0.6906173361549092,0.4622391493125678
0.6925821950445537,0.4614239895712202
0.6945400945860813,0.4606019448487366
0.6964909890532764,0.4597730866643513
0.6984348336388724,0.4589374868091655
0.7003715844549523,0.4580952173326107
0.7023011985331281,0.4572463505289678
0.7042236338244969,0.4563909589239448
0.7061388491993775,0.4555291152613149
0.7080468044468332,0.4546608924896237
0.7099474602739763,0.4537863637489641
0.7118407783050645,0.4529056023578252
0.7137267210803859,0.4520186818000191
0.7156052520549371,0.451125675711688
0.7174763355969001,0.4502266578683947
0.7193399369859136,0.4493217021723027
0.7211960224111509,0.4484108826394445
0.7230445589691977,0.447494273387086
0.7248855146617401,0.4465719486211872
0.7267188583930619,0.4456439826239626
0.7285445599673548,0.444710449741546
0.7303625900858455,0.44377142437176
0.7321729203437416,0.4428269809519951
0.7339755232270003,0.4418771939472001
0.7357703721089227,0.4409221378379863
0.7375574412465761,0.439961887108849
0.739336705777049,0.4389965162365077
0.7411081417135418,0.4380260996783669
0.7428717259412937,0.4370507118611033
0.7446274362133541,0.4360704271693752
0.7463752511461975,0.435085319934663
0.7481151502151864,0.4340954644242387
0.749847113749887,0.4331009348302668
0.7515711229292394,0.4321018052590402
0.7532871597765863,0.4310981497203509
0.7549952071545634,0.4300900421169983
0.7566952487598553,0.4290775562344364
0.7583872691178202,0.4280607657305621
0.7600712535769854,0.4270397441256439
0.76174718830342,0.4260145647923954
0.7634150602749854,0.4249853009461925
0.7650748572754683,0.4239520256354368
0.7667265678885999,0.4229148117320652
0.7683701814919627,0.4218737319222081
0.7700056882507913,0.4208288586969964
0.7716330791116698,0.4197802643435174
0.7732523457961256,0.4187280209359229
0.7748634807941286,0.4176722003266864
0.7764664773574959,0.4166128741380146
0.7780613294932042,0.4155501137534097
0.7796480319566172,0.4144839903093855
0.7812265802446283,0.4134145746873369
0.7827969705887212,0.4123419375055635
0.7843591999479557,0.4112661491114466
0.7859132660018773,0.4101872795737816
0.7874591671433572,0.4091053986752649
0.7889969024713633,0.4080205759051342
0.7905264717836684,0.406932880451965
0.7920478755694962,0.4058423811966218
0.7935611150021086,0.4047491467053622
0.7950661919313393,0.4036532452230975
0.7965631088760743,0.4025547446668064
0.7980518690166841,0.401453712619103
0.7995324761874093,0.4003502163219586
0.8010049348687042,0.3992443226705762
0.8024692501795394,0.3981360982074185
0.8039254278696687,0.397025609116388
0.8053734743118599,0.3959129212171583
0.8068133964940963,0.3947980999596584
0.8082452020117482,0.3936812104187048
0.8096688990597191,0.392562317288786
0.8110844964245686,0.3914414848789951
0.8124920034766163,0.39031877710811
0.813891430162026,0.3891942574998222
0.8152827869948758,0.3880679891781126
0.8166660850492162,0.3869400348627712
0.8180413359511172,0.385810456865063
0.8194085518707087,0.3846793170835375
0.8207677455142153,0.3835466769999807
0.8221189301159891,0.3824125976755086
0.823462119430542,0.3812771397468012
0.8247973277245789,0.3801403634224765
0.8261245697690376,0.3790023284796021
0.8274438608311326,0.3778630942603443
0.8287552166664103,0.3767227196687528
0.8300586535108136,0.3755812631676781
0.8313541880727588,0.3744387827758267
0.8326418375252288,0.3732953360649438
0.8339216194978832,0.3721509801571278
0.8351935520691878,0.3710057717222749
0.8364576537585634,0.3698597669756508
0.83771394351856,0.3687130216755883
0.8389624407270531,0.3675655911213113
0.8402031651794687,0.36641753015088
0.8414361370810347,0.3652688931392609
0.8426613770390639,0.3641197339965145
0.8438789060552667,0.3629701061661043
0.8450887455180999,0.3618200626233214
0.8462909171951463,0.3606696558738264
0.847485443225535,0.3595189379523053
0.8486723461123957,0.3583679604212377
0.8498516487153551,0.3572167743697765
0.851023374243072,0.3560654304127377
0.8521875462458157,0.3549139786896979
0.8533441886080875,0.3537624688641975
0.8544933255412853,0.3526109501230504
0.855634981576417,0.3514594711757552
0.8567691815568583,0.3503080802540093
0.8578959506311602,0.3491568251113217
0.8590153142459046,0.3480057530227258
0.8601272981386116,0.3468549107845867
0.8612319283306974,0.3457043447145059
0.862329231120485,0.3445541006513173
0.8634192330762679,0.343404223955177
0.8645019610294279,0.3422547595077408
0.8655774420676091,0.3411057517124328
0.8666457035279472,0.339957244494799
0.867706772990355,0.3388092813029471
0.8687606782708666,0.3376619051080688
0.869807447415039,0.3365151584050459
0.8708471086914141,0.3353690832131348
0.8718796905850381,0.3342237210767308
0.8729052217910435,0.3330791130662095
0.87392373120829,0.3319352997788431
0.8749352479330692,0.3307923213397915
0.8759398012528685,0.3296502174031646
0.8769374206401994,0.3285090271531566
0.8779281357464883,0.327368789305248
0.8789119763960305,0.3262295421074769
0.8798889725800078,0.3250913233417745
0.8808591544505701,0.3239541703253668
0.8818225523149833,0.3228181199122377
0.8827791966298385,0.3216832084946547
0.8837291179953294,0.320549472004754
0.8846723471495935,0.3194169459161842
0.8856089149631198,0.3182856652458064
0.8865388524332204,0.31715566455545
0.8874621906785706,0.3160269779537231
0.888378960933813,0.3148996390978747
0.8892891945442288,0.3137736811957078
0.8901929229604748,0.3126491370075424
0.8910901777333874,0.3115260388482275
0.8919809905088529,0.3104044185891986
0.8928653930227436,0.3092843076605814
0.8937434170959206,0.3081657370533393
0.8946150946293039,0.3070487373214642
0.8954804575990077,0.3059333385842076
0.896339538051543,0.3048195705283529
0.897192368099085,0.3037074624105258
0.8980389799148091,0.3025970430595419
0.8988794057282899,0.3014883408787914
0.8997136778209689,0.3003813838486578
0.900541828521686,0.2992761995289707
0.9013638902022775,0.2981728150614911
0.9021798952732392,0.2970712571724273
0.9029898761794541,0.2959715521749822
0.9037938653959872,0.2948737259719275
0.9045918954239416,0.2937778040582071
0.9053839987863818,0.2926838115235669
0.90617020802432,0.2915917730552092
0.9069505556927668,0.2905017129404718
0.9077250743568449,0.2894136550695307
0.9084937965879663,0.2883276229381244
0.9092567549600727,0.2872436396502992
0.9100139820459388,0.2861617279211751
0.910765510413536,0.2850819100797299
0.9115113726224613,0.284004208071602
0.9122516012204243,0.2829286434619095
0.9129862287397975,0.2818552374380857
0.9137152876942271,0.2807840108127296
0.9144388105753025,0.2797149840264703
0.9151568298492888,0.2786481771508448
0.9158693779539159,0.2775836098911877
0.9165764872952274,0.2765213015895326
0.9172781902444901,0.2754612712275233
0.9179745191351585,0.2744035374293362
0.9186655062598998,0.2733481184646088
0.9193511838676748,0.2722950322513793
0.9200315841608753,0.2712442963590305
0.9207067392925197,0.2701959280112414
0.9213766813635016,0.2691499440889448
0.9220414424198966,0.268106361133288
0.9227010544503224,0.2670651953485995
0.923355549383353,0.2660264626053571
0.9240049590849878,0.2649901784431601
0.9246493153561742,0.2639563580737023
0.9252886499303813,0.2629250163837469
0.9259229944712282,0.2618961679381013
0.926552380570162,0.2608698269825923
0.9271768397441894,0.2598460074470398
0.9277964034336567,0.2588247229482301
0.9284111030000813,0.2578059867928859
0.9290209697240337,0.2567898119806347
0.9296260348030665,0.2557762112069735
0.9302263293496938,0.2547651968662296
0.9308218843894188,0.2537567810545174
0.9314127308588068,0.2527509755726903
0.9319988996036087,0.2517477919292863
0.9325804213769273,0.2507472413434693
0.9331573268374326,0.2497493347479621
0.9337296465476203,0.2487540827919741
0.934297410972117,0.2477614958441203
0.9348606504760278,0.2467715839953335
0.9354193953233294,0.245784357061767
0.9359736756753051,0.2447998245876903
0.9365235215890236,0.243817995848373
0.9370689630158593,0.2428388798529621
0.9376100298000541,0.2418624853473471
0.9381467516773208,0.2408888208170155
0.9386791582734861,0.2399178944898976
0.9392072791031755,0.2389497143392
0.9397311435685349,0.2379842880862275
0.9402507809579935,0.2370216232031939
0.9407662204450637,0.2360617269160196
0.9412774910871803,0.2351046062071171
0.941784621824574,0.2341502678181644
0.9422876414791863,0.2331987182528644
0.942786578753616,0.232249963779691
0.9432814622301052,0.2313040104346224
0.9437723203695573,0.2303608640238592
0.9442591815105931,0.2294205301265299
0.9447420738686373,0.22848301409738
0.9452210255350427,0.2275483210694485
0.9456960644762443,0.2266164559567275
0.9461672185329477,0.2256874234568087
0.9466345154193493,0.2247612280535126
0.947097982722388,0.2238378740195037
0.947557647901029,0.2229173654188891
0.9480135382855764,0.2219997061098015
0.9484656810770185,0.2210848997469661
0.9489141033463995,0.2201729497842507
0.9493588320342244,0.2192638594772007
0.9497998939498897,0.2183576318855558
0.9502373157711429,0.2174542698757515
0.9506711240435705,0.2165537761234023
0.9511013451801132,0.2156561531157698
0.9515280054606075,0.2147614031542111
0.9519511310313539,0.2138695283566127
0.9523707479047113,0.2129805306598049
0.9527868819587165,0.2120944118219602
0.9531995589367293,0.2112111734249732
0.9536088044471009,0.2103308168768232
0.9540146439628689,0.2094533434139196
0.9544171028214734,0.2085787541034285
0.9548162062244977,0.2077070498455822
0.9552119792374322,0.2068382313759707
0.95560444678946,0.2059722992678147
0.9559936336732643,0.2051092539342214
0.9563795645448588,0.2042490956304214
0.9567622639234381,0.2033918244559879
0.9571417561912489,0.2025374403570381
0.9575180655934822,0.201685943128415
0.9578912162381849,0.200837332415853
0.9582612320961921,0.1999916077181239
0.9586281370010773,0.1991487683891647
0.9589919546491215,0.1983088136401878
0.9593527085993027,0.1974717425417725
0.9597104222733006,0.1966375540259379
0.9600651189555213,0.1958062468881984
0.9604168217931379,0.1949778197896004
0.9607655537961496,0.1941522712587406
0.9611113378374555,0.1933295996937663
0.9614541966529466,0.1925098033643576
0.9617941528416121,0.1916928804136913
0.9621312288656625,0.1908788288603864
0.9624654470506672,0.1900676466004316
0.9627968295857073,0.1892593314090954
0.9631253985235432,0.1884538809428164
0.9634511757807961,0.1876512927410779
0.9637741831381428,0.1868515642282622
0.9640944422405262,0.1860546927154887
0.9644119745973765,0.1852606754024333
0.9647268015828473,0.1844695093791299
0.9650389444360634,0.1836811916277547
0.9653484242613813,0.1828957190243921
0.965655262028662,0.1821130883407837
0.9659594785735548,0.1813332962460587
0.9662610945977939,0.1805563393084475
0.9665601306695041,0.179782213996978
0.966856607223521,0.179010916683154
0.967150544561717,0.1782424436426161
0.9674419628533428,0.1774767910567862
0.9677308821353744,0.1767139550144938
0.9680173223128735,0.1759539315135866
0.9683013031593556,0.1751967164625223
0.9685828443171677,0.1744423056819447
0.9688619652978756,0.1736906949062431
0.9691386854826599,0.172941879785094
0.9694130241227196,0.1721958558849868
0.9696850003396854,0.1714526186907327
0.9699546331260406,0.1707121636069574
0.9702219413455497,0.1699744859595767
0.9704869437336948,0.1692395809972569
0.970749658898119,0.1685074438928579
0.9710101053190777,0.1677780697448608
0.9712683013498967,0.167051453578779
0.9715242652174365,0.1663275903485547
0.9717780150225637,0.1656064749379373
0.9720295687406286,0.1648881021618484
0.9722789442219488,0.1641724667677296
0.972526159192299,0.163459563436876
0.972771231253406,0.1627493867857526
0.9730141778834499,0.1620419313672976
0.9732550164375704,0.1613371916722088
0.9734937641483776,0.1606351621302153
0.9737304381264693,0.1599358371113349
0.9739650553609513,0.1592392109271155
0.9741976327199634,0.1585452778318632
0.9744281869512098,0.1578540320238539
0.9746567346824935,0.1571654676465319
0.9748832924222541,0.1564795787896933
0.9751078765601118,0.1557963594906556
0.9753305033674118,0.1551158037354121
0.9755511889977757,0.1544379054597733
0.9757699494876535,0.1537626585504937
0.975986800756881,0.1530900568463847
0.9762017586092392,0.1524200941394139
0.9764148387330173,0.1517527641757909
0.9766260567015771,0.1510880606570388
0.9768354279739229,0.1504259772410534
0.9770429678952707,0.1497665075431479
0.9772486916976227,0.1491096451370852
0.977452614500342,0.1484553835560967
0.9776547513107304,0.1478037162938885
0.9778551170246081,0.1471546368056338
0.9780537264268957,0.1465081385089539
0.9782505941921963,0.1458642147848853
0.9784457348853823,0.1452228589788346
0.9786391629621802,0.1445840644015218
0.97883089276976,0.1439478243299098
0.9790209385473231,0.1433141320081232
0.9792093144266935,0.1426829806483535
0.9793960344329095,0.1420543634317535
0.9795811124848154,0.1414282735093196
0.9797645623956553,0.1408047040027614
0.9799463978736678,0.1401836480053612
0.980126632522679,0.1395650985828204
0.9803052798426997,0.1389490487740956
0.98048235323052,0.1383354915922224
0.9806578659803059,0.1377244200251294
0.9808318312841957,0.1371158270364392
0.9810042622328965,0.1365097055662601
0.9811751718162804,0.1359060485319655
0.9813445729239827,0.1353048488289638
0.9815124783459964,0.1347060993314569
0.9816789007732706,0.1341097928931876
0.9818438527983057,0.133515922348178
0.9820073469157493,0.1329244805114562
0.9821693955229922,0.132335460179773
0.9823300109207631,0.1317488541323092
0.9824892053137233,0.1311646551313719
0.9826469908110603,0.1305828559230813
0.9828033794270814,0.1300034492380478
0.9829583830818057,0.1294264277920388
0.9831120136015561,0.1288517842866364
0.9832642827195499,0.1282795114098853
0.9834152020764887,0.1277096018369316
0.9835647832211468,0.1271420482306513
0.9837130376109596,0.1265768432422709
0.9838599766126093,0.126013979511978
0.9840056115026111,0.1254534496695224
0.9841499534678974,0.12489524633481
0.9842930136063993,0.1243393621184859
0.98443480292763,0.1237857896225098
0.9845753323532639,0.1232345214407227
0.9847146127177149,0.1226855501594043
0.9848526547687145,0.1221388683578233
0.9849894691678872,0.1215944686087778
0.9851250664913235,0.1210523434791284
0.985259457230154,0.120512485530323
0.9853926517911188,0.1199748873189128
0.9855246604971364,0.1194395413970614
0.9856554935878726,0.1189064403130451
0.985785161220304,0.1183755766117457
0.9859136734692823,0.1178469428351357
0.9860410403280964,0.1173205315227552
0.9861672717090318,0.1167963352121825
0.9862923774439284,0.1162743464394958
0.9864163672847366,0.1157545577397285
0.9865392509040714,0.1152369616473166
0.9866610378957631,0.1147215506965394
0.9867817377754083,0.1142083174219529
0.9869013599809173,0.1136972543588155
0.9870199138730587,0.1131883540435078
0.9871374087360038,0.1126816090139451
0.987253853777867,0.1121770118099824
0.9873692581312455,0.1116745549738139
0.987483630853755,0.111174231050365
0.9875969809285648,0.1106760325876781
0.9877093172649301,0.1101799521372913
0.9878206486987209,0.1096859822546121
0.9879309839929509,0.1091941154992831
0.988040331838301,0.1087043444355426
0.9881487008536437,0.1082166616325784
0.9882560995865621,0.1077310596648761
0.9883625365138694,0.1072475311125607
0.9884680200421224,0.1067660685617327
0.9885725585081371,0.1062866646047985
0.9886761601794972,0.1058093118407939
0.9887788332550635,0.1053340028757034
0.9888805858654796,0.1048607303227731
0.9889814260736745,0.1043894868028177
0.9890813618753636,0.1039202649445223
0.9891804011995472,0.103453057384739
0.9892785519090059,0.1029878567687778
0.9893758218007936,0.102524655750692
0.9894722186067285,0.102063446993559
0.9895677499938804,0.1016042231697555
0.9896624235650567,0.1011469769612273
0.9897562468592852,0.1006917010597545
0.989849227352294,0.1002383881672119
0.9899413724569894,0.09978703099582394
0.9900326895239314,0.09933762226841501
0.9901231858418049,0.09889015471865506
0.9902128686378912,0.09844462109130034
0.9903017450785335,0.09800101414242962
0.9903898222696033,0.09755932663967577
0.9904771072569605,0.09711955136245258
0.9905636070269144,0.0966816811021774
0.9906493285066793,0.09624570866248922
0.990734278564829,0.09581162685946232
0.9908184640117483,0.09537942852181568
0.9909018916000816,0.09494910649111818
0.9909845680251792,0.09452065362198951
0.9910664999255407,0.09409406278229696
0.9911476938832561,0.09366932685334819
0.9912281564244435,0.09324643873008
0.9913078940196852,0.09282539132124278
0.9913869130844606,0.09240617754958159
0.9914652199795763,0.09198879035201306
0.9915428210115942,0.09157322267979837
0.9916197224332555,0.09115946749871263
0.9916959304439044,0.09074751778921063
0.9917714511899072,0.09033736654658875
0.9918462907650694,0.08992900678114325
0.9919204552110501,0.08952243151832522
0.9919939505177748,0.08911763379889177
0.9920667826238434,0.0887146066790539
0.9921389574169379,0.08831334323062089
0.9922104807342256,0.08791383654114132
0.9922813583627614,0.08751607971404099
0.9923515960398863,0.08712006586875699
0.9924211994536233,0.08672578814086934
0.9924901742430715,0.08633323968222871
0.992558525998797,0.08594241366108149
0.9926262602632218,0.0855533032621916
0.992693382531009,0.08516590168695909
0.9927598982494472,0.08478020215353611
0.9928258128188301,0.08439619789693958
0.9928911315928359,0.08401388216916109
0.9929558598789023,0.08363324823927379
0.9930200029386,0.08325428939353667
0.9930835659880035,0.08287699893549598
0.9931465541980586,0.08250137018608354
0.993208972694949,0.08212739648371302
0.9932708265604587,0.08175507118437275
0.9933321208323329,0.08138438766171663
0.9933928605046359,0.08101533930715182
0.9934530505281073,0.08064791952992445
0.9935126958105148,0.08028212175720223
0.9935718012170051,0.07991793943415502
0.9936303715704516,0.07955536602403276
0.9936884116518016,0.07919439500824092
0.9937459262004181,0.07883501988641389
0.993802919914422,0.07847723417648551
0.9938593974510299,0.07812103141475783
0.993915363426891,0.07776640515596728
0.9939708224184203,0.07741334897334864
0.9940257789621298,0.0770618564586969
0.9940802375549584,0.0767119212224269
0.9941342026545977,0.0763635368936308
0.9941876786798167,0.07601669712013361
0.9942406700107839,0.07567139556854627
0.9942931809893863,0.07532762592431716
0.9943452159195472,0.07498538189178129
0.9943967790675413,0.07464465719420765
0.9944478746623069,0.07430544557384448
0.9944985068957569,0.07396774079196279
0.9945486799230863,0.07363153662889783
0.9945983978630782,0.07329682688408894
0.9946476647984079,0.07296360537611718
0.9946964847759439,0.07263186594274161
0.9947448618070462,0.07230160244093349
0.9947927998678647,0.0719728087469088
0.9948403028996332,0.07164547875615918
0.9948873748089613,0.07131960638348091
0.9949340194681255,0.07099518556300262
0.9949802407153568,0.07067221024821095
0.9950260423551273,0.07035067441197487
0.995071428158433,0.07003057204656835
0.9951164018630759,0.06971189716369142
0.9951609671739443,0.06939464379448981
0.9952051277632885,0.06907880598957297
0.9952488872709979,0.06876437781903062
0.9952922493048728,0.06845135337244797
0.995335217440896,0.0681397267589193
0.9953777952235024,0.06782949210706037
0.9954199861658446,0.06752064356501923
0.9954617937500592,0.06721317530048575
0.9955032214275289,0.06690708150069985
0.9955442726191436,0.06660235637245834
0.995584950715559,0.06629899414212062
0.9956252590774539,0.06599698905561273
0.9956652010357846,0.06569633537843067
0.9957047798920378,0.06539702739564209
0.9957439989184816,0.06509905941188691
0.9957828613584149,0.06480242575137674
0.9958213704264134,0.06450712075789319
0.9958595293085752,0.06421313879478487
0.9958973411627641,0.0639204742449635
0.995934809118851,0.0636291215108987
0.9959719362789525,0.0633390750146117
0.996008725717669,0.06305032919766819
0.9960451804823195,0.06276287852116993
0.9960813035931765,0.06247671746574525
0.9961170980436974,0.06219184053153896
0.9961525668007537,0.06190824223820052
0.9961877128048603,0.06162591712487211
0.9962225389704013,0.06134485975017506
0.9962570481858549,0.06106506469219562
0.9962912433140164,0.06078652654846978
0.9963251271922181,0.06050923993596717
0.9963587026325502,0.06023319949107412
0.996391972422077,0.05995839986957566
0.9964249393230532,0.05968483574663689
0.9964576060731377,0.05941250181678338
0.9964899753856062,0.05914139279388072
0.9965220499495618,0.05887150341111336
0.9965538324301437,0.05860282842096262
0.996585325468734,0.05833536259518383
0.996616531683164,0.05806910072478277
0.9966474536679178,0.0578040376199914
0.9966780939943345,0.05754016811024281
0.9967084552108085,0.05727748704414542
0.9967385398429889,0.05701598928945649
0.9967683503939764,0.056755669733055
0.9967978893445192,0.05649652328091371
0.9968271591532077,0.05623854485807069
0.9968561622566658,0.05598172940860015
0.9968849010697431,0.05572607189558254
0.9969133779857032,0.05547156730107423
0.9969415953764127,0.05521821062607631
0.9969695555925264,0.05496599689050299
0.9969972609636729,0.05471492113314935
0.9970247137986376,0.0544649784116585
0.997051916385544,0.05421616380248814
0.9970788709920345,0.05396847240087663
0.9971055798654497,0.05372189932080851
0.9971320452330037,0.05347643969497944
0.9971582693019623,0.05323208867476067
0.9971842542598157,0.05298884143016298
0.9972100022744522,0.05274669314980012
0.9972355154943298,0.05250563904085177
0.9972607960486451,0.05226567432902607
0.9972858460475036,0.05202679425852154
0.997310667582086,0.05178899409198875
0.9973352627248138,0.0515522691104914
0.9973596335295144,0.05131661461346697
0.9973837820315843,0.0510820259186871
0.99740771024815,0.0508484983622173
0.9974314201782292,0.05061602729837649
0.9974549138028893,0.05038460809969603
0.9974781930854055,0.05015423615687836
0.9975012599714171,0.04992490687875532
0.9975241163890824,0.0496966156922461
0.9975467642492324,0.04946935804231473
0.9975692054455237,0.04924312939192735
0.9975914418545897,0.04901792522200921
0.9976134753361897,0.04879374103140077
0.9976353077333584,0.0485705723368145
0.9976569408725532,0.04834841467279048
0.9976783765638001,0.04812726359165203
0.9976996166008388,0.04790711466346103
0.9977206627612665,0.04768796347597291
0.9977415168066797,0.04746980563459142
0.9977621804828165,0.04725263676232311
0.9977826555196961,0.04703645249973139
0.997802943631758,0.04682124850489063
0.9978230465179992,0.04660702045333972
0.9978429658621111,0.0463937640380355
0.997862703332615,0.04618147496930605
0.9978822605829961,0.04597014897480352
0.9979016392518367,0.04575978179945701
0.9979208409629482,0.04555036920542499
0.9979398673255017,0.04534190697204759
0.9979587199341581,0.04513439089579886
0.9979774003691961,0.0449278167902385
0.997995910196641,0.0447221804859637
0.998014250968389,0.04451747783056064
0.9980324242223347,0.04431370468855581
0.9980504314824938,0.04411085694136725
0.9980682742591274,0.04390893048725557
0.9980859540488636,0.04370792124127477
0.998103472334818,0.04350782513522298
0.9981208305867155,0.04330863811759298
0.9981380302610074,0.04311035615352265
0.9981550728009908,0.04291297522474524
0.9981719596369243,0.0427164913295395
0.9981886921861455,0.04252090048267971
0.9982052718531846,0.04232619871538559
0.9982217000298795,0.04213238207527208
0.9982379780954879,0.04193944662629896
0.9982541074167995,0.04174738844872046
0.998270089348248,0.04155620363903478
0.9982859252320199,0.04136588830993334
0.9983016163981644,0.04117643859025014
0.9983171641647015,0.04098785062491094
0.998332569837729,0.04080012057488235
0.9983478347115294,0.04061324461712086
0.998362960068675,0.04042721894452187
0.9983779471801318,0.04024203976586848
0.9983927973053643,0.04005770330578037
0.9984075116924377,0.03987420580466259
0.9984220915781189,0.03969154351865423
0.9984365381879788,0.03950971271957712
0.9984508527364915,0.03932870969488442
0.9984650364271336,0.0391485307476092
0.9984790904524823,0.03896917219631298
0.9984930159943142,0.03879063037503422
0.9985068142236995,0.03861290163323679
0.9985204863011,0.03843598233575841
0.9985340333764631,0.03825986886275907
0.9985474565893159,0.03808455760966941
0.9985607570688582,0.0379100449871391
0.998573935934056,0.03773632742098522
0.9985869942937321,0.03756340135214057
0.9985999332466573,0.03739126323660211
0.9986127538816408,0.03721990954537918
0.9986254572776193,0.03704933676444192
0.9986380445037452,0.03687954139466962
0.9986505166194742,0.036710519951799
0.9986628746746535,0.0365422689663727
0.9986751197096067,0.03637478498368751
0.9986872527552192,0.03620806456374284
0.9986992748330238,0.03604210428118915
0.9987111869552845,0.03587690072527627
0.9987229901250786,0.03571245049980197
0.9987346853363805,0.03554875022306037
0.9987462735741429,0.03538579652779044
0.9987577558143778,0.03522358606112461
0.9987691330242369,0.03506211548453726
0.9987804061620913,0.03490138147379337
0.9987915761776101,0.03474138071889714
0.9988026440118392,0.03458210992404077
0.9988136105972781,0.03442356580755305
0.9988244768579577,0.03426574510184829
0.9988352437095153,0.03410864455337502
0.9988459120592712,0.03395226092256499
0.9988564828063027,0.03379659098378202
0.9988669568415189,0.03364163152527105
0.9988773350477339,0.03348737934910712
0.9988876182997397,0.03333383127114456
0.9988978074643786,0.03318098412096614
0.9989079034006144,0.03302883474183225
0.9989179069596037,0.03287737999063024
0.9989278189847662,0.03272661673782383
0.9989376403118543,0.03257654186740248
0.9989473717690226,0.03242715227683099
0.9989570141768954,0.03227844487699896
0.9989665683486354,0.03213041659217056
0.9989760350900115,0.03198306435993423
0.9989854151994635,0.03183638513115248
0.9989947094681703,0.0316903758699118
0.9990039186801145,0.03154503355347268
0.9990130436121469,0.0314003551722196
0.9990220850340519,0.03125633772961123
0.9990310437086101,0.03111297824213066
0.9990399203916626,0.03097027373923571
0.9990487158321725,0.03082822126330933
0.9990574307722884,0.03068681786961018
0.9990660659474045,0.03054606062622313
0.9990746220862227,0.03040594661401003
0.9990830999108122,0.03026647292656045
0.9990915001366701,0.03012763667014258
0.9990998234727806,0.02998943496365427
0.9991080706216733,0.02985186493857399
0.999116242279482,0.02971492373891213
0.9991243391360031,0.02957860852116226
0.9991323618747515,0.02944291645425245
0.9991403111730186,0.02930784471949687
0.999148187701928,0.02917339051054731
0.9991559921264913,0.02903955103334492
0.9991637251056634,0.028906323506072
0.9991713872923977,0.02877370515910397
0.9991789793336999,0.02864169323496134
0.9991865018706817,0.0285102849882619
0.9991939555386147,0.02837947768567296
0.9992013409669828,0.02824926860586369
0.9992086587795347,0.02811965503945765
0.999215909594336,0.02799063428898535
0.9992230940238205,0.02786220366883697
0.9992302126748408,0.02773436050521518
0.9992372661487198,0.02760710213608811
0.9992442550412997,0.02748042591114236
0.9992511799429923,0.02735432919173624
0.9992580414388285,0.02722880935085303
0.9992648401085056,0.02710386377305439
0.9992715765264377,0.02697948985443397
0.9992782512618016,0.02685568500257096
0.9992848648785857,0.026732446636484
0.9992914179356361,0.02660977218658496
0.999297910986704,0.02648765909463309
0.9993043445804909,0.0263661048136891
0.9993107192606955,0.02624510680806943
0.9993170355660582,0.02612466255330076
0.9993232940304064,0.02600476953607438
0.9993294951826992,0.02588542525420099
0.9993356395470712,0.02576662721656543
0.9993417276428764,0.02564837294308155
0.999347759984732,0.02553065996464733
0.9993537370825607,0.02541348582310001
0.9993596594416334,0.02529684807117139
0.9993655275626121,0.02518074427244321
0.9993713419415907,0.02506517200130283
0.9993771030701376,0.02495012884289881
0.9993828114353355,0.02483561239309674
0.9993884675198234,0.02472162025843526
0.9993940718018359,0.02460815005608205
0.9993996247552441,0.02449519941379013
0.9994051268495943,0.02438276596985411
0.9994105785501478,0.02427084737306678
0.9994159803179199,0.02415944128267562
0.9994213326097183,0.02404854536833961
0.9994266358781814,0.02393815731008607
0.9994318905718159,0.0238282747982677
0.9994370971350346,0.02371889553351969
0.9994422560081937,0.02361001722671704
0.9994473676276294,0.02350163759893196
0.9994524324256947,0.02339375438139139
0.9994574508307951,0.02328636531543472
0.9994624232674251,0.02317946815247162
0.9994673501562036,0.02307306065393992
0.9994722319139083,0.02296714059126379
0.9994770689535126,0.02286170574581193
0.9994818616842176,0.02275675390885588
0.9994866105114883,0.02265228288152862
0.9994913158370873,0.02254829047478311
0.9994959780591074,0.02244477450935111
0.9995005975720067,0.02234173281570207
0.9995051747666398,0.02223916323400217
0.9995097100302921,0.0221370636140735
0.9995142037467112,0.02203543181535337
0.9995186562961399,0.0219342657068538
0.9995230680553475,0.02183356316712102
0.9995274393976616,0.0217333220841953
0.999531770693,0.02163354035557075
0.9995360623079002,0.0215342158881553
0.9995403146055518,0.02143534659823092
0.9995445279458263,0.02133693041141378
0.9995487026853073,0.02123896526261476
0.9995528391773199,0.02114144909599992
0.9995569377719618,0.02104437986495125
0.9995609988161309,0.0209477555320274
0.9995650226535563,0.02085157406892476
0.9995690096248252,0.0207558334564384
0.9995729600674128,0.02066053168442345
0.999576874315711,0.02056566675175637
0.9995807527010547,0.02047123666629647
0.9995845955517517,0.02037723944484758
0.9995884031931086,0.02028367311311977
0.9995921759474594,0.02019053570569132
0.9995959141341916,0.02009782526597075
0.9995996180697737,0.02000553984615898
0.9996032880677815,0.01991367750721167
0.999606924438925,0.01982223631880166
0.9996105274910728,0.0197312143592816
0.9996140975292809,0.01964060971564663
0.9996176348558149,0.01955042048349728
0.9996211397701787,0.01946064476700243
0.9996246125691376,0.01937128067886251
0.9996280535467432,0.01928232634027265
0.9996314629943597,0.01919377988088623
0.9996348412006867,0.01910563943877832
0.9996381884517848,0.01901790316040936
0.9996415050310989,0.01893056920058903
0.9996447912194822,0.01884363572244011
0.9996480472952198,0.0187571008973626
0.999651273534052,0.01867096290499794
0.9996544702091984,0.01858521993319334
0.9996576375913795,0.01849987017796623
0.9996607759488403,0.01841491184346893
0.999663885547373,0.01833034314195333
0.9996669666503386,0.01824616229373581
0.9996700195186902,0.01816236752716224
0.999673044410994,0.0180789570785731
0.9996760415834512,0.01799592919226879
0.9996790112899202,0.01791328212047499
0.9996819537819376,0.01783101412330827
0.9996848693087388,0.01774912346874167
0.9996877581172799,0.01766760843257056
0.9996906204522584,0.01758646729837856
0.9996934565561331,0.01750569835750361
0.9996962666691449,0.01742529990900414
0.9996990510293376,0.01734527025962541
0.999701809872577,0.01726560772376595
0.9997045434325712,0.01718631062344418
0.9997072519408908,0.01710737728826508
0.9997099356269875,0.01702880605538705
0.9997125947182141,0.01695059526948887
0.9997152294398429,0.01687274328273686
0.9997178400150861,0.016795248454752
0.999720426665113,0.01671810915257739
0.9997229896090695,0.01664132375064566
0.9997255290640967,0.01656489063074665
0.9997280452453488,0.0164888081819951
0.9997305383660111,0.01641307480079852
0.9997330086373187,0.01633768889082519
0.999735456268574,0.01626264886297234
0.9997378814671629,0.01618795313533426
0.9997402844385754,0.01611360013317082
0.99974266538642,0.01603958828887586
0.9997450245124423,0.01596591604194588
0.9997473620165416,0.01589258183894876
0.9997496780967882,0.01581958413349261
0.9997519729494392,0.01574692138619482
0.9997542467689561,0.01567459206465113
0.9997564997480209,0.01560259464340491
0.9997587320775515,0.01553092760391652
0.9997609439467191,0.01545958943453277
0.9997631355429633,0.01538857863045657
0.9997653070520083,0.01531789369371667
0.9997674586578781,0.01524753313313749
0.9997695905429129,0.01517749546430911
0.9997717028877837,0.01510777920955735
0.9997737958715079,0.01503838289791407
0.9997758696714641,0.01496930506508741
0.9997779244634076,0.01490054425343233
0.9997799604214844,0.01483209901192114
0.9997819777182472,0.01476396789611424
0.9997839765246684,0.01469614946813094
0.999785957010156,0.01462864229662038
0.9997879193425667,0.0145614449567326
0.9997898636882211,0.01449455603008973
0.9997917902119166,0.01442797410475728
0.9997936990769425,0.01436169777521553
0.999795590445093,0.01429572564233111
0.9997974644766813,0.0142300563133286
0.9997993213305526,0.01416468840176233
0.9998011611640981,0.01409962052748824
0.9998029841332682,0.01403485131663591
0.9998047903925851,0.01397037940158062
0.9998065800951564,0.01390620342091561
0.9998083533926884,0.01384232201942445
0.9998101104354978,0.01377873384805343
0.9998118513725252,0.0137154375638842
0.9998135763513476,0.01365243183010641
0.9998152855181905,0.01358971531599054
0.999816979017941,0.01352728669686077
0.9998186569941593,0.01346514465406808
0.9998203195890909,0.01340328787496328
0.9998219669436788,0.01334171505287037
0.999823599197576,0.01328042488705983
0.9998252164891562,0.0132194160827221
0.9998268189555261,0.01315868735094122
0.9998284067325368,0.01309823740866842
0.9998299799547955,0.01303806497869604
0.9998315387556771,0.01297816878963135
0.9998330832673342,0.01291854757587064
0.9998346136207104,0.0128592000775733
0.9998361299455493,0.01280012504063611
0.9998376323704066,0.01274132121666756
0.9998391210226606,0.01268278736296229
0.9998405960285232,0.01262452224247572
0.9998420575130503,0.01256652462379867
0.9998435056001528,0.01250879328113213
0.9998449404126063,0.0124513269942622
0.9998463620720626,0.01239412454853504
0.9998477706990585,0.01233718473483198
0.9998491664130278,0.01228050634954474
0.9998505493323098,0.01222408819455071
0.99985191957416,0.01216792907718838
0.9998532772547603,0.01211202781023288
0.9998546224892279,0.01205638321187156
0.9998559553916262,0.01200099410567974
0.9998572760749738,0.01194585932059655
0.9998585846512537,0.01189097769090084
0.9998598812314234,0.01183634805618724
0.9998611659254245,0.01178196926134226
0.9998624388421909,0.01172784015652058
0.9998637000896592,0.01167395959712136
0.9998649497747769,0.01162032644376466
0.9998661880035123,0.01156693956226804
0.9998674148808629,0.01151379782362317
0.9998686305108642,0.01146090010397258
0.9998698349965986,0.01140824528458648
0.9998710284402048,0.01135583225183973
0.9998722109428856,0.01130365989718892
0.9998733826049165,0.01125172711714939
0.9998745435256546,0.01120003281327262
0.999875693803547,0.01114857589212343
0.9998768335361389,0.01109735526525752
0.9998779628200813,0.01104636984919893
0.9998790817511408,0.01099561856541771
0.9998801904242061,0.01094510034030764
0.9998812889332966,0.01089481410516401
0.9998823773715704,0.01084475879616159
0.9998834558313323,0.01079493335433262
0.9998845244040414,0.01074533672554492
0.9998855831803189,0.01069596786048008
0.9998866322499559,0.01064682571461176
0.9998876717019206,0.01059790924818412
0.9998887016243666,0.01054921742619023
0.9998897221046391,0.0105007492183507
0.9998907332292838,0.01045250359909235
0.999891735084053,0.01040447954752696
0.9998927277539138,0.01035667604743011
0.9998937113230544,0.01030909208722015
0.9998946858748918,0.01026172665993724
0.9998956514920788,0.01021457876322246
0.9998966082565109,0.01016764739929704
0.9998975562493333,0.01012093157494168
0.9998984955509475,0.01007443030147595
0.9998994262410186,0.01002814259473776
0.9999003483984816,0.00998206747506296
0.9999012621015483,0.009936203967265014
0.999902167427714,0.009890551100614736
0.9999030644537635,0.009845107908820155
0.9999039532557789,0.009799873430006456
0.999904833909144,0.009754846706695968
0.999905706488553,0.00971002678578833
0.9999065710680149,0.009665412718540621
0.9999074277208611,0.009621003560547705
0.9999082765197504,0.009576798371722563
0.9999091175366768,0.009532796216276755
0.9999099508429735,0.009488996162700991
0.9999107765093209,0.009445397283745707
0.9999115946057513,0.009401998656401823
0.9999124052016554,0.009358799361881515
0.9999132083657879,0.009315798485599111
0.999914004166274,0.009272995117152039
0.9999147926706137,0.009230388350301929
0.9999155739456892,0.009187977282955555
0.9999163480577699,0.009145761017146457
0.9999171150725171,0.009103738659015674
0.9999178750549914,0.009061909318793745
0.9999186280696565,0.009020272110781545
0.9999193741803855,0.008978826153332436
0.9999201134504663,0.008937570568833323
0.9999208459426069,0.008896504483686903
0.9999215717189406,0.008855627028292909
0.9999222908410308,0.008814937337030537
0.9999230033698776,0.008774434548239824
0.9999237093659215,0.008734117804204248
0.9999244088890491,0.00869398625113226
0.9999251019985984,0.008654039039140048
0.9999257887533637,0.008614275322233262
0.9999264692116,0.008574694258289746
0.999927143431029,0.008535295009041793
0.999927811468843,0.008496076740058669
0.9999284733817103,0.008457038620729189
0.99992912922578,0.008418179824244388
0.9999297790566865,0.008379499527580218
0.9999304229295539,0.008340996911480398
0.999931060899002,0.008302671160439267
0.9999316930191492,0.00826452146268475
0.9999323193436184,0.008226547010161407
0.9999329399255408,0.008188746998513522
0.9999335548175609,0.008151120627068303
0.9999341640718401,0.00811366709881914
0.9999347677400627,0.008076385620408938
0.9999353658734388,0.008039275402113522
0.9999359585227088,0.00800233565782513
0.9999365457381485,0.00796556560503596
0.9999371275695732,0.007928964464821803
0.9999377040663406,0.007892531461825737
0.9999382752773575,0.007856265824241917
0.9999388412510811,0.007820166783799412
0.9999394020355249,0.007784233575746118
0.9999399576782628,0.007748465438832763
0.9999405082264321,0.007712861615296957
0.9999410537267384,0.007677421350847332
0.9999415942254589,0.007642143894647738
0.9999421297684471,0.007607028499301531
0.9999426604011358,0.007572074420835897
0.9999431861685414,0.007537280918686285
0.9999437071152679,0.007502647255680882
0.9999442232855107,0.007468172698025162
0.9999447347230593,0.00743385651528652
0.9999452414713027,0.00739969798037895
0.9999457435732317,0.00736569636954782
0.9999462410714434,0.007331850962354676
0.9999467340081442,0.00729816104166216
0.9999472224251533,0.00726462589361896
0.9999477063639075,0.007231244807644845
0.9999481858654631,0.007198017076415764
0.9999486609705002,0.007164941995848996
0.9999491317193261,0.0071320188650884
0.9999495981518784,0.007099246986489701
0.9999500603077293,0.007066625665605845
0.9999505182260875,0.007034154211172446
0.9999509719458026,0.007001831935093263
0.9999514215053682,0.006969658152425758
0.9999518669429249,0.006937632181366733
0.9999523082962638,0.006905753343238
0.9999527456028294,0.00687402096247215
0.9999531788997233,0.006842434366598351
0.9999536082237068,0.00681099288622824
0.9999540336112043,0.006779695855041862
0.999954455098306,0.006748542609773672
0.9999548727207718,0.006717532490198604
0.9999552865140334,0.006686664839118216
0.999955696513198,0.006655939002346857
0.9999561027530509,0.006625354328697952
0.9999565052680583,0.006594910169970291
0.9999569040923708,0.006564605880934431
0.9999572992598256,0.006534440819319122
0.9999576908039501,0.006504414345797817
0.9999580787579642,0.006474525823975224
0.9999584631547831,0.006444774620373936
0.9999588440270205,0.006415160104421112
0.9999592214069911,0.006385681648435217
0.9999595953267135,0.006356338627612823
0.9999599658179125,0.006327130420015482
0.9999603329120219,0.006298056406556621
0.9999606966401883,0.006269115970988552
0.9999610570332715,0.006240308499889493
0.9999614141218495,0.006211633382650667
0.9999617679362194,0.006183090011463453
0.9999621185064008,0.006154677781306612
0.9999624658621378,0.006126396089933542
0.9999628100329021,0.006098244337859612
0.9999631510478952,0.006070221928349554
0.9999634889360511,0.006042328267404894
0.9999638237260381,0.006014562763751451
0.9999641554462619,0.005986924828826904
0.999964484124868,0.005959413876768388
0.9999648097897436,0.005932029324400166
0.9999651324685204,0.005904770591221361
0.9999654521885766,0.005877637099393723
0.9999657689770397,0.005850628273729462
0.9999660828607884,0.005823743541679145
0.9999663938664549,0.005796982333319629
0.9999667020204275,0.005770344081342073
0.9999670073488521,0.005743828221039967
0.9999673098776356,0.005717434190297264
0.9999676096324467,0.005691161429576517
0.9999679066387192,0.005665009381907103
0.9999682009216536,0.005638977492873494
0.9999684925062194,0.005613065210603563
0.9999687814171573,0.005587271985756969
0.999969067678981,0.005561597271513573
0.9999693513159797,0.005536040523561918
0.9999696323522196,0.005510601200087761
0.9999699108115464,0.005485278761762656
0.9999701867175876,0.005460072671732577
0.9999704600937533,0.005434982395606608
0.9999707309632399,0.005410007401445685
0.9999709993490301,0.005385147159751375
0.9999712652738968,0.005360401143454716
0.9999715287604036,0.005335768827905099
0.9999717898309076,0.00531124969085922
0.9999720485075608,0.005286843212470057
0.9999723048123118,0.005262548875275914
0.9999725587669086,0.005238366164189502
0.9999728103928991,0.005214294566487085
0.9999730597116343,0.005190333571797665
0.9999733067442691,0.005166482672092213
0.9999735515117645,0.005142741361672958
0.9999737940348892,0.005119109137162721
0.9999740343342219,0.005095585497494292
0.9999742724301524,0.005072169943899862
0.9999745083428833,0.005048861979900504
0.9999747420924325,0.005025661111295694
0.9999749736986341,0.005002566846152886
0.9999752031811401,0.004979578694797131
0.999975430559423,0.004956696169800748
0.9999756558527759,0.004933918785973033
0.9999758790803158,0.004911246060350023
0.9999761002609843,0.004888677512184306
0.9999763194135489,0.004866212662934869
0.9999765365566055,0.004843851036257004
0.9999767517085789,0.004821592157992248
0.9999769648877258,0.004799435556158379
0.9999771761121351,0.004777380760939452
0.9999773853997298,0.004755427304675877
0.9999775927682686,0.004733574721854551
0.9999777982353475,0.004711822549099033
0.9999780018184011,0.004690170325159751
0.9999782035347041,0.00466861759090427
0.9999784034013729,0.004647163889307595
0.9999786014353669,0.004625808765442526
0.9999787976534904,0.004604551766470045
0.999978992072393,0.004583392441629753
0.9999791847085719,0.004562330342230357
0.9999793755783736,0.004541365021640187
0.9999795646979935,0.004520496035277767
0.9999797520834798,0.004499722940602425
0.9999799377507326,0.004479045297104941
0.999980121715507,0.004458462666298252
0.9999803039934132,0.004437974611708176
0.9999804845999182,0.004417580698864204
0.9999806635503475,0.004397280495290315
0.9999808408598858,0.004377073570495839
0.999981016543579,0.004356959495966369
0.9999811906163344,0.004336937845154696
0.9999813630929232,0.004317008193471809
0.999981533987981,0.004297170118277913
0.9999817033160091,0.004277423198873507
0.9999818710913759,0.004257767016490485
0.9999820373283183,0.004238201154283298
0.9999822020409421,0.004218725197320135
0.9999823652432244,0.004199338732574159
0.9999825269490138,0.004180041348914776
0.999982687172032,0.004160832637098951
0.9999828459258749,0.004141712189762547
0.9999830032240137,0.004122679601411729
0.9999831590797962,0.004103734468414384
0.9999833135064475,0.004084876388991586
0.999983466517072,0.004066104963209116
0.9999836181246536,0.004047419792968993
0.999983768342057,0.004028820482001071
0.9999839171820294,0.004010306635854651
0.9999840646572005,0.003991877861890147
0.9999842107800849,0.003973533769270786
0.9999843555630821,0.003955273968954342
0.9999844990184777,0.003937098073684908
0.9999846411584451,0.003919005697984718
0.9999847819950459,0.003900996458145982
0.9999849215402309,0.003883069972222783
0.9999850598058416,0.003865225860022995
0.9999851968036109,0.003847463743100249
0.9999853325451641,0.003829783244745919
0.9999854670420197,0.003812183989981167
0.9999856003055908,0.003794665605549008
0.9999857323471861,0.003777227719906417
0.9999858631780101,0.003759869963216464
0.9999859928091647,0.003742591967340504
0.9999861212516502,0.003725393365830381
0.999986248516366,0.003708273793920679
0.9999863746141116,0.003691232888521013
0.9999864995555872,0.003674270288208336
0.9999866233513951,0.003657385633219307
0.9999867460120406,0.003640578565442671
0.9999868675479323,0.003623848728411687
0.9999869879693835,0.003607195767296588
0.9999871072866129,0.003590619328897072
0.9999872255097457,0.003574119061634832
0.9999873426488139,0.003557694615546116
0.999987458713758,0.00354134564227432
0.9999875737144271,0.003525071795062625
0.9999876876605798,0.003508872728746656
0.9999878005618854,0.003492748099747174
0.9999879124279248,0.003476697566062816
0.9999880232681905,0.003460720787262847
0.9999881330920886,0.003444817424479969
0.9999882419089382,0.003428987140403139
0.9999883497279738,0.003413229599270435
0.9999884565583448,0.003397544466861954
0.9999885624091163,0.003381931410492735
0.999988667289271,0.003366390099005719
0.9999887712077089,0.003350920202764741
0.9999888741732484,0.003335521393647554
0.9999889761946272,0.003320193345038887
0.9999890772805027,0.003304935731823523
0.9999891774394529,0.003289748230379433
0.9999892766799772,0.003274630518570908
0.9999893750104972,0.003259582275741759
0.9999894724393572,0.003244603182708515
0.9999895689748249,0.003229692921753675
0.9999896646250922,0.003214851176618978
0.9999897593982759,0.003200077632498717
0.9999898533024187,0.00318537197603306
0.9999899463454892,0.003170733895301432
0.9999900385353829,0.003156163079815903
0.999990129879923,0.003141659220514616
